id_transaction,label
TX000000,normal
TX000001,normal
TX000002,normal
TX000003,normal
TX000004,normal
TX000005,normal
TX000006,normal
TX000007,normal
TX000008,normal
TX000009,normal
TX000010,normal
TX000011,normal
TX000012,normal
TX000013,normal
TX000014,normal
TX000015,normal
TX000016,normal
TX000017,normal
TX000018,normal
TX000019,normal
TX000020,normal
TX000021,normal
TX000022,normal
TX000023,normal
TX000024,normal
TX000025,normal
TX000026,normal
TX000027,normal
TX000028,normal
TX000029,normal
TX000030,normal
TX000031,normal
TX000032,normal
TX000033,normal
TX000034,normal
TX000035,normal
TX000036,normal
TX000037,normal
TX000038,normal
TX000039,normal
TX000040,normal
TX000041,normal
TX000042,normal
TX000043,normal
TX000044,normal
TX000045,normal
TX000046,normal
TX000047,normal
TX000048,normal
TX000049,normal
TX000050,normal
TX000051,normal
TX000052,normal
TX000053,normal
TX000054,normal
TX000055,normal
TX000056,normal
TX000057,normal
TX000058,normal
TX000059,normal
TX000060,normal
TX000061,normal
TX000062,normal
TX000063,normal
TX000064,normal
TX000065,normal
TX000066,normal
TX000067,normal
TX000068,normal
TX000069,normal
TX000070,normal
TX000071,sim_swap
TX000072,normal
TX000073,normal
TX000074,normal
TX000075,normal
TX000076,normal
TX000077,sim_swap
TX000078,normal
TX000079,normal
TX000080,normal
TX000081,sim_swap
TX000082,normal
TX000083,normal
TX000084,normal
TX000085,normal
TX000086,normal
TX000087,normal
TX000088,normal
TX000089,normal
TX000090,normal
TX000091,normal
TX000092,normal
TX000093,normal
TX000094,normal
TX000095,normal
TX000096,normal
TX000097,normal
TX000098,normal
TX000099,normal
TX000100,normal
TX000101,normal
TX000102,normal
TX000103,normal
TX000104,normal
TX000105,normal
TX000106,normal
TX000107,normal
TX000108,normal
TX000109,faux_marchand
TX000110,normal
TX000111,normal
TX000112,normal
TX000113,normal
TX000114,normal
TX000115,normal
TX000116,normal
TX000117,normal
TX000118,normal
TX000119,normal
TX000120,normal
TX000121,normal
TX000122,normal
TX000123,normal
TX000124,normal
TX000125,normal
TX000126,normal
TX000127,normal
TX000128,normal
TX000129,normal
TX000130,normal
TX000131,normal
TX000132,normal
TX000133,normal
TX000134,normal
TX000135,normal
TX000136,normal
TX000137,normal
TX000138,normal
TX000139,normal
TX000140,normal
TX000141,normal
TX000142,normal
TX000143,normal
TX000144,normal
TX000145,normal
TX000146,normal
TX000147,normal
TX000148,normal
TX000149,normal
TX000150,normal
TX000151,normal
TX000152,normal
TX000153,normal
TX000154,normal
TX000155,normal
TX000156,normal
TX000157,normal
TX000158,normal
TX000159,normal
TX000160,normal
TX000161,normal
TX000162,normal
TX000163,faux_marchand
TX000164,normal
TX000165,normal
TX000166,normal
TX000167,normal
TX000168,normal
TX000169,normal
TX000170,normal
TX000171,normal
TX000172,normal
TX000173,normal
TX000174,normal
TX000175,normal
TX000176,normal
TX000177,normal
TX000178,normal
TX000179,normal
TX000180,normal
TX000181,normal
TX000182,normal
TX000183,normal
TX000184,normal
TX000185,normal
TX000186,normal
TX000187,normal
TX000188,normal
TX000189,normal
TX000190,normal
TX000191,normal
TX000192,normal
TX000193,normal
TX000194,normal
TX000195,normal
TX000196,normal
TX000197,normal
TX000198,sim_swap
TX000199,normal
TX000200,normal
TX000201,normal
TX000202,normal
TX000203,normal
TX000204,normal
TX000205,normal
TX000206,normal
TX000207,normal
TX000208,normal
TX000209,normal
TX000210,normal
TX000211,normal
TX000212,normal
TX000213,normal
TX000214,normal
TX000215,normal
TX000216,normal
TX000217,normal
TX000218,normal
TX000219,compte_mule
TX000220,normal
TX000221,normal
TX000222,normal
TX000223,normal
TX000224,normal
TX000225,faux_marchand
TX000226,normal
TX000227,normal
TX000228,normal
TX000229,normal
TX000230,normal
TX000231,faux_marchand
TX000232,normal
TX000233,normal
TX000234,normal
TX000235,normal
TX000236,normal
TX000237,normal
TX000238,normal
TX000239,normal
TX000240,normal
TX000241,normal
TX000242,normal
TX000243,normal
TX000244,normal
TX000245,normal
TX000246,normal
TX000247,normal
TX000248,normal
TX000249,normal
TX000250,normal
TX000251,normal
TX000252,normal
TX000253,normal
TX000254,normal
TX000255,normal
TX000256,normal
TX000257,normal
TX000258,normal
TX000259,normal
TX000260,normal
TX000261,normal
TX000262,normal
TX000263,normal
TX000264,normal
TX000265,normal
TX000266,normal
TX000267,normal
TX000268,normal
TX000269,normal
TX000270,normal
TX000271,normal
TX000272,normal
TX000273,normal
TX000274,normal
TX000275,normal
TX000276,normal
TX000277,normal
TX000278,normal
TX000279,normal
TX000280,normal
TX000281,normal
TX000282,normal
TX000283,normal
TX000284,normal
TX000285,normal
TX000286,normal
TX000287,normal
TX000288,normal
TX000289,normal
TX000290,normal
TX000291,normal
TX000292,normal
TX000293,normal
TX000294,normal
TX000295,normal
TX000296,normal
TX000297,normal
TX000298,normal
TX000299,normal
TX000300,normal
TX000301,normal
TX000302,normal
TX000303,normal
TX000304,normal
TX000305,normal
TX000306,normal
TX000307,normal
TX000308,normal
TX000309,normal
TX000310,normal
TX000311,normal
TX000312,normal
TX000313,normal
TX000314,normal
TX000315,normal
TX000316,normal
TX000317,normal
TX000318,normal
TX000319,normal
TX000320,sim_swap
TX000321,normal
TX000322,normal
TX000323,normal
TX000324,normal
TX000325,normal
TX000326,normal
TX000327,normal
TX000328,normal
TX000329,normal
TX000330,normal
TX000331,normal
TX000332,normal
TX000333,normal
TX000334,normal
TX000335,normal
TX000336,normal
TX000337,normal
TX000338,normal
TX000339,normal
TX000340,normal
TX000341,normal
TX000342,normal
TX000343,normal
TX000344,normal
TX000345,normal
TX000346,normal
TX000347,normal
TX000348,normal
TX000349,normal
TX000350,normal
TX000351,normal
TX000352,normal
TX000353,normal
TX000354,normal
TX000355,normal
TX000356,normal
TX000357,normal
TX000358,normal
TX000359,normal
TX000360,normal
TX000361,normal
TX000362,normal
TX000363,sim_swap
TX000364,normal
TX000365,normal
TX000366,normal
TX000367,normal
TX000368,normal
TX000369,normal
TX000370,normal
TX000371,normal
TX000372,normal
TX000373,normal
TX000374,normal
TX000375,normal
TX000376,normal
TX000377,normal
TX000378,normal
TX000379,normal
TX000380,normal
TX000381,normal
TX000382,normal
TX000383,normal
TX000384,normal
TX000385,normal
TX000386,normal
TX000387,normal
TX000388,normal
TX000389,normal
TX000390,normal
TX000391,normal
TX000392,normal
TX000393,normal
TX000394,normal
TX000395,normal
TX000396,normal
TX000397,normal
TX000398,normal
TX000399,normal
TX000400,normal
TX000401,normal
TX000402,normal
TX000403,normal
TX000404,normal
TX000405,normal
TX000406,normal
TX000407,normal
TX000408,normal
TX000409,normal
TX000410,normal
TX000411,normal
TX000412,normal
TX000413,normal
TX000414,normal
TX000415,normal
TX000416,normal
TX000417,normal
TX000418,normal
TX000419,normal
TX000420,normal
TX000421,normal
TX000422,normal
TX000423,normal
TX000424,normal
TX000425,normal
TX000426,normal
TX000427,normal
TX000428,normal
TX000429,normal
TX000430,normal
TX000431,normal
TX000432,normal
TX000433,normal
TX000434,normal
TX000435,normal
TX000436,normal
TX000437,normal
TX000438,normal
TX000439,normal
TX000440,normal
TX000441,normal
TX000442,normal
TX000443,normal
TX000444,normal
TX000445,normal
TX000446,normal
TX000447,normal
TX000448,normal
TX000449,normal
TX000450,normal
TX000451,normal
TX000452,normal
TX000453,normal
TX000454,normal
TX000455,normal
TX000456,normal
TX000457,normal
TX000458,normal
TX000459,normal
TX000460,normal
TX000461,normal
TX000462,normal
TX000463,normal
TX000464,normal
TX000465,normal
TX000466,normal
TX000467,normal
TX000468,normal
TX000469,normal
TX000470,normal
TX000471,normal
TX000472,normal
TX000473,normal
TX000474,normal
TX000475,normal
TX000476,normal
TX000477,normal
TX000478,normal
TX000479,normal
TX000480,normal
TX000481,normal
TX000482,normal
TX000483,normal
TX000484,normal
TX000485,normal
TX000486,normal
TX000487,normal
TX000488,normal
TX000489,normal
TX000490,normal
TX000491,normal
TX000492,normal
TX000493,normal
TX000494,normal
TX000495,normal
TX000496,normal
TX000497,normal
TX000498,normal
TX000499,normal
TX000500,normal
TX000501,normal
TX000502,normal
TX000503,normal
TX000504,normal
TX000505,normal
TX000506,normal
TX000507,normal
TX000508,normal
TX000509,normal
TX000510,normal
TX000511,normal
TX000512,normal
TX000513,normal
TX000514,normal
TX000515,normal
TX000516,normal
TX000517,normal
TX000518,normal
TX000519,normal
TX000520,normal
TX000521,normal
TX000522,compte_mule
TX000523,normal
TX000524,normal
TX000525,normal
TX000526,normal
TX000527,normal
TX000528,normal
TX000529,normal
TX000530,normal
TX000531,normal
TX000532,normal
TX000533,normal
TX000534,normal
TX000535,normal
TX000536,normal
TX000537,normal
TX000538,normal
TX000539,normal
TX000540,normal
TX000541,normal
TX000542,normal
TX000543,normal
TX000544,normal
TX000545,normal
TX000546,normal
TX000547,normal
TX000548,normal
TX000549,normal
TX000550,normal
TX000551,normal
TX000552,normal
TX000553,normal
TX000554,normal
TX000555,normal
TX000556,normal
TX000557,normal
TX000558,normal
TX000559,normal
TX000560,normal
TX000561,normal
TX000562,normal
TX000563,normal
TX000564,normal
TX000565,normal
TX000566,normal
TX000567,normal
TX000568,normal
TX000569,normal
TX000570,normal
TX000571,normal
TX000572,normal
TX000573,normal
TX000574,normal
TX000575,normal
TX000576,normal
TX000577,normal
TX000578,normal
TX000579,normal
TX000580,normal
TX000581,normal
TX000582,normal
TX000583,normal
TX000584,normal
TX000585,normal
TX000586,normal
TX000587,normal
TX000588,normal
TX000589,normal
TX000590,normal
TX000591,normal
TX000592,normal
TX000593,normal
TX000594,normal
TX000595,normal
TX000596,normal
TX000597,normal
TX000598,normal
TX000599,normal
TX000600,normal
TX000601,normal
TX000602,normal
TX000603,normal
TX000604,normal
TX000605,normal
TX000606,normal
TX000607,normal
TX000608,normal
TX000609,normal
TX000610,normal
TX000611,normal
TX000612,normal
TX000613,normal
TX000614,normal
TX000615,normal
TX000616,normal
TX000617,normal
TX000618,normal
TX000619,normal
TX000620,normal
TX000621,normal
TX000622,normal
TX000623,normal
TX000624,normal
TX000625,normal
TX000626,normal
TX000627,normal
TX000628,normal
TX000629,normal
TX000630,normal
TX000631,normal
TX000632,normal
TX000633,normal
TX000634,normal
TX000635,normal
TX000636,normal
TX000637,normal
TX000638,normal
TX000639,normal
TX000640,normal
TX000641,normal
TX000642,normal
TX000643,normal
TX000644,normal
TX000645,normal
TX000646,normal
TX000647,normal
TX000648,normal
TX000649,normal
TX000650,normal
TX000651,normal
TX000652,normal
TX000653,normal
TX000654,normal
TX000655,normal
TX000656,normal
TX000657,normal
TX000658,normal
TX000659,normal
TX000660,normal
TX000661,normal
TX000662,normal
TX000663,normal
TX000664,normal
TX000665,normal
TX000666,normal
TX000667,normal
TX000668,normal
TX000669,normal
TX000670,normal
TX000671,normal
TX000672,normal
TX000673,normal
TX000674,normal
TX000675,normal
TX000676,normal
TX000677,normal
TX000678,normal
TX000679,normal
TX000680,normal
TX000681,normal
TX000682,normal
TX000683,normal
TX000684,normal
TX000685,normal
TX000686,normal
TX000687,normal
TX000688,normal
TX000689,normal
TX000690,normal
TX000691,normal
TX000692,normal
TX000693,normal
TX000694,normal
TX000695,normal
TX000696,normal
TX000697,normal
TX000698,normal
TX000699,normal
TX000700,normal
TX000701,normal
TX000702,normal
TX000703,normal
TX000704,normal
TX000705,normal
TX000706,normal
TX000707,normal
TX000708,normal
TX000709,normal
TX000710,normal
TX000711,normal
TX000712,normal
TX000713,normal
TX000714,normal
TX000715,normal
TX000716,normal
TX000717,normal
TX000718,normal
TX000719,normal
TX000720,normal
TX000721,normal
TX000722,normal
TX000723,normal
TX000724,normal
TX000725,normal
TX000726,normal
TX000727,normal
TX000728,normal
TX000729,normal
TX000730,normal
TX000731,normal
TX000732,normal
TX000733,normal
TX000734,faux_marchand
TX000735,normal
TX000736,normal
TX000737,normal
TX000738,normal
TX000739,normal
TX000740,normal
TX000741,normal
TX000742,normal
TX000743,normal
TX000744,normal
TX000745,normal
TX000746,normal
TX000747,normal
TX000748,normal
TX000749,normal
TX000750,normal
TX000751,normal
TX000752,normal
TX000753,normal
TX000754,normal
TX000755,normal
TX000756,normal
TX000757,normal
TX000758,normal
TX000759,normal
TX000760,normal
TX000761,normal
TX000762,faux_marchand
TX000763,normal
TX000764,normal
TX000765,normal
TX000766,normal
TX000767,normal
TX000768,normal
TX000769,normal
TX000770,normal
TX000771,normal
TX000772,normal
TX000773,normal
TX000774,normal
TX000775,normal
TX000776,normal
TX000777,normal
TX000778,normal
TX000779,normal
TX000780,normal
TX000781,normal
TX000782,normal
TX000783,normal
TX000784,normal
TX000785,normal
TX000786,normal
TX000787,normal
TX000788,normal
TX000789,normal
TX000790,normal
TX000791,normal
TX000792,normal
TX000793,normal
TX000794,normal
TX000795,normal
TX000796,normal
TX000797,normal
TX000798,normal
TX000799,normal
TX000800,normal
TX000801,normal
TX000802,normal
TX000803,normal
TX000804,normal
TX000805,normal
TX000806,normal
TX000807,normal
TX000808,normal
TX000809,normal
TX000810,normal
TX000811,normal
TX000812,normal
TX000813,normal
TX000814,normal
TX000815,normal
TX000816,normal
TX000817,normal
TX000818,normal
TX000819,normal
TX000820,normal
TX000821,normal
TX000822,normal
TX000823,normal
TX000824,normal
TX000825,normal
TX000826,normal
TX000827,normal
TX000828,normal
TX000829,normal
TX000830,normal
TX000831,normal
TX000832,normal
TX000833,normal
TX000834,normal
TX000835,normal
TX000836,normal
TX000837,normal
TX000838,normal
TX000839,normal
TX000840,normal
TX000841,normal
TX000842,normal
TX000843,normal
TX000844,normal
TX000845,normal
TX000846,normal
TX000847,normal
TX000848,normal
TX000849,normal
TX000850,normal
TX000851,normal
TX000852,normal
TX000853,normal
TX000854,normal
TX000855,normal
TX000856,normal
TX000857,normal
TX000858,normal
TX000859,normal
TX000860,normal
TX000861,normal
TX000862,normal
TX000863,normal
TX000864,normal
TX000865,normal
TX000866,normal
TX000867,normal
TX000868,normal
TX000869,normal
TX000870,normal
TX000871,normal
TX000872,normal
TX000873,normal
TX000874,normal
TX000875,normal
TX000876,normal
TX000877,normal
TX000878,normal
TX000879,normal
TX000880,normal
TX000881,normal
TX000882,normal
TX000883,normal
TX000884,normal
TX000885,normal
TX000886,normal
TX000887,normal
TX000888,normal
TX000889,normal
TX000890,normal
TX000891,normal
TX000892,normal
TX000893,normal
TX000894,normal
TX000895,normal
TX000896,normal
TX000897,normal
TX000898,normal
TX000899,normal
TX000900,normal
TX000901,normal
TX000902,normal
TX000903,normal
TX000904,normal
TX000905,normal
TX000906,normal
TX000907,normal
TX000908,normal
TX000909,normal
TX000910,normal
TX000911,normal
TX000912,normal
TX000913,normal
TX000914,normal
TX000915,normal
TX000916,normal
TX000917,normal
TX000918,normal
TX000919,normal
TX000920,normal
TX000921,normal
TX000922,normal
TX000923,normal
TX000924,normal
TX000925,normal
TX000926,normal
TX000927,normal
TX000928,normal
TX000929,normal
TX000930,normal
TX000931,normal
TX000932,normal
TX000933,normal
TX000934,compte_mule
TX000935,normal
TX000936,normal
TX000937,normal
TX000938,normal
TX000939,normal
TX000940,normal
TX000941,normal
TX000942,normal
TX000943,normal
TX000944,normal
TX000945,normal
TX000946,normal
TX000947,normal
TX000948,normal
TX000949,normal
TX000950,normal
TX000951,normal
TX000952,normal
TX000953,normal
TX000954,normal
TX000955,normal
TX000956,normal
TX000957,normal
TX000958,normal
TX000959,normal
TX000960,normal
TX000961,normal
TX000962,normal
TX000963,normal
TX000964,normal
TX000965,normal
TX000966,normal
TX000967,normal
TX000968,normal
TX000969,normal
TX000970,normal
TX000971,normal
TX000972,normal
TX000973,normal
TX000974,normal
TX000975,normal
TX000976,normal
TX000977,normal
TX000978,normal
TX000979,normal
TX000980,normal
TX000981,normal
TX000982,normal
TX000983,normal
TX000984,normal
TX000985,normal
TX000986,normal
TX000987,normal
TX000988,normal
TX000989,normal
TX000990,normal
TX000991,normal
TX000992,normal
TX000993,normal
TX000994,normal
TX000995,normal
TX000996,normal
TX000997,normal
TX000998,normal
TX000999,normal
TX001000,normal
TX001001,normal
TX001002,normal
TX001003,normal
TX001004,normal
TX001005,normal
TX001006,normal
TX001007,normal
TX001008,normal
TX001009,normal
TX001010,normal
TX001011,normal
TX001012,normal
TX001013,normal
TX001014,normal
TX001015,normal
TX001016,normal
TX001017,normal
TX001018,normal
TX001019,normal
TX001020,normal
TX001021,normal
TX001022,normal
TX001023,normal
TX001024,normal
TX001025,normal
TX001026,normal
TX001027,normal
TX001028,normal
TX001029,normal
TX001030,normal
TX001031,normal
TX001032,normal
TX001033,normal
TX001034,normal
TX001035,normal
TX001036,normal
TX001037,normal
TX001038,normal
TX001039,normal
TX001040,normal
TX001041,normal
TX001042,normal
TX001043,normal
TX001044,normal
TX001045,normal
TX001046,normal
TX001047,normal
TX001048,normal
TX001049,normal
TX001050,normal
TX001051,normal
TX001052,normal
TX001053,normal
TX001054,normal
TX001055,normal
TX001056,normal
TX001057,normal
TX001058,normal
TX001059,normal
TX001060,normal
TX001061,normal
TX001062,normal
TX001063,normal
TX001064,normal
TX001065,normal
TX001066,normal
TX001067,normal
TX001068,normal
TX001069,normal
TX001070,normal
TX001071,normal
TX001072,normal
TX001073,normal
TX001074,normal
TX001075,normal
TX001076,normal
TX001077,normal
TX001078,normal
TX001079,normal
TX001080,normal
TX001081,normal
TX001082,normal
TX001083,normal
TX001084,normal
TX001085,normal
TX001086,normal
TX001087,normal
TX001088,normal
TX001089,normal
TX001090,normal
TX001091,normal
TX001092,normal
TX001093,normal
TX001094,normal
TX001095,normal
TX001096,normal
TX001097,normal
TX001098,normal
TX001099,normal
TX001100,normal
TX001101,normal
TX001102,normal
TX001103,normal
TX001104,normal
TX001105,normal
TX001106,faux_marchand
TX001107,normal
TX001108,normal
TX001109,normal
TX001110,normal
TX001111,normal
TX001112,compte_mule
TX001113,normal
TX001114,normal
TX001115,normal
TX001116,normal
TX001117,normal
TX001118,normal
TX001119,normal
TX001120,normal
TX001121,compte_mule
TX001122,sim_swap
TX001123,normal
TX001124,normal
TX001125,normal
TX001126,normal
TX001127,normal
TX001128,normal
TX001129,normal
TX001130,normal
TX001131,normal
TX001132,normal
TX001133,normal
TX001134,normal
TX001135,normal
TX001136,normal
TX001137,normal
TX001138,normal
TX001139,normal
TX001140,normal
TX001141,normal
TX001142,normal
TX001143,normal
TX001144,normal
TX001145,normal
TX001146,normal
TX001147,normal
TX001148,normal
TX001149,normal
TX001150,normal
TX001151,normal
TX001152,normal
TX001153,normal
TX001154,normal
TX001155,normal
TX001156,normal
TX001157,normal
TX001158,normal
TX001159,normal
TX001160,normal
TX001161,normal
TX001162,normal
TX001163,normal
TX001164,normal
TX001165,normal
TX001166,normal
TX001167,normal
TX001168,normal
TX001169,normal
TX001170,normal
TX001171,normal
TX001172,normal
TX001173,normal
TX001174,normal
TX001175,normal
TX001176,normal
TX001177,normal
TX001178,normal
TX001179,normal
TX001180,normal
TX001181,normal
TX001182,normal
TX001183,normal
TX001184,normal
TX001185,normal
TX001186,normal
TX001187,normal
TX001188,normal
TX001189,normal
TX001190,normal
TX001191,normal
TX001192,normal
TX001193,normal
TX001194,normal
TX001195,normal
TX001196,normal
TX001197,normal
TX001198,normal
TX001199,normal
TX001200,normal
TX001201,normal
TX001202,normal
TX001203,normal
TX001204,normal
TX001205,normal
TX001206,normal
TX001207,normal
TX001208,normal
TX001209,normal
TX001210,faux_marchand
TX001211,normal
TX001212,normal
TX001213,normal
TX001214,normal
TX001215,compte_mule
TX001216,normal
TX001217,normal
TX001218,normal
TX001219,normal
TX001220,normal
TX001221,normal
TX001222,normal
TX001223,normal
TX001224,normal
TX001225,normal
TX001226,normal
TX001227,normal
TX001228,normal
TX001229,normal
TX001230,normal
TX001231,normal
TX001232,normal
TX001233,normal
TX001234,normal
TX001235,normal
TX001236,normal
TX001237,normal
TX001238,normal
TX001239,normal
TX001240,normal
TX001241,normal
TX001242,normal
TX001243,normal
TX001244,normal
TX001245,normal
TX001246,normal
TX001247,normal
TX001248,normal
TX001249,normal
TX001250,normal
TX001251,normal
TX001252,normal
TX001253,normal
TX001254,normal
TX001255,normal
TX001256,normal
TX001257,normal
TX001258,normal
TX001259,normal
TX001260,normal
TX001261,normal
TX001262,normal
TX001263,normal
TX001264,normal
TX001265,normal
TX001266,normal
TX001267,normal
TX001268,normal
TX001269,normal
TX001270,normal
TX001271,normal
TX001272,normal
TX001273,normal
TX001274,normal
TX001275,normal
TX001276,normal
TX001277,normal
TX001278,normal
TX001279,normal
TX001280,normal
TX001281,normal
TX001282,normal
TX001283,normal
TX001284,normal
TX001285,normal
TX001286,normal
TX001287,normal
TX001288,normal
TX001289,normal
TX001290,normal
TX001291,normal
TX001292,normal
TX001293,normal
TX001294,normal
TX001295,normal
TX001296,normal
TX001297,normal
TX001298,normal
TX001299,normal
TX001300,normal
TX001301,normal
TX001302,normal
TX001303,normal
TX001304,normal
TX001305,normal
TX001306,normal
TX001307,normal
TX001308,normal
TX001309,normal
TX001310,normal
TX001311,compte_mule
TX001312,normal
TX001313,normal
TX001314,normal
TX001315,normal
TX001316,normal
TX001317,normal
TX001318,normal
TX001319,normal
TX001320,normal
TX001321,normal
TX001322,normal
TX001323,normal
TX001324,normal
TX001325,normal
TX001326,normal
TX001327,normal
TX001328,normal
TX001329,normal
TX001330,normal
TX001331,normal
TX001332,normal
TX001333,normal
TX001334,normal
TX001335,normal
TX001336,normal
TX001337,normal
TX001338,normal
TX001339,normal
TX001340,normal
TX001341,normal
TX001342,normal
TX001343,normal
TX001344,normal
TX001345,normal
TX001346,normal
TX001347,normal
TX001348,normal
TX001349,normal
TX001350,normal
TX001351,normal
TX001352,normal
TX001353,normal
TX001354,normal
TX001355,normal
TX001356,normal
TX001357,normal
TX001358,normal
TX001359,normal
TX001360,normal
TX001361,normal
TX001362,normal
TX001363,normal
TX001364,normal
TX001365,normal
TX001366,normal
TX001367,normal
TX001368,normal
TX001369,normal
TX001370,normal
TX001371,normal
TX001372,normal
TX001373,normal
TX001374,normal
TX001375,normal
TX001376,normal
TX001377,normal
TX001378,normal
TX001379,normal
TX001380,normal
TX001381,normal
TX001382,normal
TX001383,normal
TX001384,normal
TX001385,normal
TX001386,normal
TX001387,normal
TX001388,normal
TX001389,normal
TX001390,normal
TX001391,normal
TX001392,normal
TX001393,normal
TX001394,normal
TX001395,normal
TX001396,normal
TX001397,normal
TX001398,normal
TX001399,normal
TX001400,normal
TX001401,normal
TX001402,normal
TX001403,normal
TX001404,normal
TX001405,normal
TX001406,normal
TX001407,normal
TX001408,normal
TX001409,normal
TX001410,faux_marchand
TX001411,normal
TX001412,normal
TX001413,normal
TX001414,normal
TX001415,normal
TX001416,normal
TX001417,normal
TX001418,normal
TX001419,normal
TX001420,normal
TX001421,normal
TX001422,normal
TX001423,normal
TX001424,normal
TX001425,normal
TX001426,normal
TX001427,normal
TX001428,normal
TX001429,normal
TX001430,normal
TX001431,normal
TX001432,normal
TX001433,normal
TX001434,normal
TX001435,normal
TX001436,normal
TX001437,normal
TX001438,normal
TX001439,normal
TX001440,normal
TX001441,normal
TX001442,normal
TX001443,normal
TX001444,normal
TX001445,normal
TX001446,normal
TX001447,normal
TX001448,normal
TX001449,normal
TX001450,normal
TX001451,normal
TX001452,normal
TX001453,normal
TX001454,normal
TX001455,normal
TX001456,normal
TX001457,normal
TX001458,normal
TX001459,normal
TX001460,normal
TX001461,normal
TX001462,normal
TX001463,normal
TX001464,normal
TX001465,normal
TX001466,normal
TX001467,normal
TX001468,normal
TX001469,normal
TX001470,normal
TX001471,normal
TX001472,normal
TX001473,normal
TX001474,normal
TX001475,normal
TX001476,normal
TX001477,normal
TX001478,normal
TX001479,normal
TX001480,normal
TX001481,normal
TX001482,normal
TX001483,normal
TX001484,normal
TX001485,normal
TX001486,normal
TX001487,normal
TX001488,normal
TX001489,normal
TX001490,normal
TX001491,normal
TX001492,normal
TX001493,normal
TX001494,normal
TX001495,normal
TX001496,normal
TX001497,normal
TX001498,normal
TX001499,normal
TX001500,normal
TX001501,normal
TX001502,normal
TX001503,normal
TX001504,normal
TX001505,normal
TX001506,normal
TX001507,normal
TX001508,normal
TX001509,normal
TX001510,normal
TX001511,normal
TX001512,normal
TX001513,normal
TX001514,normal
TX001515,normal
TX001516,normal
TX001517,normal
TX001518,normal
TX001519,normal
TX001520,normal
TX001521,normal
TX001522,normal
TX001523,normal
TX001524,normal
TX001525,normal
TX001526,normal
TX001527,normal
TX001528,normal
TX001529,normal
TX001530,normal
TX001531,normal
TX001532,normal
TX001533,normal
TX001534,normal
TX001535,normal
TX001536,normal
TX001537,normal
TX001538,normal
TX001539,normal
TX001540,normal
TX001541,normal
TX001542,normal
TX001543,normal
TX001544,normal
TX001545,normal
TX001546,normal
TX001547,normal
TX001548,normal
TX001549,normal
TX001550,normal
TX001551,normal
TX001552,normal
TX001553,normal
TX001554,normal
TX001555,normal
TX001556,normal
TX001557,normal
TX001558,normal
TX001559,normal
TX001560,normal
TX001561,normal
TX001562,normal
TX001563,normal
TX001564,normal
TX001565,sim_swap
TX001566,normal
TX001567,normal
TX001568,normal
TX001569,normal
TX001570,normal
TX001571,normal
TX001572,normal
TX001573,normal
TX001574,normal
TX001575,normal
TX001576,normal
TX001577,normal
TX001578,normal
TX001579,normal
TX001580,normal
TX001581,normal
TX001582,normal
TX001583,normal
TX001584,normal
TX001585,normal
TX001586,normal
TX001587,normal
TX001588,normal
TX001589,normal
TX001590,normal
TX001591,normal
TX001592,normal
TX001593,normal
TX001594,normal
TX001595,normal
TX001596,normal
TX001597,normal
TX001598,normal
TX001599,normal
TX001600,normal
TX001601,normal
TX001602,normal
TX001603,normal
TX001604,normal
TX001605,normal
TX001606,normal
TX001607,normal
TX001608,normal
TX001609,normal
TX001610,normal
TX001611,normal
TX001612,normal
TX001613,normal
TX001614,normal
TX001615,normal
TX001616,normal
TX001617,normal
TX001618,normal
TX001619,normal
TX001620,normal
TX001621,normal
TX001622,normal
TX001623,normal
TX001624,normal
TX001625,normal
TX001626,normal
TX001627,normal
TX001628,normal
TX001629,normal
TX001630,normal
TX001631,normal
TX001632,normal
TX001633,normal
TX001634,normal
TX001635,normal
TX001636,normal
TX001637,normal
TX001638,normal
TX001639,normal
TX001640,normal
TX001641,normal
TX001642,normal
TX001643,normal
TX001644,normal
TX001645,normal
TX001646,normal
TX001647,normal
TX001648,normal
TX001649,normal
TX001650,normal
TX001651,normal
TX001652,normal
TX001653,normal
TX001654,normal
TX001655,normal
TX001656,normal
TX001657,normal
TX001658,normal
TX001659,normal
TX001660,normal
TX001661,normal
TX001662,normal
TX001663,normal
TX001664,normal
TX001665,normal
TX001666,normal
TX001667,normal
TX001668,normal
TX001669,normal
TX001670,normal
TX001671,normal
TX001672,normal
TX001673,normal
TX001674,normal
TX001675,normal
TX001676,normal
TX001677,normal
TX001678,normal
TX001679,normal
TX001680,normal
TX001681,normal
TX001682,normal
TX001683,compte_mule
TX001684,normal
TX001685,normal
TX001686,normal
TX001687,normal
TX001688,normal
TX001689,normal
TX001690,normal
TX001691,normal
TX001692,normal
TX001693,normal
TX001694,normal
TX001695,normal
TX001696,normal
TX001697,normal
TX001698,normal
TX001699,normal
TX001700,normal
TX001701,normal
TX001702,normal
TX001703,normal
TX001704,normal
TX001705,normal
TX001706,normal
TX001707,normal
TX001708,normal
TX001709,normal
TX001710,normal
TX001711,normal
TX001712,normal
TX001713,normal
TX001714,normal
TX001715,normal
TX001716,normal
TX001717,normal
TX001718,normal
TX001719,normal
TX001720,normal
TX001721,normal
TX001722,normal
TX001723,normal
TX001724,normal
TX001725,normal
TX001726,normal
TX001727,normal
TX001728,normal
TX001729,normal
TX001730,normal
TX001731,normal
TX001732,normal
TX001733,normal
TX001734,normal
TX001735,normal
TX001736,normal
TX001737,normal
TX001738,normal
TX001739,normal
TX001740,normal
TX001741,normal
TX001742,normal
TX001743,normal
TX001744,normal
TX001745,normal
TX001746,normal
TX001747,normal
TX001748,normal
TX001749,normal
TX001750,normal
TX001751,normal
TX001752,normal
TX001753,normal
TX001754,normal
TX001755,normal
TX001756,normal
TX001757,normal
TX001758,normal
TX001759,normal
TX001760,normal
TX001761,normal
TX001762,normal
TX001763,normal
TX001764,normal
TX001765,normal
TX001766,normal
TX001767,compte_mule
TX001768,normal
TX001769,normal
TX001770,normal
TX001771,normal
TX001772,normal
TX001773,normal
TX001774,normal
TX001775,normal
TX001776,normal
TX001777,faux_marchand
TX001778,normal
TX001779,normal
TX001780,normal
TX001781,normal
TX001782,normal
TX001783,normal
TX001784,normal
TX001785,normal
TX001786,normal
TX001787,normal
TX001788,normal
TX001789,normal
TX001790,normal
TX001791,normal
TX001792,normal
TX001793,normal
TX001794,normal
TX001795,normal
TX001796,normal
TX001797,normal
TX001798,normal
TX001799,normal
TX001800,normal
TX001801,normal
TX001802,normal
TX001803,normal
TX001804,normal
TX001805,normal
TX001806,normal
TX001807,normal
TX001808,normal
TX001809,normal
TX001810,normal
TX001811,normal
TX001812,normal
TX001813,normal
TX001814,normal
TX001815,normal
TX001816,normal
TX001817,normal
TX001818,normal
TX001819,normal
TX001820,normal
TX001821,normal
TX001822,normal
TX001823,normal
TX001824,normal
TX001825,normal
TX001826,normal
TX001827,normal
TX001828,normal
TX001829,normal
TX001830,normal
TX001831,normal
TX001832,normal
TX001833,normal
TX001834,normal
TX001835,sim_swap
TX001836,normal
TX001837,normal
TX001838,normal
TX001839,normal
TX001840,normal
TX001841,normal
TX001842,normal
TX001843,normal
TX001844,normal
TX001845,normal
TX001846,normal
TX001847,normal
TX001848,normal
TX001849,normal
TX001850,normal
TX001851,normal
TX001852,normal
TX001853,normal
TX001854,normal
TX001855,compte_mule
TX001856,normal
TX001857,normal
TX001858,normal
TX001859,normal
TX001860,normal
TX001861,normal
TX001862,normal
TX001863,normal
TX001864,normal
TX001865,normal
TX001866,normal
TX001867,normal
TX001868,normal
TX001869,normal
TX001870,normal
TX001871,normal
TX001872,normal
TX001873,normal
TX001874,normal
TX001875,normal
TX001876,normal
TX001877,normal
TX001878,normal
TX001879,normal
TX001880,normal
TX001881,normal
TX001882,normal
TX001883,normal
TX001884,normal
TX001885,normal
TX001886,normal
TX001887,normal
TX001888,normal
TX001889,normal
TX001890,normal
TX001891,normal
TX001892,normal
TX001893,normal
TX001894,normal
TX001895,normal
TX001896,normal
TX001897,normal
TX001898,compte_mule
TX001899,normal
TX001900,normal
TX001901,normal
TX001902,normal
TX001903,normal
TX001904,normal
TX001905,normal
TX001906,normal
TX001907,normal
TX001908,normal
TX001909,normal
TX001910,normal
TX001911,normal
TX001912,normal
TX001913,normal
TX001914,normal
TX001915,normal
TX001916,normal
TX001917,normal
TX001918,compte_mule
TX001919,normal
TX001920,normal
TX001921,normal
TX001922,normal
TX001923,normal
TX001924,normal
TX001925,normal
TX001926,normal
TX001927,normal
TX001928,normal
TX001929,normal
TX001930,normal
TX001931,normal
TX001932,normal
TX001933,normal
TX001934,normal
TX001935,normal
TX001936,normal
TX001937,normal
TX001938,normal
TX001939,normal
TX001940,normal
TX001941,normal
TX001942,normal
TX001943,normal
TX001944,normal
TX001945,normal
TX001946,normal
TX001947,normal
TX001948,normal
TX001949,normal
TX001950,normal
TX001951,normal
TX001952,normal
TX001953,normal
TX001954,normal
TX001955,normal
TX001956,normal
TX001957,normal
TX001958,normal
TX001959,normal
TX001960,normal
TX001961,normal
TX001962,normal
TX001963,normal
TX001964,normal
TX001965,normal
TX001966,normal
TX001967,normal
TX001968,normal
TX001969,normal
TX001970,normal
TX001971,normal
TX001972,normal
TX001973,normal
TX001974,normal
TX001975,normal
TX001976,normal
TX001977,normal
TX001978,normal
TX001979,normal
TX001980,normal
TX001981,normal
TX001982,normal
TX001983,normal
TX001984,normal
TX001985,normal
TX001986,normal
TX001987,normal
TX001988,normal
TX001989,normal
TX001990,normal
TX001991,normal
TX001992,normal
TX001993,normal
TX001994,normal
TX001995,normal
TX001996,normal
TX001997,normal
TX001998,normal
TX001999,normal
TX002000,normal
TX002001,normal
TX002002,normal
TX002003,normal
TX002004,normal
TX002005,normal
TX002006,normal
TX002007,normal
TX002008,normal
TX002009,normal
TX002010,normal
TX002011,normal
TX002012,normal
TX002013,normal
TX002014,normal
TX002015,normal
TX002016,normal
TX002017,normal
TX002018,normal
TX002019,normal
TX002020,normal
TX002021,normal
TX002022,normal
TX002023,normal
TX002024,normal
TX002025,normal
TX002026,normal
TX002027,normal
TX002028,normal
TX002029,normal
TX002030,normal
TX002031,normal
TX002032,normal
TX002033,normal
TX002034,normal
TX002035,normal
TX002036,normal
TX002037,normal
TX002038,normal
TX002039,normal
TX002040,normal
TX002041,normal
TX002042,normal
TX002043,normal
TX002044,normal
TX002045,normal
TX002046,normal
TX002047,normal
TX002048,normal
TX002049,normal
TX002050,normal
TX002051,normal
TX002052,normal
TX002053,normal
TX002054,normal
TX002055,normal
TX002056,normal
TX002057,normal
TX002058,normal
TX002059,normal
TX002060,normal
TX002061,normal
TX002062,normal
TX002063,normal
TX002064,normal
TX002065,normal
TX002066,normal
TX002067,normal
TX002068,sim_swap
TX002069,normal
TX002070,normal
TX002071,normal
TX002072,normal
TX002073,normal
TX002074,normal
TX002075,normal
TX002076,normal
TX002077,normal
TX002078,normal
TX002079,normal
TX002080,normal
TX002081,normal
TX002082,faux_marchand
TX002083,normal
TX002084,normal
TX002085,normal
TX002086,normal
TX002087,normal
TX002088,normal
TX002089,normal
TX002090,normal
TX002091,normal
TX002092,normal
TX002093,normal
TX002094,normal
TX002095,normal
TX002096,normal
TX002097,normal
TX002098,normal
TX002099,normal
TX002100,normal
TX002101,normal
TX002102,normal
TX002103,normal
TX002104,normal
TX002105,normal
TX002106,normal
TX002107,normal
TX002108,normal
TX002109,normal
TX002110,normal
TX002111,normal
TX002112,normal
TX002113,normal
TX002114,normal
TX002115,normal
TX002116,normal
TX002117,normal
TX002118,normal
TX002119,normal
TX002120,normal
TX002121,normal
TX002122,normal
TX002123,normal
TX002124,normal
TX002125,normal
TX002126,normal
TX002127,normal
TX002128,normal
TX002129,normal
TX002130,normal
TX002131,normal
TX002132,normal
TX002133,normal
TX002134,normal
TX002135,normal
TX002136,normal
TX002137,normal
TX002138,normal
TX002139,normal
TX002140,normal
TX002141,normal
TX002142,normal
TX002143,normal
TX002144,normal
TX002145,normal
TX002146,normal
TX002147,normal
TX002148,normal
TX002149,normal
TX002150,normal
TX002151,normal
TX002152,normal
TX002153,normal
TX002154,normal
TX002155,normal
TX002156,normal
TX002157,normal
TX002158,normal
TX002159,normal
TX002160,normal
TX002161,normal
TX002162,normal
TX002163,normal
TX002164,normal
TX002165,normal
TX002166,normal
TX002167,normal
TX002168,normal
TX002169,normal
TX002170,normal
TX002171,normal
TX002172,normal
TX002173,normal
TX002174,normal
TX002175,normal
TX002176,normal
TX002177,normal
TX002178,normal
TX002179,normal
TX002180,normal
TX002181,normal
TX002182,normal
TX002183,normal
TX002184,normal
TX002185,normal
TX002186,normal
TX002187,normal
TX002188,normal
TX002189,normal
TX002190,normal
TX002191,normal
TX002192,normal
TX002193,normal
TX002194,normal
TX002195,normal
TX002196,normal
TX002197,normal
TX002198,normal
TX002199,normal
TX002200,normal
TX002201,normal
TX002202,normal
TX002203,normal
TX002204,normal
TX002205,normal
TX002206,normal
TX002207,normal
TX002208,normal
TX002209,normal
TX002210,normal
TX002211,normal
TX002212,normal
TX002213,normal
TX002214,normal
TX002215,normal
TX002216,normal
TX002217,normal
TX002218,normal
TX002219,normal
TX002220,normal
TX002221,normal
TX002222,normal
TX002223,faux_marchand
TX002224,normal
TX002225,normal
TX002226,normal
TX002227,normal
TX002228,normal
TX002229,normal
TX002230,normal
TX002231,normal
TX002232,normal
TX002233,normal
TX002234,normal
TX002235,normal
TX002236,normal
TX002237,normal
TX002238,normal
TX002239,normal
TX002240,normal
TX002241,normal
TX002242,normal
TX002243,normal
TX002244,normal
TX002245,normal
TX002246,compte_mule
TX002247,normal
TX002248,normal
TX002249,normal
TX002250,normal
TX002251,normal
TX002252,normal
TX002253,normal
TX002254,normal
TX002255,normal
TX002256,normal
TX002257,normal
TX002258,normal
TX002259,normal
TX002260,faux_marchand
TX002261,normal
TX002262,normal
TX002263,normal
TX002264,normal
TX002265,normal
TX002266,normal
TX002267,faux_marchand
TX002268,normal
TX002269,normal
TX002270,normal
TX002271,normal
TX002272,normal
TX002273,normal
TX002274,normal
TX002275,normal
TX002276,normal
TX002277,normal
TX002278,normal
TX002279,normal
TX002280,normal
TX002281,normal
TX002282,normal
TX002283,normal
TX002284,normal
TX002285,normal
TX002286,normal
TX002287,normal
TX002288,normal
TX002289,normal
TX002290,normal
TX002291,normal
TX002292,normal
TX002293,normal
TX002294,normal
TX002295,normal
TX002296,normal
TX002297,normal
TX002298,normal
TX002299,normal
TX002300,normal
TX002301,normal
TX002302,normal
TX002303,normal
TX002304,normal
TX002305,normal
TX002306,normal
TX002307,normal
TX002308,normal
TX002309,normal
TX002310,normal
TX002311,normal
TX002312,normal
TX002313,normal
TX002314,normal
TX002315,normal
TX002316,normal
TX002317,normal
TX002318,normal
TX002319,normal
TX002320,normal
TX002321,normal
TX002322,normal
TX002323,normal
TX002324,normal
TX002325,normal
TX002326,normal
TX002327,normal
TX002328,normal
TX002329,normal
TX002330,normal
TX002331,normal
TX002332,normal
TX002333,normal
TX002334,normal
TX002335,normal
TX002336,normal
TX002337,normal
TX002338,normal
TX002339,normal
TX002340,normal
TX002341,normal
TX002342,normal
TX002343,normal
TX002344,normal
TX002345,normal
TX002346,normal
TX002347,normal
TX002348,normal
TX002349,normal
TX002350,normal
TX002351,normal
TX002352,normal
TX002353,normal
TX002354,normal
TX002355,normal
TX002356,normal
TX002357,normal
TX002358,normal
TX002359,normal
TX002360,normal
TX002361,faux_marchand
TX002362,normal
TX002363,normal
TX002364,normal
TX002365,normal
TX002366,normal
TX002367,normal
TX002368,normal
TX002369,normal
TX002370,normal
TX002371,normal
TX002372,normal
TX002373,normal
TX002374,normal
TX002375,normal
TX002376,normal
TX002377,normal
TX002378,normal
TX002379,normal
TX002380,normal
TX002381,normal
TX002382,normal
TX002383,normal
TX002384,normal
TX002385,normal
TX002386,normal
TX002387,normal
TX002388,normal
TX002389,normal
TX002390,normal
TX002391,normal
TX002392,normal
TX002393,normal
TX002394,normal
TX002395,normal
TX002396,normal
TX002397,normal
TX002398,normal
TX002399,normal
TX002400,normal
TX002401,normal
TX002402,normal
TX002403,normal
TX002404,normal
TX002405,normal
TX002406,normal
TX002407,normal
TX002408,normal
TX002409,normal
TX002410,normal
TX002411,normal
TX002412,normal
TX002413,normal
TX002414,normal
TX002415,normal
TX002416,normal
TX002417,normal
TX002418,normal
TX002419,normal
TX002420,normal
TX002421,normal
TX002422,normal
TX002423,normal
TX002424,normal
TX002425,normal
TX002426,normal
TX002427,normal
TX002428,normal
TX002429,normal
TX002430,normal
TX002431,normal
TX002432,normal
TX002433,normal
TX002434,normal
TX002435,normal
TX002436,normal
TX002437,normal
TX002438,normal
TX002439,normal
TX002440,normal
TX002441,normal
TX002442,normal
TX002443,normal
TX002444,normal
TX002445,normal
TX002446,normal
TX002447,normal
TX002448,normal
TX002449,normal
TX002450,normal
TX002451,normal
TX002452,compte_mule
TX002453,normal
TX002454,normal
TX002455,normal
TX002456,normal
TX002457,normal
TX002458,normal
TX002459,normal
TX002460,normal
TX002461,normal
TX002462,normal
TX002463,normal
TX002464,normal
TX002465,normal
TX002466,normal
TX002467,normal
TX002468,normal
TX002469,normal
TX002470,normal
TX002471,normal
TX002472,normal
TX002473,normal
TX002474,normal
TX002475,normal
TX002476,normal
TX002477,normal
TX002478,normal
TX002479,normal
TX002480,compte_mule
TX002481,normal
TX002482,normal
TX002483,normal
TX002484,normal
TX002485,normal
TX002486,normal
TX002487,normal
TX002488,normal
TX002489,normal
TX002490,normal
TX002491,normal
TX002492,sim_swap
TX002493,normal
TX002494,normal
TX002495,normal
TX002496,normal
TX002497,normal
TX002498,normal
TX002499,normal
TX002500,normal
TX002501,normal
TX002502,normal
TX002503,normal
TX002504,normal
TX002505,normal
TX002506,normal
TX002507,normal
TX002508,normal
TX002509,normal
TX002510,normal
TX002511,normal
TX002512,normal
TX002513,normal
TX002514,normal
TX002515,normal
TX002516,normal
TX002517,normal
TX002518,normal
TX002519,normal
TX002520,normal
TX002521,normal
TX002522,sim_swap
TX002523,normal
TX002524,normal
TX002525,normal
TX002526,normal
TX002527,normal
TX002528,normal
TX002529,normal
TX002530,normal
TX002531,normal
TX002532,normal
TX002533,normal
TX002534,normal
TX002535,normal
TX002536,normal
TX002537,normal
TX002538,normal
TX002539,normal
TX002540,normal
TX002541,normal
TX002542,normal
TX002543,normal
TX002544,normal
TX002545,normal
TX002546,normal
TX002547,normal
TX002548,normal
TX002549,normal
TX002550,normal
TX002551,normal
TX002552,normal
TX002553,normal
TX002554,normal
TX002555,normal
TX002556,normal
TX002557,normal
TX002558,normal
TX002559,normal
TX002560,normal
TX002561,normal
TX002562,normal
TX002563,normal
TX002564,normal
TX002565,normal
TX002566,normal
TX002567,normal
TX002568,normal
TX002569,normal
TX002570,sim_swap
TX002571,normal
TX002572,normal
TX002573,normal
TX002574,normal
TX002575,normal
TX002576,normal
TX002577,normal
TX002578,normal
TX002579,sim_swap
TX002580,normal
TX002581,normal
TX002582,normal
TX002583,normal
TX002584,normal
TX002585,normal
TX002586,normal
TX002587,normal
TX002588,normal
TX002589,normal
TX002590,normal
TX002591,normal
TX002592,normal
TX002593,normal
TX002594,sim_swap
TX002595,normal
TX002596,normal
TX002597,normal
TX002598,normal
TX002599,normal
TX002600,normal
TX002601,normal
TX002602,normal
TX002603,normal
TX002604,normal
TX002605,normal
TX002606,normal
TX002607,normal
TX002608,normal
TX002609,normal
TX002610,normal
TX002611,normal
TX002612,normal
TX002613,normal
TX002614,normal
TX002615,normal
TX002616,normal
TX002617,normal
TX002618,normal
TX002619,normal
TX002620,normal
TX002621,normal
TX002622,normal
TX002623,normal
TX002624,normal
TX002625,normal
TX002626,normal
TX002627,normal
TX002628,normal
TX002629,normal
TX002630,normal
TX002631,normal
TX002632,normal
TX002633,normal
TX002634,normal
TX002635,normal
TX002636,normal
TX002637,normal
TX002638,normal
TX002639,normal
TX002640,normal
TX002641,normal
TX002642,normal
TX002643,normal
TX002644,normal
TX002645,normal
TX002646,normal
TX002647,normal
TX002648,normal
TX002649,normal
TX002650,normal
TX002651,normal
TX002652,normal
TX002653,normal
TX002654,normal
TX002655,normal
TX002656,normal
TX002657,normal
TX002658,normal
TX002659,normal
TX002660,normal
TX002661,normal
TX002662,normal
TX002663,normal
TX002664,normal
TX002665,normal
TX002666,normal
TX002667,normal
TX002668,normal
TX002669,normal
TX002670,normal
TX002671,normal
TX002672,normal
TX002673,normal
TX002674,normal
TX002675,normal
TX002676,normal
TX002677,normal
TX002678,normal
TX002679,normal
TX002680,normal
TX002681,normal
TX002682,normal
TX002683,normal
TX002684,faux_marchand
TX002685,normal
TX002686,normal
TX002687,normal
TX002688,normal
TX002689,normal
TX002690,normal
TX002691,normal
TX002692,normal
TX002693,normal
TX002694,normal
TX002695,normal
TX002696,normal
TX002697,normal
TX002698,normal
TX002699,normal
TX002700,normal
TX002701,normal
TX002702,normal
TX002703,normal
TX002704,normal
TX002705,normal
TX002706,normal
TX002707,normal
TX002708,normal
TX002709,normal
TX002710,normal
TX002711,sim_swap
TX002712,normal
TX002713,normal
TX002714,normal
TX002715,normal
TX002716,normal
TX002717,normal
TX002718,normal
TX002719,normal
TX002720,normal
TX002721,normal
TX002722,normal
TX002723,normal
TX002724,normal
TX002725,normal
TX002726,normal
TX002727,normal
TX002728,normal
TX002729,normal
TX002730,normal
TX002731,normal
TX002732,normal
TX002733,normal
TX002734,normal
TX002735,normal
TX002736,normal
TX002737,normal
TX002738,normal
TX002739,normal
TX002740,normal
TX002741,normal
TX002742,normal
TX002743,normal
TX002744,normal
TX002745,normal
TX002746,normal
TX002747,normal
TX002748,normal
TX002749,normal
TX002750,normal
TX002751,normal
TX002752,normal
TX002753,normal
TX002754,normal
TX002755,normal
TX002756,normal
TX002757,normal
TX002758,normal
TX002759,normal
TX002760,normal
TX002761,normal
TX002762,normal
TX002763,normal
TX002764,normal
TX002765,normal
TX002766,normal
TX002767,normal
TX002768,normal
TX002769,normal
TX002770,normal
TX002771,normal
TX002772,normal
TX002773,normal
TX002774,normal
TX002775,normal
TX002776,normal
TX002777,normal
TX002778,normal
TX002779,normal
TX002780,normal
TX002781,normal
TX002782,normal
TX002783,normal
TX002784,normal
TX002785,normal
TX002786,normal
TX002787,normal
TX002788,normal
TX002789,normal
TX002790,normal
TX002791,normal
TX002792,normal
TX002793,normal
TX002794,normal
TX002795,normal
TX002796,normal
TX002797,normal
TX002798,normal
TX002799,normal
TX002800,normal
TX002801,normal
TX002802,normal
TX002803,normal
TX002804,normal
TX002805,normal
TX002806,normal
TX002807,normal
TX002808,normal
TX002809,normal
TX002810,normal
TX002811,normal
TX002812,normal
TX002813,normal
TX002814,normal
TX002815,normal
TX002816,normal
TX002817,normal
TX002818,normal
TX002819,normal
TX002820,normal
TX002821,normal
TX002822,normal
TX002823,normal
TX002824,normal
TX002825,normal
TX002826,normal
TX002827,normal
TX002828,normal
TX002829,normal
TX002830,normal
TX002831,normal
TX002832,normal
TX002833,normal
TX002834,normal
TX002835,normal
TX002836,normal
TX002837,normal
TX002838,normal
TX002839,normal
TX002840,normal
TX002841,normal
TX002842,normal
TX002843,normal
TX002844,normal
TX002845,normal
TX002846,normal
TX002847,normal
TX002848,normal
TX002849,normal
TX002850,normal
TX002851,normal
TX002852,normal
TX002853,normal
TX002854,normal
TX002855,normal
TX002856,normal
TX002857,normal
TX002858,normal
TX002859,normal
TX002860,normal
TX002861,normal
TX002862,normal
TX002863,normal
TX002864,normal
TX002865,normal
TX002866,normal
TX002867,normal
TX002868,normal
TX002869,normal
TX002870,normal
TX002871,normal
TX002872,normal
TX002873,normal
TX002874,normal
TX002875,normal
TX002876,normal
TX002877,normal
TX002878,normal
TX002879,normal
TX002880,normal
TX002881,normal
TX002882,normal
TX002883,normal
TX002884,normal
TX002885,normal
TX002886,normal
TX002887,normal
TX002888,normal
TX002889,normal
TX002890,normal
TX002891,normal
TX002892,normal
TX002893,normal
TX002894,normal
TX002895,normal
TX002896,normal
TX002897,normal
TX002898,normal
TX002899,normal
TX002900,normal
TX002901,normal
TX002902,normal
TX002903,normal
TX002904,normal
TX002905,normal
TX002906,normal
TX002907,normal
TX002908,normal
TX002909,normal
TX002910,normal
TX002911,normal
TX002912,normal
TX002913,normal
TX002914,normal
TX002915,normal
TX002916,normal
TX002917,normal
TX002918,normal
TX002919,normal
TX002920,normal
TX002921,normal
TX002922,normal
TX002923,normal
TX002924,normal
TX002925,normal
TX002926,normal
TX002927,normal
TX002928,normal
TX002929,normal
TX002930,normal
TX002931,normal
TX002932,normal
TX002933,normal
TX002934,normal
TX002935,normal
TX002936,normal
TX002937,normal
TX002938,normal
TX002939,normal
TX002940,normal
TX002941,normal
TX002942,normal
TX002943,normal
TX002944,normal
TX002945,normal
TX002946,normal
TX002947,normal
TX002948,normal
TX002949,normal
TX002950,normal
TX002951,normal
TX002952,normal
TX002953,normal
TX002954,normal
TX002955,normal
TX002956,normal
TX002957,normal
TX002958,normal
TX002959,normal
TX002960,normal
TX002961,normal
TX002962,normal
TX002963,normal
TX002964,normal
TX002965,normal
TX002966,normal
TX002967,normal
TX002968,normal
TX002969,normal
TX002970,normal
TX002971,normal
TX002972,normal
TX002973,normal
TX002974,normal
TX002975,normal
TX002976,normal
TX002977,normal
TX002978,normal
TX002979,normal
TX002980,normal
TX002981,normal
TX002982,normal
TX002983,normal
TX002984,normal
TX002985,normal
TX002986,normal
TX002987,normal
TX002988,normal
TX002989,normal
TX002990,normal
TX002991,normal
TX002992,normal
TX002993,normal
TX002994,normal
TX002995,normal
TX002996,normal
TX002997,normal
TX002998,normal
TX002999,normal
TX003000,normal
TX003001,normal
TX003002,normal
TX003003,normal
TX003004,normal
TX003005,normal
TX003006,normal
TX003007,normal
TX003008,normal
TX003009,normal
TX003010,normal
TX003011,normal
TX003012,normal
TX003013,normal
TX003014,normal
TX003015,normal
TX003016,normal
TX003017,normal
TX003018,normal
TX003019,normal
TX003020,normal
TX003021,normal
TX003022,normal
TX003023,normal
TX003024,normal
TX003025,normal
TX003026,normal
TX003027,normal
TX003028,normal
TX003029,normal
TX003030,normal
TX003031,normal
TX003032,normal
TX003033,normal
TX003034,normal
TX003035,normal
TX003036,normal
TX003037,normal
TX003038,normal
TX003039,normal
TX003040,normal
TX003041,normal
TX003042,normal
TX003043,normal
TX003044,normal
TX003045,normal
TX003046,normal
TX003047,normal
TX003048,compte_mule
TX003049,normal
TX003050,normal
TX003051,normal
TX003052,normal
TX003053,normal
TX003054,normal
TX003055,normal
TX003056,normal
TX003057,normal
TX003058,normal
TX003059,normal
TX003060,normal
TX003061,normal
TX003062,normal
TX003063,normal
TX003064,normal
TX003065,normal
TX003066,normal
TX003067,normal
TX003068,normal
TX003069,normal
TX003070,normal
TX003071,normal
TX003072,normal
TX003073,normal
TX003074,normal
TX003075,normal
TX003076,normal
TX003077,normal
TX003078,normal
TX003079,normal
TX003080,normal
TX003081,normal
TX003082,normal
TX003083,normal
TX003084,compte_mule
TX003085,normal
TX003086,normal
TX003087,normal
TX003088,normal
TX003089,normal
TX003090,normal
TX003091,normal
TX003092,normal
TX003093,normal
TX003094,normal
TX003095,normal
TX003096,normal
TX003097,normal
TX003098,normal
TX003099,normal
TX003100,normal
TX003101,normal
TX003102,normal
TX003103,normal
TX003104,normal
TX003105,normal
TX003106,normal
TX003107,normal
TX003108,normal
TX003109,normal
TX003110,normal
TX003111,normal
TX003112,normal
TX003113,normal
TX003114,normal
TX003115,normal
TX003116,normal
TX003117,normal
TX003118,normal
TX003119,normal
TX003120,normal
TX003121,normal
TX003122,normal
TX003123,normal
TX003124,normal
TX003125,normal
TX003126,normal
TX003127,normal
TX003128,normal
TX003129,normal
TX003130,normal
TX003131,normal
TX003132,normal
TX003133,normal
TX003134,normal
TX003135,normal
TX003136,normal
TX003137,normal
TX003138,normal
TX003139,normal
TX003140,normal
TX003141,normal
TX003142,faux_marchand
TX003143,normal
TX003144,normal
TX003145,normal
TX003146,normal
TX003147,normal
TX003148,normal
TX003149,normal
TX003150,normal
TX003151,normal
TX003152,normal
TX003153,normal
TX003154,normal
TX003155,normal
TX003156,normal
TX003157,normal
TX003158,normal
TX003159,normal
TX003160,normal
TX003161,normal
TX003162,normal
TX003163,normal
TX003164,normal
TX003165,normal
TX003166,normal
TX003167,faux_marchand
TX003168,normal
TX003169,normal
TX003170,normal
TX003171,normal
TX003172,normal
TX003173,normal
TX003174,normal
TX003175,normal
TX003176,normal
TX003177,normal
TX003178,normal
TX003179,normal
TX003180,normal
TX003181,normal
TX003182,normal
TX003183,normal
TX003184,normal
TX003185,normal
TX003186,normal
TX003187,normal
TX003188,normal
TX003189,faux_marchand
TX003190,normal
TX003191,sim_swap
TX003192,normal
TX003193,normal
TX003194,normal
TX003195,normal
TX003196,normal
TX003197,normal
TX003198,normal
TX003199,normal
TX003200,normal
TX003201,normal
TX003202,normal
TX003203,normal
TX003204,normal
TX003205,normal
TX003206,normal
TX003207,normal
TX003208,normal
TX003209,normal
TX003210,normal
TX003211,normal
TX003212,normal
TX003213,normal
TX003214,normal
TX003215,normal
TX003216,normal
TX003217,normal
TX003218,normal
TX003219,normal
TX003220,normal
TX003221,normal
TX003222,normal
TX003223,normal
TX003224,normal
TX003225,normal
TX003226,normal
TX003227,normal
TX003228,normal
TX003229,normal
TX003230,normal
TX003231,normal
TX003232,normal
TX003233,normal
TX003234,normal
TX003235,normal
TX003236,normal
TX003237,normal
TX003238,normal
TX003239,normal
TX003240,normal
TX003241,normal
TX003242,normal
TX003243,normal
TX003244,normal
TX003245,faux_marchand
TX003246,sim_swap
TX003247,normal
TX003248,normal
TX003249,normal
TX003250,normal
TX003251,normal
TX003252,compte_mule
TX003253,normal
TX003254,normal
TX003255,normal
TX003256,normal
TX003257,normal
TX003258,normal
TX003259,compte_mule
TX003260,normal
TX003261,normal
TX003262,normal
TX003263,normal
TX003264,normal
TX003265,normal
TX003266,compte_mule
TX003267,normal
TX003268,normal
TX003269,normal
TX003270,normal
TX003271,normal
TX003272,normal
TX003273,normal
TX003274,normal
TX003275,normal
TX003276,normal
TX003277,normal
TX003278,normal
TX003279,normal
TX003280,normal
TX003281,normal
TX003282,normal
TX003283,normal
TX003284,normal
TX003285,normal
TX003286,normal
TX003287,normal
TX003288,normal
TX003289,normal
TX003290,normal
TX003291,normal
TX003292,normal
TX003293,normal
TX003294,normal
TX003295,normal
TX003296,normal
TX003297,normal
TX003298,normal
TX003299,normal
TX003300,normal
TX003301,normal
TX003302,normal
TX003303,normal
TX003304,normal
TX003305,normal
TX003306,normal
TX003307,normal
TX003308,normal
TX003309,normal
TX003310,normal
TX003311,normal
TX003312,normal
TX003313,normal
TX003314,normal
TX003315,normal
TX003316,normal
TX003317,normal
TX003318,normal
TX003319,normal
TX003320,normal
TX003321,normal
TX003322,normal
TX003323,normal
TX003324,normal
TX003325,normal
TX003326,compte_mule
TX003327,normal
TX003328,normal
TX003329,normal
TX003330,normal
TX003331,normal
TX003332,normal
TX003333,normal
TX003334,normal
TX003335,normal
TX003336,normal
TX003337,normal
TX003338,normal
TX003339,normal
TX003340,normal
TX003341,normal
TX003342,normal
TX003343,normal
TX003344,normal
TX003345,normal
TX003346,normal
TX003347,normal
TX003348,normal
TX003349,normal
TX003350,normal
TX003351,normal
TX003352,normal
TX003353,sim_swap
TX003354,normal
TX003355,normal
TX003356,normal
TX003357,sim_swap
TX003358,normal
TX003359,normal
TX003360,normal
TX003361,normal
TX003362,normal
TX003363,normal
TX003364,normal
TX003365,normal
TX003366,normal
TX003367,normal
TX003368,normal
TX003369,normal
TX003370,normal
TX003371,normal
TX003372,normal
TX003373,normal
TX003374,normal
TX003375,compte_mule
TX003376,normal
TX003377,normal
TX003378,compte_mule
TX003379,normal
TX003380,normal
TX003381,normal
TX003382,normal
TX003383,normal
TX003384,normal
TX003385,normal
TX003386,normal
TX003387,normal
TX003388,normal
TX003389,normal
TX003390,normal
TX003391,normal
TX003392,normal
TX003393,normal
TX003394,normal
TX003395,normal
TX003396,normal
TX003397,normal
TX003398,normal
TX003399,normal
TX003400,normal
TX003401,normal
TX003402,normal
TX003403,normal
TX003404,normal
TX003405,normal
TX003406,normal
TX003407,normal
TX003408,normal
TX003409,normal
TX003410,normal
TX003411,normal
TX003412,normal
TX003413,normal
TX003414,normal
TX003415,normal
TX003416,normal
TX003417,normal
TX003418,normal
TX003419,normal
TX003420,normal
TX003421,normal
TX003422,normal
TX003423,normal
TX003424,normal
TX003425,normal
TX003426,normal
TX003427,normal
TX003428,normal
TX003429,normal
TX003430,normal
TX003431,normal
TX003432,normal
TX003433,normal
TX003434,normal
TX003435,normal
TX003436,normal
TX003437,normal
TX003438,normal
TX003439,normal
TX003440,normal
TX003441,normal
TX003442,normal
TX003443,normal
TX003444,normal
TX003445,normal
TX003446,normal
TX003447,normal
TX003448,normal
TX003449,normal
TX003450,normal
TX003451,normal
TX003452,normal
TX003453,normal
TX003454,normal
TX003455,normal
TX003456,normal
TX003457,normal
TX003458,normal
TX003459,normal
TX003460,normal
TX003461,normal
TX003462,normal
TX003463,normal
TX003464,normal
TX003465,normal
TX003466,normal
TX003467,normal
TX003468,normal
TX003469,normal
TX003470,normal
TX003471,normal
TX003472,normal
TX003473,normal
TX003474,normal
TX003475,normal
TX003476,normal
TX003477,compte_mule
TX003478,normal
TX003479,normal
TX003480,normal
TX003481,normal
TX003482,normal
TX003483,normal
TX003484,normal
TX003485,normal
TX003486,normal
TX003487,normal
TX003488,normal
TX003489,normal
TX003490,normal
TX003491,normal
TX003492,normal
TX003493,normal
TX003494,normal
TX003495,normal
TX003496,normal
TX003497,normal
TX003498,normal
TX003499,normal
TX003500,normal
TX003501,normal
TX003502,normal
TX003503,normal
TX003504,normal
TX003505,normal
TX003506,normal
TX003507,normal
TX003508,normal
TX003509,normal
TX003510,normal
TX003511,normal
TX003512,normal
TX003513,normal
TX003514,normal
TX003515,normal
TX003516,normal
TX003517,normal
TX003518,normal
TX003519,normal
TX003520,normal
TX003521,normal
TX003522,sim_swap
TX003523,normal
TX003524,normal
TX003525,normal
TX003526,normal
TX003527,normal
TX003528,normal
TX003529,normal
TX003530,normal
TX003531,normal
TX003532,normal
TX003533,normal
TX003534,normal
TX003535,normal
TX003536,compte_mule
TX003537,normal
TX003538,normal
TX003539,normal
TX003540,normal
TX003541,normal
TX003542,normal
TX003543,normal
TX003544,normal
TX003545,normal
TX003546,normal
TX003547,normal
TX003548,normal
TX003549,normal
TX003550,normal
TX003551,normal
TX003552,normal
TX003553,normal
TX003554,normal
TX003555,normal
TX003556,normal
TX003557,normal
TX003558,normal
TX003559,normal
TX003560,normal
TX003561,normal
TX003562,normal
TX003563,normal
TX003564,normal
TX003565,normal
TX003566,normal
TX003567,normal
TX003568,normal
TX003569,normal
TX003570,normal
TX003571,normal
TX003572,normal
TX003573,normal
TX003574,normal
TX003575,normal
TX003576,normal
TX003577,normal
TX003578,normal
TX003579,normal
TX003580,normal
TX003581,normal
TX003582,normal
TX003583,normal
TX003584,normal
TX003585,normal
TX003586,normal
TX003587,normal
TX003588,normal
TX003589,normal
TX003590,normal
TX003591,normal
TX003592,normal
TX003593,normal
TX003594,normal
TX003595,normal
TX003596,normal
TX003597,normal
TX003598,normal
TX003599,normal
TX003600,normal
TX003601,normal
TX003602,normal
TX003603,normal
TX003604,normal
TX003605,normal
TX003606,normal
TX003607,normal
TX003608,normal
TX003609,normal
TX003610,normal
TX003611,normal
TX003612,normal
TX003613,normal
TX003614,normal
TX003615,normal
TX003616,normal
TX003617,normal
TX003618,normal
TX003619,normal
TX003620,normal
TX003621,normal
TX003622,normal
TX003623,normal
TX003624,normal
TX003625,normal
TX003626,normal
TX003627,normal
TX003628,normal
TX003629,normal
TX003630,normal
TX003631,normal
TX003632,normal
TX003633,normal
TX003634,normal
TX003635,normal
TX003636,normal
TX003637,normal
TX003638,normal
TX003639,normal
TX003640,normal
TX003641,normal
TX003642,normal
TX003643,normal
TX003644,normal
TX003645,normal
TX003646,normal
TX003647,normal
TX003648,normal
TX003649,normal
TX003650,normal
TX003651,normal
TX003652,normal
TX003653,normal
TX003654,normal
TX003655,normal
TX003656,normal
TX003657,normal
TX003658,compte_mule
TX003659,normal
TX003660,normal
TX003661,normal
TX003662,normal
TX003663,normal
TX003664,normal
TX003665,normal
TX003666,normal
TX003667,normal
TX003668,normal
TX003669,normal
TX003670,normal
TX003671,normal
TX003672,normal
TX003673,normal
TX003674,normal
TX003675,normal
TX003676,normal
TX003677,normal
TX003678,normal
TX003679,normal
TX003680,normal
TX003681,normal
TX003682,normal
TX003683,normal
TX003684,normal
TX003685,normal
TX003686,normal
TX003687,normal
TX003688,normal
TX003689,normal
TX003690,normal
TX003691,normal
TX003692,normal
TX003693,normal
TX003694,sim_swap
TX003695,normal
TX003696,normal
TX003697,normal
TX003698,normal
TX003699,normal
TX003700,normal
TX003701,normal
TX003702,normal
TX003703,normal
TX003704,normal
TX003705,normal
TX003706,normal
TX003707,normal
TX003708,normal
TX003709,normal
TX003710,normal
TX003711,normal
TX003712,normal
TX003713,normal
TX003714,normal
TX003715,normal
TX003716,normal
TX003717,normal
TX003718,normal
TX003719,normal
TX003720,normal
TX003721,normal
TX003722,normal
TX003723,normal
TX003724,normal
TX003725,normal
TX003726,normal
TX003727,normal
TX003728,normal
TX003729,normal
TX003730,normal
TX003731,normal
TX003732,normal
TX003733,normal
TX003734,normal
TX003735,normal
TX003736,faux_marchand
TX003737,normal
TX003738,normal
TX003739,normal
TX003740,normal
TX003741,normal
TX003742,normal
TX003743,normal
TX003744,normal
TX003745,normal
TX003746,normal
TX003747,normal
TX003748,normal
TX003749,normal
TX003750,normal
TX003751,normal
TX003752,normal
TX003753,normal
TX003754,normal
TX003755,normal
TX003756,normal
TX003757,normal
TX003758,normal
TX003759,normal
TX003760,normal
TX003761,normal
TX003762,normal
TX003763,normal
TX003764,normal
TX003765,normal
TX003766,normal
TX003767,normal
TX003768,normal
TX003769,normal
TX003770,normal
TX003771,normal
TX003772,normal
TX003773,normal
TX003774,normal
TX003775,normal
TX003776,normal
TX003777,normal
TX003778,normal
TX003779,normal
TX003780,normal
TX003781,normal
TX003782,normal
TX003783,normal
TX003784,normal
TX003785,normal
TX003786,normal
TX003787,normal
TX003788,normal
TX003789,normal
TX003790,normal
TX003791,normal
TX003792,normal
TX003793,normal
TX003794,normal
TX003795,normal
TX003796,normal
TX003797,normal
TX003798,normal
TX003799,normal
TX003800,normal
TX003801,normal
TX003802,normal
TX003803,normal
TX003804,normal
TX003805,normal
TX003806,normal
TX003807,normal
TX003808,normal
TX003809,normal
TX003810,normal
TX003811,normal
TX003812,normal
TX003813,normal
TX003814,normal
TX003815,normal
TX003816,normal
TX003817,normal
TX003818,normal
TX003819,normal
TX003820,normal
TX003821,normal
TX003822,normal
TX003823,normal
TX003824,normal
TX003825,normal
TX003826,normal
TX003827,normal
TX003828,normal
TX003829,normal
TX003830,normal
TX003831,normal
TX003832,normal
TX003833,normal
TX003834,normal
TX003835,normal
TX003836,normal
TX003837,normal
TX003838,normal
TX003839,normal
TX003840,normal
TX003841,normal
TX003842,normal
TX003843,normal
TX003844,normal
TX003845,normal
TX003846,normal
TX003847,normal
TX003848,normal
TX003849,normal
TX003850,normal
TX003851,normal
TX003852,normal
TX003853,normal
TX003854,normal
TX003855,normal
TX003856,normal
TX003857,normal
TX003858,normal
TX003859,normal
TX003860,normal
TX003861,normal
TX003862,normal
TX003863,normal
TX003864,normal
TX003865,compte_mule
TX003866,normal
TX003867,normal
TX003868,normal
TX003869,normal
TX003870,normal
TX003871,normal
TX003872,normal
TX003873,normal
TX003874,normal
TX003875,normal
TX003876,normal
TX003877,normal
TX003878,normal
TX003879,normal
TX003880,normal
TX003881,normal
TX003882,normal
TX003883,normal
TX003884,normal
TX003885,normal
TX003886,normal
TX003887,normal
TX003888,normal
TX003889,normal
TX003890,normal
TX003891,normal
TX003892,normal
TX003893,normal
TX003894,normal
TX003895,normal
TX003896,normal
TX003897,normal
TX003898,normal
TX003899,normal
TX003900,normal
TX003901,normal
TX003902,normal
TX003903,normal
TX003904,normal
TX003905,normal
TX003906,normal
TX003907,normal
TX003908,normal
TX003909,normal
TX003910,sim_swap
TX003911,normal
TX003912,normal
TX003913,normal
TX003914,normal
TX003915,normal
TX003916,normal
TX003917,normal
TX003918,normal
TX003919,normal
TX003920,normal
TX003921,normal
TX003922,normal
TX003923,normal
TX003924,normal
TX003925,normal
TX003926,normal
TX003927,normal
TX003928,normal
TX003929,normal
TX003930,normal
TX003931,normal
TX003932,normal
TX003933,normal
TX003934,normal
TX003935,normal
TX003936,normal
TX003937,normal
TX003938,normal
TX003939,normal
TX003940,normal
TX003941,normal
TX003942,normal
TX003943,normal
TX003944,normal
TX003945,normal
TX003946,normal
TX003947,normal
TX003948,normal
TX003949,normal
TX003950,normal
TX003951,normal
TX003952,normal
TX003953,normal
TX003954,normal
TX003955,sim_swap
TX003956,normal
TX003957,normal
TX003958,normal
TX003959,normal
TX003960,normal
TX003961,normal
TX003962,normal
TX003963,normal
TX003964,normal
TX003965,normal
TX003966,normal
TX003967,normal
TX003968,normal
TX003969,normal
TX003970,normal
TX003971,normal
TX003972,sim_swap
TX003973,normal
TX003974,normal
TX003975,normal
TX003976,normal
TX003977,normal
TX003978,normal
TX003979,normal
TX003980,normal
TX003981,normal
TX003982,normal
TX003983,normal
TX003984,normal
TX003985,normal
TX003986,normal
TX003987,normal
TX003988,normal
TX003989,normal
TX003990,normal
TX003991,normal
TX003992,normal
TX003993,normal
TX003994,normal
TX003995,normal
TX003996,normal
TX003997,normal
TX003998,normal
TX003999,normal
TX004000,normal
TX004001,normal
TX004002,normal
TX004003,normal
TX004004,normal
TX004005,normal
TX004006,normal
TX004007,normal
TX004008,normal
TX004009,normal
TX004010,normal
TX004011,compte_mule
TX004012,normal
TX004013,normal
TX004014,normal
TX004015,normal
TX004016,normal
TX004017,normal
TX004018,normal
TX004019,normal
TX004020,normal
TX004021,normal
TX004022,normal
TX004023,normal
TX004024,normal
TX004025,normal
TX004026,normal
TX004027,normal
TX004028,normal
TX004029,normal
TX004030,normal
TX004031,normal
TX004032,normal
TX004033,normal
TX004034,normal
TX004035,normal
TX004036,normal
TX004037,normal
TX004038,normal
TX004039,normal
TX004040,normal
TX004041,normal
TX004042,normal
TX004043,normal
TX004044,normal
TX004045,normal
TX004046,normal
TX004047,normal
TX004048,normal
TX004049,normal
TX004050,normal
TX004051,normal
TX004052,normal
TX004053,normal
TX004054,normal
TX004055,normal
TX004056,normal
TX004057,normal
TX004058,normal
TX004059,normal
TX004060,normal
TX004061,normal
TX004062,normal
TX004063,normal
TX004064,normal
TX004065,normal
TX004066,normal
TX004067,normal
TX004068,normal
TX004069,normal
TX004070,normal
TX004071,normal
TX004072,normal
TX004073,normal
TX004074,normal
TX004075,normal
TX004076,normal
TX004077,normal
TX004078,normal
TX004079,normal
TX004080,normal
TX004081,normal
TX004082,normal
TX004083,normal
TX004084,sim_swap
TX004085,normal
TX004086,normal
TX004087,faux_marchand
TX004088,normal
TX004089,normal
TX004090,normal
TX004091,normal
TX004092,normal
TX004093,normal
TX004094,normal
TX004095,normal
TX004096,normal
TX004097,normal
TX004098,normal
TX004099,normal
TX004100,normal
TX004101,normal
TX004102,normal
TX004103,normal
TX004104,normal
TX004105,normal
TX004106,normal
TX004107,normal
TX004108,normal
TX004109,normal
TX004110,normal
TX004111,normal
TX004112,normal
TX004113,normal
TX004114,normal
TX004115,normal
TX004116,normal
TX004117,normal
TX004118,normal
TX004119,normal
TX004120,normal
TX004121,normal
TX004122,normal
TX004123,normal
TX004124,normal
TX004125,normal
TX004126,normal
TX004127,normal
TX004128,normal
TX004129,normal
TX004130,normal
TX004131,normal
TX004132,normal
TX004133,normal
TX004134,normal
TX004135,normal
TX004136,normal
TX004137,normal
TX004138,normal
TX004139,normal
TX004140,normal
TX004141,normal
TX004142,normal
TX004143,normal
TX004144,normal
TX004145,normal
TX004146,normal
TX004147,normal
TX004148,normal
TX004149,normal
TX004150,normal
TX004151,normal
TX004152,normal
TX004153,normal
TX004154,normal
TX004155,normal
TX004156,normal
TX004157,normal
TX004158,normal
TX004159,normal
TX004160,normal
TX004161,normal
TX004162,normal
TX004163,normal
TX004164,normal
TX004165,normal
TX004166,normal
TX004167,normal
TX004168,normal
TX004169,normal
TX004170,normal
TX004171,normal
TX004172,normal
TX004173,normal
TX004174,normal
TX004175,normal
TX004176,normal
TX004177,normal
TX004178,normal
TX004179,normal
TX004180,normal
TX004181,normal
TX004182,compte_mule
TX004183,normal
TX004184,normal
TX004185,normal
TX004186,normal
TX004187,normal
TX004188,normal
TX004189,normal
TX004190,normal
TX004191,normal
TX004192,normal
TX004193,normal
TX004194,normal
TX004195,normal
TX004196,normal
TX004197,normal
TX004198,normal
TX004199,normal
TX004200,normal
TX004201,normal
TX004202,normal
TX004203,normal
TX004204,normal
TX004205,normal
TX004206,normal
TX004207,normal
TX004208,normal
TX004209,normal
TX004210,normal
TX004211,normal
TX004212,normal
TX004213,normal
TX004214,normal
TX004215,normal
TX004216,normal
TX004217,normal
TX004218,normal
TX004219,normal
TX004220,normal
TX004221,normal
TX004222,normal
TX004223,normal
TX004224,normal
TX004225,normal
TX004226,normal
TX004227,normal
TX004228,normal
TX004229,normal
TX004230,normal
TX004231,normal
TX004232,normal
TX004233,normal
TX004234,normal
TX004235,normal
TX004236,normal
TX004237,normal
TX004238,normal
TX004239,normal
TX004240,normal
TX004241,normal
TX004242,normal
TX004243,normal
TX004244,normal
TX004245,normal
TX004246,normal
TX004247,normal
TX004248,normal
TX004249,normal
TX004250,normal
TX004251,normal
TX004252,normal
TX004253,normal
TX004254,normal
TX004255,normal
TX004256,normal
TX004257,normal
TX004258,normal
TX004259,normal
TX004260,normal
TX004261,normal
TX004262,normal
TX004263,normal
TX004264,normal
TX004265,normal
TX004266,normal
TX004267,normal
TX004268,normal
TX004269,normal
TX004270,normal
TX004271,normal
TX004272,normal
TX004273,normal
TX004274,normal
TX004275,normal
TX004276,normal
TX004277,normal
TX004278,normal
TX004279,normal
TX004280,normal
TX004281,normal
TX004282,normal
TX004283,normal
TX004284,normal
TX004285,normal
TX004286,normal
TX004287,normal
TX004288,normal
TX004289,normal
TX004290,normal
TX004291,normal
TX004292,normal
TX004293,normal
TX004294,normal
TX004295,normal
TX004296,normal
TX004297,normal
TX004298,normal
TX004299,normal
TX004300,normal
TX004301,normal
TX004302,normal
TX004303,normal
TX004304,normal
TX004305,normal
TX004306,normal
TX004307,normal
TX004308,normal
TX004309,normal
TX004310,normal
TX004311,normal
TX004312,normal
TX004313,normal
TX004314,normal
TX004315,normal
TX004316,normal
TX004317,normal
TX004318,normal
TX004319,normal
TX004320,normal
TX004321,normal
TX004322,normal
TX004323,normal
TX004324,normal
TX004325,normal
TX004326,normal
TX004327,normal
TX004328,normal
TX004329,sim_swap
TX004330,normal
TX004331,normal
TX004332,normal
TX004333,normal
TX004334,normal
TX004335,normal
TX004336,normal
TX004337,normal
TX004338,normal
TX004339,normal
TX004340,sim_swap
TX004341,normal
TX004342,normal
TX004343,normal
TX004344,normal
TX004345,normal
TX004346,normal
TX004347,normal
TX004348,normal
TX004349,normal
TX004350,normal
TX004351,normal
TX004352,normal
TX004353,normal
TX004354,normal
TX004355,normal
TX004356,normal
TX004357,normal
TX004358,normal
TX004359,normal
TX004360,normal
TX004361,normal
TX004362,normal
TX004363,normal
TX004364,normal
TX004365,normal
TX004366,normal
TX004367,normal
TX004368,normal
TX004369,normal
TX004370,normal
TX004371,normal
TX004372,normal
TX004373,normal
TX004374,normal
TX004375,normal
TX004376,normal
TX004377,normal
TX004378,normal
TX004379,normal
TX004380,normal
TX004381,normal
TX004382,normal
TX004383,normal
TX004384,normal
TX004385,normal
TX004386,normal
TX004387,normal
TX004388,normal
TX004389,normal
TX004390,normal
TX004391,normal
TX004392,normal
TX004393,normal
TX004394,normal
TX004395,normal
TX004396,normal
TX004397,normal
TX004398,normal
TX004399,normal
TX004400,normal
TX004401,normal
TX004402,normal
TX004403,normal
TX004404,normal
TX004405,normal
TX004406,sim_swap
TX004407,normal
TX004408,normal
TX004409,normal
TX004410,normal
TX004411,normal
TX004412,normal
TX004413,normal
TX004414,normal
TX004415,normal
TX004416,normal
TX004417,normal
TX004418,normal
TX004419,normal
TX004420,normal
TX004421,normal
TX004422,normal
TX004423,normal
TX004424,normal
TX004425,normal
TX004426,normal
TX004427,normal
TX004428,normal
TX004429,normal
TX004430,sim_swap
TX004431,normal
TX004432,normal
TX004433,normal
TX004434,normal
TX004435,normal
TX004436,normal
TX004437,normal
TX004438,normal
TX004439,normal
TX004440,normal
TX004441,normal
TX004442,normal
TX004443,normal
TX004444,normal
TX004445,normal
TX004446,normal
TX004447,normal
TX004448,normal
TX004449,normal
TX004450,normal
TX004451,normal
TX004452,normal
TX004453,normal
TX004454,normal
TX004455,normal
TX004456,normal
TX004457,normal
TX004458,normal
TX004459,normal
TX004460,normal
TX004461,normal
TX004462,normal
TX004463,normal
TX004464,normal
TX004465,normal
TX004466,normal
TX004467,normal
TX004468,normal
TX004469,normal
TX004470,normal
TX004471,normal
TX004472,normal
TX004473,normal
TX004474,normal
TX004475,normal
TX004476,normal
TX004477,normal
TX004478,normal
TX004479,normal
TX004480,normal
TX004481,normal
TX004482,normal
TX004483,normal
TX004484,normal
TX004485,normal
TX004486,normal
TX004487,normal
TX004488,normal
TX004489,normal
TX004490,normal
TX004491,normal
TX004492,normal
TX004493,normal
TX004494,normal
TX004495,normal
TX004496,normal
TX004497,normal
TX004498,normal
TX004499,normal
TX004500,normal
TX004501,normal
TX004502,normal
TX004503,normal
TX004504,normal
TX004505,normal
TX004506,normal
TX004507,normal
TX004508,normal
TX004509,normal
TX004510,normal
TX004511,normal
TX004512,normal
TX004513,normal
TX004514,normal
TX004515,normal
TX004516,normal
TX004517,normal
TX004518,normal
TX004519,normal
TX004520,normal
TX004521,normal
TX004522,normal
TX004523,normal
TX004524,normal
TX004525,normal
TX004526,normal
TX004527,normal
TX004528,normal
TX004529,normal
TX004530,normal
TX004531,normal
TX004532,normal
TX004533,normal
TX004534,normal
TX004535,normal
TX004536,normal
TX004537,normal
TX004538,normal
TX004539,normal
TX004540,normal
TX004541,normal
TX004542,normal
TX004543,normal
TX004544,normal
TX004545,normal
TX004546,normal
TX004547,normal
TX004548,normal
TX004549,normal
TX004550,normal
TX004551,normal
TX004552,normal
TX004553,normal
TX004554,normal
TX004555,normal
TX004556,normal
TX004557,normal
TX004558,normal
TX004559,normal
TX004560,normal
TX004561,normal
TX004562,normal
TX004563,normal
TX004564,normal
TX004565,normal
TX004566,normal
TX004567,normal
TX004568,normal
TX004569,normal
TX004570,normal
TX004571,normal
TX004572,normal
TX004573,normal
TX004574,normal
TX004575,normal
TX004576,normal
TX004577,normal
TX004578,normal
TX004579,normal
TX004580,normal
TX004581,normal
TX004582,normal
TX004583,normal
TX004584,normal
TX004585,normal
TX004586,normal
TX004587,normal
TX004588,normal
TX004589,normal
TX004590,normal
TX004591,normal
TX004592,normal
TX004593,normal
TX004594,normal
TX004595,normal
TX004596,normal
TX004597,normal
TX004598,normal
TX004599,normal
TX004600,normal
TX004601,normal
TX004602,normal
TX004603,normal
TX004604,normal
TX004605,normal
TX004606,normal
TX004607,normal
TX004608,normal
TX004609,normal
TX004610,normal
TX004611,normal
TX004612,normal
TX004613,normal
TX004614,normal
TX004615,normal
TX004616,normal
TX004617,normal
TX004618,normal
TX004619,normal
TX004620,normal
TX004621,normal
TX004622,normal
TX004623,normal
TX004624,normal
TX004625,normal
TX004626,normal
TX004627,normal
TX004628,normal
TX004629,normal
TX004630,normal
TX004631,normal
TX004632,normal
TX004633,normal
TX004634,normal
TX004635,normal
TX004636,normal
TX004637,normal
TX004638,normal
TX004639,normal
TX004640,normal
TX004641,normal
TX004642,normal
TX004643,normal
TX004644,normal
TX004645,normal
TX004646,normal
TX004647,normal
TX004648,normal
TX004649,normal
TX004650,normal
TX004651,normal
TX004652,normal
TX004653,normal
TX004654,normal
TX004655,normal
TX004656,normal
TX004657,normal
TX004658,normal
TX004659,normal
TX004660,normal
TX004661,normal
TX004662,normal
TX004663,normal
TX004664,normal
TX004665,normal
TX004666,normal
TX004667,normal
TX004668,normal
TX004669,normal
TX004670,normal
TX004671,normal
TX004672,normal
TX004673,normal
TX004674,normal
TX004675,normal
TX004676,normal
TX004677,normal
TX004678,normal
TX004679,normal
TX004680,normal
TX004681,normal
TX004682,normal
TX004683,normal
TX004684,normal
TX004685,normal
TX004686,normal
TX004687,normal
TX004688,normal
TX004689,normal
TX004690,normal
TX004691,normal
TX004692,normal
TX004693,normal
TX004694,normal
TX004695,normal
TX004696,normal
TX004697,normal
TX004698,normal
TX004699,normal
TX004700,normal
TX004701,normal
TX004702,normal
TX004703,normal
TX004704,normal
TX004705,normal
TX004706,normal
TX004707,normal
TX004708,normal
TX004709,normal
TX004710,normal
TX004711,normal
TX004712,normal
TX004713,normal
TX004714,normal
TX004715,normal
TX004716,normal
TX004717,normal
TX004718,normal
TX004719,normal
TX004720,normal
TX004721,normal
TX004722,normal
TX004723,normal
TX004724,normal
TX004725,normal
TX004726,normal
TX004727,normal
TX004728,normal
TX004729,normal
TX004730,normal
TX004731,normal
TX004732,normal
TX004733,normal
TX004734,normal
TX004735,normal
TX004736,normal
TX004737,normal
TX004738,normal
TX004739,normal
TX004740,normal
TX004741,normal
TX004742,normal
TX004743,normal
TX004744,normal
TX004745,normal
TX004746,normal
TX004747,normal
TX004748,normal
TX004749,normal
TX004750,normal
TX004751,normal
TX004752,normal
TX004753,normal
TX004754,normal
TX004755,normal
TX004756,normal
TX004757,normal
TX004758,normal
TX004759,normal
TX004760,normal
TX004761,normal
TX004762,normal
TX004763,normal
TX004764,normal
TX004765,normal
TX004766,normal
TX004767,normal
TX004768,normal
TX004769,normal
TX004770,normal
TX004771,normal
TX004772,normal
TX004773,normal
TX004774,normal
TX004775,normal
TX004776,normal
TX004777,normal
TX004778,normal
TX004779,normal
TX004780,normal
TX004781,normal
TX004782,normal
TX004783,normal
TX004784,normal
TX004785,normal
TX004786,normal
TX004787,normal
TX004788,normal
TX004789,normal
TX004790,normal
TX004791,normal
TX004792,normal
TX004793,normal
TX004794,normal
TX004795,normal
TX004796,normal
TX004797,normal
TX004798,normal
TX004799,normal
TX004800,normal
TX004801,normal
TX004802,normal
TX004803,normal
TX004804,normal
TX004805,normal
TX004806,normal
TX004807,normal
TX004808,normal
TX004809,normal
TX004810,normal
TX004811,normal
TX004812,normal
TX004813,normal
TX004814,normal
TX004815,normal
TX004816,normal
TX004817,normal
TX004818,normal
TX004819,normal
TX004820,normal
TX004821,normal
TX004822,normal
TX004823,normal
TX004824,normal
TX004825,normal
TX004826,normal
TX004827,normal
TX004828,normal
TX004829,normal
TX004830,normal
TX004831,normal
TX004832,normal
TX004833,normal
TX004834,normal
TX004835,normal
TX004836,normal
TX004837,normal
TX004838,normal
TX004839,normal
TX004840,normal
TX004841,normal
TX004842,normal
TX004843,normal
TX004844,normal
TX004845,normal
TX004846,normal
TX004847,normal
TX004848,normal
TX004849,normal
TX004850,normal
TX004851,normal
TX004852,normal
TX004853,normal
TX004854,normal
TX004855,normal
TX004856,normal
TX004857,normal
TX004858,normal
TX004859,normal
TX004860,normal
TX004861,normal
TX004862,normal
TX004863,normal
TX004864,normal
TX004865,normal
TX004866,normal
TX004867,normal
TX004868,normal
TX004869,normal
TX004870,normal
TX004871,normal
TX004872,normal
TX004873,normal
TX004874,normal
TX004875,normal
TX004876,normal
TX004877,normal
TX004878,normal
TX004879,normal
TX004880,normal
TX004881,normal
TX004882,normal
TX004883,normal
TX004884,normal
TX004885,normal
TX004886,normal
TX004887,normal
TX004888,normal
TX004889,normal
TX004890,normal
TX004891,faux_marchand
TX004892,normal
TX004893,normal
TX004894,normal
TX004895,normal
TX004896,normal
TX004897,normal
TX004898,normal
TX004899,normal
TX004900,normal
TX004901,normal
TX004902,normal
TX004903,normal
TX004904,normal
TX004905,normal
TX004906,normal
TX004907,normal
TX004908,normal
TX004909,normal
TX004910,normal
TX004911,normal
TX004912,normal
TX004913,normal
TX004914,normal
TX004915,normal
TX004916,normal
TX004917,normal
TX004918,normal
TX004919,normal
TX004920,normal
TX004921,normal
TX004922,normal
TX004923,normal
TX004924,normal
TX004925,normal
TX004926,normal
TX004927,normal
TX004928,normal
TX004929,normal
TX004930,normal
TX004931,normal
TX004932,normal
TX004933,normal
TX004934,normal
TX004935,normal
TX004936,normal
TX004937,normal
TX004938,normal
TX004939,normal
TX004940,normal
TX004941,normal
TX004942,normal
TX004943,normal
TX004944,normal
TX004945,normal
TX004946,normal
TX004947,normal
TX004948,normal
TX004949,normal
TX004950,normal
TX004951,normal
TX004952,normal
TX004953,normal
TX004954,normal
TX004955,normal
TX004956,normal
TX004957,normal
TX004958,normal
TX004959,normal
TX004960,normal
TX004961,normal
TX004962,normal
TX004963,normal
TX004964,normal
TX004965,normal
TX004966,normal
TX004967,normal
TX004968,normal
TX004969,normal
TX004970,normal
TX004971,normal
TX004972,normal
TX004973,normal
TX004974,normal
TX004975,sim_swap
TX004976,normal
TX004977,normal
TX004978,normal
TX004979,normal
TX004980,normal
TX004981,normal
TX004982,normal
TX004983,normal
TX004984,normal
TX004985,normal
TX004986,normal
TX004987,normal
TX004988,normal
TX004989,normal
TX004990,normal
TX004991,normal
TX004992,normal
TX004993,normal
TX004994,normal
TX004995,normal
TX004996,normal
TX004997,normal
TX004998,normal
TX004999,normal
TX005000,normal
TX005001,normal
TX005002,normal
TX005003,normal
TX005004,normal
TX005005,normal
TX005006,normal
TX005007,normal
TX005008,normal
TX005009,normal
TX005010,normal
TX005011,normal
TX005012,normal
TX005013,normal
TX005014,normal
TX005015,normal
TX005016,normal
TX005017,normal
TX005018,normal
TX005019,normal
TX005020,normal
TX005021,normal
TX005022,normal
TX005023,normal
TX005024,faux_marchand
TX005025,normal
TX005026,normal
TX005027,normal
TX005028,normal
TX005029,normal
TX005030,normal
TX005031,normal
TX005032,normal
TX005033,normal
TX005034,normal
TX005035,normal
TX005036,normal
TX005037,normal
TX005038,normal
TX005039,normal
TX005040,normal
TX005041,normal
TX005042,normal
TX005043,normal
TX005044,normal
TX005045,normal
TX005046,normal
TX005047,normal
TX005048,normal
TX005049,normal
TX005050,normal
TX005051,normal
TX005052,normal
TX005053,normal
TX005054,normal
TX005055,normal
TX005056,normal
TX005057,normal
TX005058,normal
TX005059,normal
TX005060,faux_marchand
TX005061,normal
TX005062,normal
TX005063,normal
TX005064,normal
TX005065,normal
TX005066,normal
TX005067,normal
TX005068,normal
TX005069,normal
TX005070,normal
TX005071,normal
TX005072,normal
TX005073,normal
TX005074,normal
TX005075,normal
TX005076,normal
TX005077,normal
TX005078,normal
TX005079,normal
TX005080,normal
TX005081,normal
TX005082,normal
TX005083,normal
TX005084,normal
TX005085,normal
TX005086,normal
TX005087,normal
TX005088,normal
TX005089,normal
TX005090,normal
TX005091,normal
TX005092,normal
TX005093,normal
TX005094,normal
TX005095,normal
TX005096,normal
TX005097,normal
TX005098,normal
TX005099,normal
TX005100,normal
TX005101,normal
TX005102,normal
TX005103,normal
TX005104,normal
TX005105,normal
TX005106,normal
TX005107,normal
TX005108,normal
TX005109,normal
TX005110,normal
TX005111,sim_swap
TX005112,normal
TX005113,normal
TX005114,normal
TX005115,normal
TX005116,normal
TX005117,normal
TX005118,normal
TX005119,normal
TX005120,normal
TX005121,normal
TX005122,normal
TX005123,normal
TX005124,normal
TX005125,normal
TX005126,normal
TX005127,normal
TX005128,normal
TX005129,normal
TX005130,normal
TX005131,normal
TX005132,normal
TX005133,normal
TX005134,normal
TX005135,normal
TX005136,normal
TX005137,normal
TX005138,normal
TX005139,normal
TX005140,normal
TX005141,normal
TX005142,normal
TX005143,normal
TX005144,normal
TX005145,normal
TX005146,normal
TX005147,normal
TX005148,normal
TX005149,normal
TX005150,normal
TX005151,normal
TX005152,normal
TX005153,normal
TX005154,normal
TX005155,normal
TX005156,normal
TX005157,normal
TX005158,normal
TX005159,normal
TX005160,normal
TX005161,normal
TX005162,normal
TX005163,normal
TX005164,normal
TX005165,normal
TX005166,normal
TX005167,normal
TX005168,normal
TX005169,normal
TX005170,normal
TX005171,normal
TX005172,normal
TX005173,normal
TX005174,normal
TX005175,normal
TX005176,normal
TX005177,normal
TX005178,normal
TX005179,normal
TX005180,normal
TX005181,normal
TX005182,normal
TX005183,normal
TX005184,normal
TX005185,normal
TX005186,normal
TX005187,normal
TX005188,normal
TX005189,normal
TX005190,normal
TX005191,normal
TX005192,normal
TX005193,normal
TX005194,normal
TX005195,normal
TX005196,normal
TX005197,normal
TX005198,normal
TX005199,normal
TX005200,normal
TX005201,normal
TX005202,normal
TX005203,normal
TX005204,normal
TX005205,normal
TX005206,normal
TX005207,normal
TX005208,normal
TX005209,normal
TX005210,normal
TX005211,normal
TX005212,normal
TX005213,normal
TX005214,normal
TX005215,normal
TX005216,normal
TX005217,normal
TX005218,normal
TX005219,normal
TX005220,normal
TX005221,normal
TX005222,normal
TX005223,normal
TX005224,normal
TX005225,normal
TX005226,normal
TX005227,normal
TX005228,normal
TX005229,normal
TX005230,normal
TX005231,normal
TX005232,normal
TX005233,normal
TX005234,normal
TX005235,normal
TX005236,normal
TX005237,normal
TX005238,normal
TX005239,normal
TX005240,normal
TX005241,normal
TX005242,normal
TX005243,normal
TX005244,normal
TX005245,normal
TX005246,normal
TX005247,normal
TX005248,normal
TX005249,normal
TX005250,normal
TX005251,normal
TX005252,normal
TX005253,normal
TX005254,normal
TX005255,normal
TX005256,normal
TX005257,normal
TX005258,normal
TX005259,normal
TX005260,normal
TX005261,normal
TX005262,normal
TX005263,sim_swap
TX005264,normal
TX005265,normal
TX005266,normal
TX005267,sim_swap
TX005268,normal
TX005269,normal
TX005270,normal
TX005271,normal
TX005272,normal
TX005273,normal
TX005274,normal
TX005275,normal
TX005276,normal
TX005277,normal
TX005278,normal
TX005279,normal
TX005280,normal
TX005281,normal
TX005282,normal
TX005283,normal
TX005284,normal
TX005285,normal
TX005286,normal
TX005287,normal
TX005288,normal
TX005289,normal
TX005290,normal
TX005291,normal
TX005292,compte_mule
TX005293,normal
TX005294,normal
TX005295,normal
TX005296,normal
TX005297,normal
TX005298,normal
TX005299,normal
TX005300,normal
TX005301,normal
TX005302,normal
TX005303,normal
TX005304,normal
TX005305,normal
TX005306,normal
TX005307,normal
TX005308,normal
TX005309,normal
TX005310,normal
TX005311,normal
TX005312,normal
TX005313,normal
TX005314,normal
TX005315,normal
TX005316,normal
TX005317,normal
TX005318,sim_swap
TX005319,normal
TX005320,normal
TX005321,normal
TX005322,normal
TX005323,normal
TX005324,sim_swap
TX005325,normal
TX005326,normal
TX005327,normal
TX005328,normal
TX005329,normal
TX005330,normal
TX005331,normal
TX005332,normal
TX005333,normal
TX005334,normal
TX005335,normal
TX005336,normal
TX005337,normal
TX005338,normal
TX005339,normal
TX005340,normal
TX005341,normal
TX005342,normal
TX005343,normal
TX005344,normal
TX005345,normal
TX005346,normal
TX005347,normal
TX005348,normal
TX005349,normal
TX005350,normal
TX005351,normal
TX005352,normal
TX005353,normal
TX005354,normal
TX005355,normal
TX005356,normal
TX005357,normal
TX005358,normal
TX005359,normal
TX005360,normal
TX005361,normal
TX005362,normal
TX005363,normal
TX005364,normal
TX005365,normal
TX005366,normal
TX005367,normal
TX005368,normal
TX005369,normal
TX005370,normal
TX005371,normal
TX005372,normal
TX005373,normal
TX005374,normal
TX005375,normal
TX005376,normal
TX005377,normal
TX005378,normal
TX005379,normal
TX005380,normal
TX005381,normal
TX005382,normal
TX005383,normal
TX005384,normal
TX005385,normal
TX005386,normal
TX005387,normal
TX005388,normal
TX005389,normal
TX005390,normal
TX005391,normal
TX005392,normal
TX005393,normal
TX005394,normal
TX005395,normal
TX005396,normal
TX005397,normal
TX005398,normal
TX005399,normal
TX005400,normal
TX005401,normal
TX005402,normal
TX005403,normal
TX005404,normal
TX005405,normal
TX005406,normal
TX005407,normal
TX005408,normal
TX005409,normal
TX005410,normal
TX005411,normal
TX005412,normal
TX005413,normal
TX005414,normal
TX005415,normal
TX005416,normal
TX005417,normal
TX005418,normal
TX005419,normal
TX005420,normal
TX005421,normal
TX005422,normal
TX005423,normal
TX005424,normal
TX005425,normal
TX005426,normal
TX005427,normal
TX005428,normal
TX005429,normal
TX005430,normal
TX005431,normal
TX005432,normal
TX005433,normal
TX005434,normal
TX005435,normal
TX005436,normal
TX005437,normal
TX005438,normal
TX005439,normal
TX005440,normal
TX005441,normal
TX005442,normal
TX005443,normal
TX005444,normal
TX005445,normal
TX005446,normal
TX005447,normal
TX005448,normal
TX005449,normal
TX005450,normal
TX005451,normal
TX005452,normal
TX005453,normal
TX005454,normal
TX005455,normal
TX005456,normal
TX005457,normal
TX005458,normal
TX005459,normal
TX005460,normal
TX005461,normal
TX005462,normal
TX005463,normal
TX005464,normal
TX005465,normal
TX005466,normal
TX005467,normal
TX005468,normal
TX005469,normal
TX005470,normal
TX005471,normal
TX005472,normal
TX005473,normal
TX005474,normal
TX005475,normal
TX005476,normal
TX005477,normal
TX005478,normal
TX005479,normal
TX005480,compte_mule
TX005481,normal
TX005482,normal
TX005483,normal
TX005484,normal
TX005485,normal
TX005486,normal
TX005487,normal
TX005488,normal
TX005489,normal
TX005490,normal
TX005491,normal
TX005492,normal
TX005493,normal
TX005494,normal
TX005495,normal
TX005496,normal
TX005497,normal
TX005498,normal
TX005499,normal
TX005500,normal
TX005501,normal
TX005502,normal
TX005503,normal
TX005504,normal
TX005505,normal
TX005506,normal
TX005507,normal
TX005508,normal
TX005509,normal
TX005510,normal
TX005511,normal
TX005512,normal
TX005513,normal
TX005514,normal
TX005515,normal
TX005516,sim_swap
TX005517,normal
TX005518,normal
TX005519,normal
TX005520,normal
TX005521,normal
TX005522,normal
TX005523,normal
TX005524,normal
TX005525,normal
TX005526,normal
TX005527,normal
TX005528,normal
TX005529,normal
TX005530,normal
TX005531,normal
TX005532,normal
TX005533,normal
TX005534,normal
TX005535,normal
TX005536,normal
TX005537,normal
TX005538,normal
TX005539,normal
TX005540,normal
TX005541,normal
TX005542,normal
TX005543,normal
TX005544,normal
TX005545,normal
TX005546,normal
TX005547,normal
TX005548,normal
TX005549,normal
TX005550,normal
TX005551,faux_marchand
TX005552,normal
TX005553,normal
TX005554,normal
TX005555,normal
TX005556,normal
TX005557,normal
TX005558,normal
TX005559,normal
TX005560,normal
TX005561,normal
TX005562,normal
TX005563,normal
TX005564,normal
TX005565,normal
TX005566,normal
TX005567,normal
TX005568,normal
TX005569,normal
TX005570,normal
TX005571,normal
TX005572,normal
TX005573,normal
TX005574,normal
TX005575,normal
TX005576,normal
TX005577,normal
TX005578,normal
TX005579,normal
TX005580,normal
TX005581,normal
TX005582,normal
TX005583,normal
TX005584,normal
TX005585,normal
TX005586,normal
TX005587,normal
TX005588,normal
TX005589,normal
TX005590,normal
TX005591,normal
TX005592,normal
TX005593,normal
TX005594,normal
TX005595,normal
TX005596,normal
TX005597,normal
TX005598,normal
TX005599,normal
TX005600,normal
TX005601,normal
TX005602,normal
TX005603,normal
TX005604,normal
TX005605,normal
TX005606,normal
TX005607,normal
TX005608,normal
TX005609,normal
TX005610,normal
TX005611,normal
TX005612,normal
TX005613,normal
TX005614,normal
TX005615,normal
TX005616,normal
TX005617,normal
TX005618,normal
TX005619,normal
TX005620,normal
TX005621,normal
TX005622,normal
TX005623,normal
TX005624,normal
TX005625,normal
TX005626,normal
TX005627,normal
TX005628,normal
TX005629,normal
TX005630,normal
TX005631,normal
TX005632,normal
TX005633,normal
TX005634,normal
TX005635,normal
TX005636,normal
TX005637,normal
TX005638,normal
TX005639,normal
TX005640,normal
TX005641,normal
TX005642,normal
TX005643,normal
TX005644,normal
TX005645,normal
TX005646,normal
TX005647,normal
TX005648,normal
TX005649,normal
TX005650,compte_mule
TX005651,normal
TX005652,normal
TX005653,normal
TX005654,normal
TX005655,normal
TX005656,normal
TX005657,normal
TX005658,normal
TX005659,normal
TX005660,normal
TX005661,normal
TX005662,normal
TX005663,normal
TX005664,normal
TX005665,normal
TX005666,normal
TX005667,normal
TX005668,normal
TX005669,normal
TX005670,normal
TX005671,normal
TX005672,normal
TX005673,normal
TX005674,normal
TX005675,normal
TX005676,normal
TX005677,normal
TX005678,normal
TX005679,normal
TX005680,normal
TX005681,normal
TX005682,normal
TX005683,normal
TX005684,normal
TX005685,normal
TX005686,normal
TX005687,normal
TX005688,normal
TX005689,normal
TX005690,normal
TX005691,normal
TX005692,normal
TX005693,normal
TX005694,normal
TX005695,normal
TX005696,normal
TX005697,normal
TX005698,normal
TX005699,normal
TX005700,normal
TX005701,normal
TX005702,normal
TX005703,normal
TX005704,normal
TX005705,normal
TX005706,normal
TX005707,normal
TX005708,normal
TX005709,normal
TX005710,normal
TX005711,normal
TX005712,normal
TX005713,normal
TX005714,normal
TX005715,normal
TX005716,normal
TX005717,normal
TX005718,normal
TX005719,normal
TX005720,normal
TX005721,normal
TX005722,normal
TX005723,normal
TX005724,normal
TX005725,normal
TX005726,normal
TX005727,normal
TX005728,normal
TX005729,normal
TX005730,normal
TX005731,normal
TX005732,normal
TX005733,normal
TX005734,normal
TX005735,normal
TX005736,normal
TX005737,normal
TX005738,normal
TX005739,normal
TX005740,normal
TX005741,normal
TX005742,normal
TX005743,normal
TX005744,normal
TX005745,normal
TX005746,normal
TX005747,normal
TX005748,normal
TX005749,normal
TX005750,normal
TX005751,normal
TX005752,normal
TX005753,normal
TX005754,normal
TX005755,normal
TX005756,normal
TX005757,normal
TX005758,normal
TX005759,normal
TX005760,normal
TX005761,normal
TX005762,normal
TX005763,normal
TX005764,normal
TX005765,normal
TX005766,normal
TX005767,normal
TX005768,sim_swap
TX005769,normal
TX005770,normal
TX005771,normal
TX005772,normal
TX005773,normal
TX005774,normal
TX005775,normal
TX005776,normal
TX005777,normal
TX005778,normal
TX005779,normal
TX005780,normal
TX005781,normal
TX005782,normal
TX005783,normal
TX005784,normal
TX005785,normal
TX005786,normal
TX005787,normal
TX005788,normal
TX005789,normal
TX005790,normal
TX005791,normal
TX005792,normal
TX005793,normal
TX005794,normal
TX005795,normal
TX005796,normal
TX005797,normal
TX005798,normal
TX005799,normal
TX005800,normal
TX005801,normal
TX005802,normal
TX005803,normal
TX005804,normal
TX005805,normal
TX005806,normal
TX005807,normal
TX005808,normal
TX005809,normal
TX005810,normal
TX005811,normal
TX005812,normal
TX005813,normal
TX005814,normal
TX005815,normal
TX005816,normal
TX005817,normal
TX005818,normal
TX005819,normal
TX005820,normal
TX005821,normal
TX005822,normal
TX005823,normal
TX005824,normal
TX005825,normal
TX005826,normal
TX005827,normal
TX005828,normal
TX005829,normal
TX005830,normal
TX005831,normal
TX005832,normal
TX005833,normal
TX005834,normal
TX005835,normal
TX005836,normal
TX005837,normal
TX005838,normal
TX005839,normal
TX005840,normal
TX005841,normal
TX005842,normal
TX005843,normal
TX005844,normal
TX005845,normal
TX005846,normal
TX005847,normal
TX005848,normal
TX005849,normal
TX005850,normal
TX005851,normal
TX005852,normal
TX005853,normal
TX005854,normal
TX005855,normal
TX005856,normal
TX005857,normal
TX005858,normal
TX005859,normal
TX005860,compte_mule
TX005861,normal
TX005862,normal
TX005863,normal
TX005864,normal
TX005865,normal
TX005866,normal
TX005867,normal
TX005868,normal
TX005869,normal
TX005870,normal
TX005871,normal
TX005872,normal
TX005873,normal
TX005874,normal
TX005875,normal
TX005876,normal
TX005877,normal
TX005878,normal
TX005879,normal
TX005880,normal
TX005881,normal
TX005882,normal
TX005883,normal
TX005884,normal
TX005885,normal
TX005886,normal
TX005887,normal
TX005888,normal
TX005889,normal
TX005890,normal
TX005891,normal
TX005892,normal
TX005893,normal
TX005894,normal
TX005895,normal
TX005896,normal
TX005897,normal
TX005898,normal
TX005899,normal
TX005900,normal
TX005901,normal
TX005902,normal
TX005903,normal
TX005904,normal
TX005905,normal
TX005906,normal
TX005907,normal
TX005908,normal
TX005909,normal
TX005910,normal
TX005911,normal
TX005912,normal
TX005913,normal
TX005914,normal
TX005915,normal
TX005916,normal
TX005917,normal
TX005918,normal
TX005919,normal
TX005920,normal
TX005921,normal
TX005922,normal
TX005923,normal
TX005924,normal
TX005925,normal
TX005926,normal
TX005927,normal
TX005928,normal
TX005929,normal
TX005930,normal
TX005931,normal
TX005932,normal
TX005933,normal
TX005934,normal
TX005935,normal
TX005936,normal
TX005937,normal
TX005938,normal
TX005939,normal
TX005940,normal
TX005941,normal
TX005942,normal
TX005943,normal
TX005944,normal
TX005945,normal
TX005946,normal
TX005947,normal
TX005948,normal
TX005949,normal
TX005950,normal
TX005951,normal
TX005952,normal
TX005953,normal
TX005954,normal
TX005955,normal
TX005956,normal
TX005957,normal
TX005958,normal
TX005959,normal
TX005960,normal
TX005961,normal
TX005962,normal
TX005963,normal
TX005964,normal
TX005965,normal
TX005966,normal
TX005967,normal
TX005968,normal
TX005969,normal
TX005970,normal
TX005971,normal
TX005972,normal
TX005973,normal
TX005974,normal
TX005975,normal
TX005976,normal
TX005977,normal
TX005978,normal
TX005979,normal
TX005980,normal
TX005981,normal
TX005982,normal
TX005983,normal
TX005984,normal
TX005985,normal
TX005986,normal
TX005987,normal
TX005988,normal
TX005989,normal
TX005990,normal
TX005991,normal
TX005992,normal
TX005993,normal
TX005994,normal
TX005995,normal
TX005996,normal
TX005997,normal
TX005998,normal
TX005999,normal
TX006000,normal
TX006001,normal
TX006002,normal
TX006003,normal
TX006004,normal
TX006005,normal
TX006006,normal
TX006007,normal
TX006008,normal
TX006009,normal
TX006010,normal
TX006011,normal
TX006012,normal
TX006013,normal
TX006014,normal
TX006015,normal
TX006016,normal
TX006017,normal
TX006018,normal
TX006019,normal
TX006020,normal
TX006021,normal
TX006022,normal
TX006023,normal
TX006024,normal
TX006025,normal
TX006026,normal
TX006027,normal
TX006028,normal
TX006029,normal
TX006030,normal
TX006031,normal
TX006032,normal
TX006033,normal
TX006034,normal
TX006035,normal
TX006036,normal
TX006037,normal
TX006038,normal
TX006039,normal
TX006040,normal
TX006041,normal
TX006042,normal
TX006043,normal
TX006044,normal
TX006045,normal
TX006046,normal
TX006047,normal
TX006048,normal
TX006049,normal
TX006050,normal
TX006051,normal
TX006052,normal
TX006053,normal
TX006054,normal
TX006055,normal
TX006056,normal
TX006057,normal
TX006058,normal
TX006059,normal
TX006060,normal
TX006061,normal
TX006062,normal
TX006063,normal
TX006064,normal
TX006065,normal
TX006066,normal
TX006067,compte_mule
TX006068,normal
TX006069,normal
TX006070,normal
TX006071,normal
TX006072,normal
TX006073,normal
TX006074,normal
TX006075,normal
TX006076,normal
TX006077,normal
TX006078,normal
TX006079,normal
TX006080,normal
TX006081,normal
TX006082,normal
TX006083,normal
TX006084,normal
TX006085,normal
TX006086,normal
TX006087,normal
TX006088,normal
TX006089,normal
TX006090,normal
TX006091,normal
TX006092,normal
TX006093,normal
TX006094,normal
TX006095,normal
TX006096,normal
TX006097,normal
TX006098,normal
TX006099,normal
TX006100,normal
TX006101,normal
TX006102,normal
TX006103,normal
TX006104,normal
TX006105,normal
TX006106,normal
TX006107,normal
TX006108,normal
TX006109,normal
TX006110,normal
TX006111,normal
TX006112,normal
TX006113,normal
TX006114,normal
TX006115,normal
TX006116,normal
TX006117,normal
TX006118,normal
TX006119,normal
TX006120,normal
TX006121,normal
TX006122,normal
TX006123,normal
TX006124,normal
TX006125,normal
TX006126,normal
TX006127,normal
TX006128,normal
TX006129,normal
TX006130,normal
TX006131,normal
TX006132,normal
TX006133,normal
TX006134,normal
TX006135,normal
TX006136,normal
TX006137,normal
TX006138,normal
TX006139,normal
TX006140,normal
TX006141,normal
TX006142,normal
TX006143,normal
TX006144,normal
TX006145,normal
TX006146,normal
TX006147,normal
TX006148,normal
TX006149,normal
TX006150,normal
TX006151,normal
TX006152,normal
TX006153,normal
TX006154,normal
TX006155,normal
TX006156,normal
TX006157,normal
TX006158,normal
TX006159,normal
TX006160,normal
TX006161,normal
TX006162,normal
TX006163,normal
TX006164,normal
TX006165,normal
TX006166,normal
TX006167,normal
TX006168,compte_mule
TX006169,normal
TX006170,normal
TX006171,normal
TX006172,normal
TX006173,normal
TX006174,normal
TX006175,normal
TX006176,normal
TX006177,normal
TX006178,normal
TX006179,normal
TX006180,normal
TX006181,normal
TX006182,normal
TX006183,normal
TX006184,normal
TX006185,normal
TX006186,normal
TX006187,normal
TX006188,normal
TX006189,normal
TX006190,normal
TX006191,normal
TX006192,normal
TX006193,normal
TX006194,normal
TX006195,normal
TX006196,normal
TX006197,normal
TX006198,normal
TX006199,normal
TX006200,normal
TX006201,normal
TX006202,normal
TX006203,normal
TX006204,normal
TX006205,normal
TX006206,normal
TX006207,normal
TX006208,normal
TX006209,normal
TX006210,normal
TX006211,normal
TX006212,normal
TX006213,normal
TX006214,normal
TX006215,normal
TX006216,normal
TX006217,normal
TX006218,normal
TX006219,normal
TX006220,normal
TX006221,normal
TX006222,normal
TX006223,normal
TX006224,normal
TX006225,normal
TX006226,normal
TX006227,normal
TX006228,normal
TX006229,normal
TX006230,normal
TX006231,normal
TX006232,normal
TX006233,normal
TX006234,normal
TX006235,normal
TX006236,normal
TX006237,normal
TX006238,normal
TX006239,normal
TX006240,normal
TX006241,normal
TX006242,normal
TX006243,normal
TX006244,normal
TX006245,normal
TX006246,normal
TX006247,normal
TX006248,normal
TX006249,normal
TX006250,normal
TX006251,normal
TX006252,normal
TX006253,normal
TX006254,normal
TX006255,normal
TX006256,normal
TX006257,normal
TX006258,normal
TX006259,normal
TX006260,normal
TX006261,normal
TX006262,normal
TX006263,normal
TX006264,normal
TX006265,normal
TX006266,normal
TX006267,normal
TX006268,normal
TX006269,normal
TX006270,normal
TX006271,normal
TX006272,normal
TX006273,normal
TX006274,normal
TX006275,normal
TX006276,normal
TX006277,normal
TX006278,normal
TX006279,normal
TX006280,normal
TX006281,normal
TX006282,normal
TX006283,normal
TX006284,normal
TX006285,normal
TX006286,normal
TX006287,normal
TX006288,normal
TX006289,normal
TX006290,normal
TX006291,normal
TX006292,normal
TX006293,normal
TX006294,normal
TX006295,normal
TX006296,normal
TX006297,normal
TX006298,normal
TX006299,normal
TX006300,normal
TX006301,normal
TX006302,normal
TX006303,normal
TX006304,normal
TX006305,normal
TX006306,normal
TX006307,normal
TX006308,normal
TX006309,normal
TX006310,normal
TX006311,normal
TX006312,normal
TX006313,normal
TX006314,normal
TX006315,normal
TX006316,normal
TX006317,normal
TX006318,normal
TX006319,normal
TX006320,normal
TX006321,normal
TX006322,normal
TX006323,normal
TX006324,normal
TX006325,normal
TX006326,normal
TX006327,normal
TX006328,normal
TX006329,normal
TX006330,normal
TX006331,faux_marchand
TX006332,normal
TX006333,normal
TX006334,normal
TX006335,normal
TX006336,normal
TX006337,normal
TX006338,normal
TX006339,normal
TX006340,normal
TX006341,normal
TX006342,normal
TX006343,normal
TX006344,normal
TX006345,normal
TX006346,normal
TX006347,normal
TX006348,normal
TX006349,normal
TX006350,normal
TX006351,normal
TX006352,normal
TX006353,normal
TX006354,normal
TX006355,normal
TX006356,normal
TX006357,normal
TX006358,normal
TX006359,normal
TX006360,normal
TX006361,normal
TX006362,compte_mule
TX006363,normal
TX006364,normal
TX006365,normal
TX006366,normal
TX006367,normal
TX006368,normal
TX006369,normal
TX006370,normal
TX006371,normal
TX006372,normal
TX006373,normal
TX006374,normal
TX006375,normal
TX006376,normal
TX006377,normal
TX006378,normal
TX006379,normal
TX006380,normal
TX006381,normal
TX006382,normal
TX006383,normal
TX006384,normal
TX006385,normal
TX006386,normal
TX006387,normal
TX006388,normal
TX006389,normal
TX006390,normal
TX006391,normal
TX006392,normal
TX006393,normal
TX006394,normal
TX006395,normal
TX006396,normal
TX006397,normal
TX006398,normal
TX006399,normal
TX006400,normal
TX006401,normal
TX006402,normal
TX006403,normal
TX006404,normal
TX006405,normal
TX006406,normal
TX006407,normal
TX006408,normal
TX006409,normal
TX006410,normal
TX006411,normal
TX006412,normal
TX006413,normal
TX006414,normal
TX006415,normal
TX006416,normal
TX006417,normal
TX006418,normal
TX006419,normal
TX006420,normal
TX006421,normal
TX006422,normal
TX006423,normal
TX006424,normal
TX006425,normal
TX006426,normal
TX006427,normal
TX006428,normal
TX006429,normal
TX006430,sim_swap
TX006431,normal
TX006432,normal
TX006433,normal
TX006434,normal
TX006435,normal
TX006436,normal
TX006437,normal
TX006438,normal
TX006439,normal
TX006440,normal
TX006441,normal
TX006442,normal
TX006443,normal
TX006444,normal
TX006445,normal
TX006446,normal
TX006447,normal
TX006448,normal
TX006449,normal
TX006450,normal
TX006451,normal
TX006452,normal
TX006453,normal
TX006454,normal
TX006455,normal
TX006456,normal
TX006457,normal
TX006458,normal
TX006459,normal
TX006460,normal
TX006461,normal
TX006462,normal
TX006463,normal
TX006464,normal
TX006465,normal
TX006466,normal
TX006467,normal
TX006468,faux_marchand
TX006469,normal
TX006470,normal
TX006471,normal
TX006472,normal
TX006473,normal
TX006474,normal
TX006475,normal
TX006476,normal
TX006477,normal
TX006478,normal
TX006479,normal
TX006480,normal
TX006481,normal
TX006482,normal
TX006483,normal
TX006484,normal
TX006485,normal
TX006486,normal
TX006487,normal
TX006488,normal
TX006489,normal
TX006490,normal
TX006491,normal
TX006492,normal
TX006493,normal
TX006494,normal
TX006495,normal
TX006496,normal
TX006497,normal
TX006498,normal
TX006499,normal
TX006500,normal
TX006501,normal
TX006502,normal
TX006503,normal
TX006504,normal
TX006505,normal
TX006506,normal
TX006507,normal
TX006508,normal
TX006509,normal
TX006510,normal
TX006511,normal
TX006512,sim_swap
TX006513,normal
TX006514,compte_mule
TX006515,normal
TX006516,normal
TX006517,normal
TX006518,normal
TX006519,normal
TX006520,normal
TX006521,normal
TX006522,normal
TX006523,normal
TX006524,normal
TX006525,normal
TX006526,normal
TX006527,normal
TX006528,normal
TX006529,normal
TX006530,normal
TX006531,normal
TX006532,normal
TX006533,normal
TX006534,normal
TX006535,normal
TX006536,normal
TX006537,normal
TX006538,normal
TX006539,normal
TX006540,normal
TX006541,normal
TX006542,normal
TX006543,normal
TX006544,normal
TX006545,normal
TX006546,normal
TX006547,normal
TX006548,normal
TX006549,normal
TX006550,normal
TX006551,normal
TX006552,normal
TX006553,normal
TX006554,normal
TX006555,normal
TX006556,normal
TX006557,normal
TX006558,normal
TX006559,normal
TX006560,normal
TX006561,normal
TX006562,normal
TX006563,normal
TX006564,normal
TX006565,normal
TX006566,normal
TX006567,normal
TX006568,normal
TX006569,normal
TX006570,normal
TX006571,normal
TX006572,normal
TX006573,normal
TX006574,normal
TX006575,normal
TX006576,normal
TX006577,normal
TX006578,normal
TX006579,normal
TX006580,normal
TX006581,normal
TX006582,normal
TX006583,normal
TX006584,normal
TX006585,normal
TX006586,normal
TX006587,normal
TX006588,normal
TX006589,normal
TX006590,normal
TX006591,normal
TX006592,normal
TX006593,normal
TX006594,normal
TX006595,normal
TX006596,normal
TX006597,normal
TX006598,normal
TX006599,normal
TX006600,normal
TX006601,normal
TX006602,normal
TX006603,normal
TX006604,normal
TX006605,normal
TX006606,normal
TX006607,normal
TX006608,normal
TX006609,normal
TX006610,normal
TX006611,normal
TX006612,normal
TX006613,normal
TX006614,faux_marchand
TX006615,normal
TX006616,normal
TX006617,normal
TX006618,normal
TX006619,normal
TX006620,normal
TX006621,normal
TX006622,normal
TX006623,normal
TX006624,normal
TX006625,normal
TX006626,normal
TX006627,normal
TX006628,normal
TX006629,normal
TX006630,normal
TX006631,normal
TX006632,normal
TX006633,normal
TX006634,normal
TX006635,normal
TX006636,normal
TX006637,normal
TX006638,normal
TX006639,normal
TX006640,normal
TX006641,normal
TX006642,normal
TX006643,normal
TX006644,normal
TX006645,normal
TX006646,normal
TX006647,normal
TX006648,normal
TX006649,normal
TX006650,normal
TX006651,normal
TX006652,normal
TX006653,normal
TX006654,normal
TX006655,normal
TX006656,normal
TX006657,normal
TX006658,normal
TX006659,normal
TX006660,normal
TX006661,normal
TX006662,normal
TX006663,normal
TX006664,normal
TX006665,normal
TX006666,normal
TX006667,normal
TX006668,normal
TX006669,normal
TX006670,normal
TX006671,normal
TX006672,normal
TX006673,normal
TX006674,normal
TX006675,normal
TX006676,normal
TX006677,normal
TX006678,normal
TX006679,normal
TX006680,normal
TX006681,compte_mule
TX006682,normal
TX006683,normal
TX006684,normal
TX006685,normal
TX006686,normal
TX006687,normal
TX006688,normal
TX006689,normal
TX006690,normal
TX006691,normal
TX006692,normal
TX006693,normal
TX006694,normal
TX006695,normal
TX006696,normal
TX006697,normal
TX006698,normal
TX006699,normal
TX006700,normal
TX006701,normal
TX006702,faux_marchand
TX006703,normal
TX006704,normal
TX006705,normal
TX006706,normal
TX006707,normal
TX006708,normal
TX006709,normal
TX006710,normal
TX006711,normal
TX006712,normal
TX006713,normal
TX006714,normal
TX006715,normal
TX006716,normal
TX006717,normal
TX006718,normal
TX006719,normal
TX006720,normal
TX006721,normal
TX006722,normal
TX006723,normal
TX006724,normal
TX006725,normal
TX006726,normal
TX006727,normal
TX006728,normal
TX006729,normal
TX006730,normal
TX006731,normal
TX006732,normal
TX006733,normal
TX006734,normal
TX006735,normal
TX006736,normal
TX006737,normal
TX006738,normal
TX006739,normal
TX006740,normal
TX006741,normal
TX006742,normal
TX006743,normal
TX006744,normal
TX006745,normal
TX006746,normal
TX006747,normal
TX006748,normal
TX006749,normal
TX006750,normal
TX006751,normal
TX006752,normal
TX006753,normal
TX006754,normal
TX006755,normal
TX006756,normal
TX006757,normal
TX006758,normal
TX006759,normal
TX006760,normal
TX006761,normal
TX006762,normal
TX006763,normal
TX006764,normal
TX006765,normal
TX006766,normal
TX006767,normal
TX006768,normal
TX006769,normal
TX006770,normal
TX006771,normal
TX006772,normal
TX006773,normal
TX006774,normal
TX006775,normal
TX006776,normal
TX006777,normal
TX006778,normal
TX006779,normal
TX006780,normal
TX006781,normal
TX006782,normal
TX006783,normal
TX006784,normal
TX006785,normal
TX006786,normal
TX006787,normal
TX006788,normal
TX006789,normal
TX006790,normal
TX006791,normal
TX006792,normal
TX006793,normal
TX006794,normal
TX006795,normal
TX006796,normal
TX006797,normal
TX006798,normal
TX006799,normal
TX006800,normal
TX006801,normal
TX006802,normal
TX006803,normal
TX006804,normal
TX006805,normal
TX006806,normal
TX006807,normal
TX006808,normal
TX006809,normal
TX006810,normal
TX006811,normal
TX006812,normal
TX006813,normal
TX006814,normal
TX006815,normal
TX006816,normal
TX006817,normal
TX006818,normal
TX006819,normal
TX006820,normal
TX006821,normal
TX006822,normal
TX006823,normal
TX006824,normal
TX006825,normal
TX006826,normal
TX006827,normal
TX006828,normal
TX006829,normal
TX006830,normal
TX006831,normal
TX006832,normal
TX006833,normal
TX006834,normal
TX006835,normal
TX006836,normal
TX006837,normal
TX006838,normal
TX006839,normal
TX006840,normal
TX006841,normal
TX006842,normal
TX006843,normal
TX006844,normal
TX006845,normal
TX006846,normal
TX006847,normal
TX006848,normal
TX006849,normal
TX006850,normal
TX006851,normal
TX006852,normal
TX006853,normal
TX006854,normal
TX006855,normal
TX006856,normal
TX006857,normal
TX006858,normal
TX006859,normal
TX006860,normal
TX006861,normal
TX006862,normal
TX006863,normal
TX006864,normal
TX006865,normal
TX006866,normal
TX006867,normal
TX006868,normal
TX006869,normal
TX006870,normal
TX006871,normal
TX006872,normal
TX006873,normal
TX006874,normal
TX006875,normal
TX006876,normal
TX006877,normal
TX006878,normal
TX006879,normal
TX006880,normal
TX006881,normal
TX006882,normal
TX006883,normal
TX006884,normal
TX006885,normal
TX006886,normal
TX006887,normal
TX006888,normal
TX006889,normal
TX006890,normal
TX006891,normal
TX006892,normal
TX006893,normal
TX006894,normal
TX006895,normal
TX006896,normal
TX006897,normal
TX006898,normal
TX006899,normal
TX006900,normal
TX006901,normal
TX006902,normal
TX006903,normal
TX006904,normal
TX006905,normal
TX006906,normal
TX006907,normal
TX006908,normal
TX006909,normal
TX006910,normal
TX006911,normal
TX006912,normal
TX006913,normal
TX006914,normal
TX006915,normal
TX006916,normal
TX006917,normal
TX006918,normal
TX006919,normal
TX006920,normal
TX006921,normal
TX006922,normal
TX006923,normal
TX006924,normal
TX006925,normal
TX006926,normal
TX006927,normal
TX006928,normal
TX006929,normal
TX006930,normal
TX006931,normal
TX006932,normal
TX006933,normal
TX006934,normal
TX006935,normal
TX006936,normal
TX006937,normal
TX006938,normal
TX006939,normal
TX006940,normal
TX006941,normal
TX006942,normal
TX006943,normal
TX006944,normal
TX006945,normal
TX006946,normal
TX006947,normal
TX006948,normal
TX006949,normal
TX006950,normal
TX006951,faux_marchand
TX006952,normal
TX006953,faux_marchand
TX006954,normal
TX006955,normal
TX006956,normal
TX006957,normal
TX006958,normal
TX006959,normal
TX006960,normal
TX006961,normal
TX006962,normal
TX006963,normal
TX006964,normal
TX006965,normal
TX006966,normal
TX006967,normal
TX006968,normal
TX006969,normal
TX006970,normal
TX006971,normal
TX006972,normal
TX006973,normal
TX006974,normal
TX006975,normal
TX006976,normal
TX006977,normal
TX006978,normal
TX006979,normal
TX006980,normal
TX006981,normal
TX006982,normal
TX006983,normal
TX006984,normal
TX006985,normal
TX006986,normal
TX006987,normal
TX006988,normal
TX006989,normal
TX006990,normal
TX006991,normal
TX006992,normal
TX006993,normal
TX006994,normal
TX006995,normal
TX006996,normal
TX006997,normal
TX006998,normal
TX006999,normal
TX007000,normal
TX007001,compte_mule
TX007002,normal
TX007003,normal
TX007004,normal
TX007005,normal
TX007006,normal
TX007007,normal
TX007008,normal
TX007009,normal
TX007010,normal
TX007011,normal
TX007012,normal
TX007013,normal
TX007014,normal
TX007015,normal
TX007016,normal
TX007017,normal
TX007018,normal
TX007019,normal
TX007020,normal
TX007021,normal
TX007022,normal
TX007023,normal
TX007024,normal
TX007025,normal
TX007026,normal
TX007027,normal
TX007028,normal
TX007029,normal
TX007030,normal
TX007031,normal
TX007032,normal
TX007033,normal
TX007034,normal
TX007035,normal
TX007036,normal
TX007037,compte_mule
TX007038,faux_marchand
TX007039,normal
TX007040,normal
TX007041,normal
TX007042,normal
TX007043,normal
TX007044,normal
TX007045,normal
TX007046,normal
TX007047,normal
TX007048,normal
TX007049,normal
TX007050,normal
TX007051,normal
TX007052,normal
TX007053,compte_mule
TX007054,normal
TX007055,normal
TX007056,normal
TX007057,sim_swap
TX007058,normal
TX007059,normal
TX007060,normal
TX007061,normal
TX007062,normal
TX007063,normal
TX007064,normal
TX007065,normal
TX007066,normal
TX007067,normal
TX007068,normal
TX007069,normal
TX007070,normal
TX007071,normal
TX007072,normal
TX007073,normal
TX007074,normal
TX007075,normal
TX007076,normal
TX007077,normal
TX007078,normal
TX007079,normal
TX007080,normal
TX007081,normal
TX007082,normal
TX007083,normal
TX007084,normal
TX007085,normal
TX007086,normal
TX007087,normal
TX007088,normal
TX007089,normal
TX007090,normal
TX007091,normal
TX007092,normal
TX007093,normal
TX007094,normal
TX007095,normal
TX007096,normal
TX007097,normal
TX007098,normal
TX007099,normal
TX007100,normal
TX007101,normal
TX007102,normal
TX007103,normal
TX007104,normal
TX007105,normal
TX007106,normal
TX007107,normal
TX007108,normal
TX007109,normal
TX007110,normal
TX007111,normal
TX007112,normal
TX007113,normal
TX007114,normal
TX007115,normal
TX007116,normal
TX007117,normal
TX007118,normal
TX007119,normal
TX007120,normal
TX007121,normal
TX007122,normal
TX007123,normal
TX007124,normal
TX007125,normal
TX007126,normal
TX007127,normal
TX007128,normal
TX007129,normal
TX007130,normal
TX007131,normal
TX007132,normal
TX007133,normal
TX007134,normal
TX007135,normal
TX007136,normal
TX007137,normal
TX007138,normal
TX007139,normal
TX007140,normal
TX007141,normal
TX007142,normal
TX007143,normal
TX007144,normal
TX007145,normal
TX007146,normal
TX007147,normal
TX007148,normal
TX007149,normal
TX007150,normal
TX007151,normal
TX007152,normal
TX007153,normal
TX007154,normal
TX007155,normal
TX007156,normal
TX007157,normal
TX007158,normal
TX007159,normal
TX007160,normal
TX007161,normal
TX007162,normal
TX007163,normal
TX007164,normal
TX007165,normal
TX007166,normal
TX007167,normal
TX007168,normal
TX007169,normal
TX007170,normal
TX007171,normal
TX007172,normal
TX007173,normal
TX007174,normal
TX007175,normal
TX007176,normal
TX007177,normal
TX007178,normal
TX007179,normal
TX007180,normal
TX007181,normal
TX007182,normal
TX007183,normal
TX007184,normal
TX007185,normal
TX007186,normal
TX007187,normal
TX007188,normal
TX007189,normal
TX007190,normal
TX007191,normal
TX007192,normal
TX007193,normal
TX007194,normal
TX007195,normal
TX007196,normal
TX007197,normal
TX007198,normal
TX007199,normal
TX007200,normal
TX007201,normal
TX007202,normal
TX007203,normal
TX007204,normal
TX007205,normal
TX007206,normal
TX007207,normal
TX007208,normal
TX007209,normal
TX007210,normal
TX007211,normal
TX007212,normal
TX007213,normal
TX007214,normal
TX007215,normal
TX007216,normal
TX007217,normal
TX007218,normal
TX007219,normal
TX007220,normal
TX007221,normal
TX007222,normal
TX007223,normal
TX007224,normal
TX007225,normal
TX007226,normal
TX007227,normal
TX007228,normal
TX007229,normal
TX007230,normal
TX007231,compte_mule
TX007232,normal
TX007233,normal
TX007234,normal
TX007235,compte_mule
TX007236,normal
TX007237,normal
TX007238,normal
TX007239,normal
TX007240,normal
TX007241,normal
TX007242,normal
TX007243,normal
TX007244,normal
TX007245,normal
TX007246,normal
TX007247,normal
TX007248,normal
TX007249,normal
TX007250,normal
TX007251,normal
TX007252,normal
TX007253,normal
TX007254,normal
TX007255,compte_mule
TX007256,normal
TX007257,normal
TX007258,normal
TX007259,normal
TX007260,normal
TX007261,normal
TX007262,normal
TX007263,normal
TX007264,normal
TX007265,normal
TX007266,normal
TX007267,normal
TX007268,normal
TX007269,normal
TX007270,normal
TX007271,normal
TX007272,normal
TX007273,normal
TX007274,normal
TX007275,normal
TX007276,normal
TX007277,normal
TX007278,normal
TX007279,normal
TX007280,normal
TX007281,normal
TX007282,normal
TX007283,normal
TX007284,normal
TX007285,normal
TX007286,normal
TX007287,normal
TX007288,normal
TX007289,compte_mule
TX007290,normal
TX007291,sim_swap
TX007292,normal
TX007293,normal
TX007294,normal
TX007295,normal
TX007296,normal
TX007297,normal
TX007298,normal
TX007299,normal
TX007300,normal
TX007301,normal
TX007302,normal
TX007303,normal
TX007304,normal
TX007305,normal
TX007306,normal
TX007307,normal
TX007308,normal
TX007309,normal
TX007310,normal
TX007311,normal
TX007312,normal
TX007313,normal
TX007314,compte_mule
TX007315,normal
TX007316,normal
TX007317,normal
TX007318,normal
TX007319,normal
TX007320,normal
TX007321,normal
TX007322,normal
TX007323,normal
TX007324,normal
TX007325,normal
TX007326,normal
TX007327,normal
TX007328,compte_mule
TX007329,normal
TX007330,normal
TX007331,normal
TX007332,normal
TX007333,normal
TX007334,normal
TX007335,normal
TX007336,normal
TX007337,normal
TX007338,normal
TX007339,normal
TX007340,normal
TX007341,normal
TX007342,normal
TX007343,normal
TX007344,normal
TX007345,normal
TX007346,normal
TX007347,normal
TX007348,normal
TX007349,normal
TX007350,normal
TX007351,normal
TX007352,normal
TX007353,normal
TX007354,normal
TX007355,normal
TX007356,normal
TX007357,normal
TX007358,normal
TX007359,normal
TX007360,normal
TX007361,normal
TX007362,normal
TX007363,normal
TX007364,normal
TX007365,normal
TX007366,normal
TX007367,normal
TX007368,normal
TX007369,normal
TX007370,normal
TX007371,normal
TX007372,normal
TX007373,normal
TX007374,normal
TX007375,normal
TX007376,normal
TX007377,normal
TX007378,normal
TX007379,normal
TX007380,normal
TX007381,normal
TX007382,normal
TX007383,normal
TX007384,normal
TX007385,normal
TX007386,normal
TX007387,normal
TX007388,normal
TX007389,normal
TX007390,normal
TX007391,normal
TX007392,sim_swap
TX007393,normal
TX007394,normal
TX007395,normal
TX007396,normal
TX007397,normal
TX007398,normal
TX007399,normal
TX007400,normal
TX007401,normal
TX007402,normal
TX007403,normal
TX007404,normal
TX007405,normal
TX007406,normal
TX007407,normal
TX007408,normal
TX007409,normal
TX007410,normal
TX007411,normal
TX007412,normal
TX007413,normal
TX007414,normal
TX007415,normal
TX007416,normal
TX007417,normal
TX007418,normal
TX007419,normal
TX007420,normal
TX007421,normal
TX007422,normal
TX007423,normal
TX007424,normal
TX007425,normal
TX007426,normal
TX007427,normal
TX007428,normal
TX007429,normal
TX007430,normal
TX007431,normal
TX007432,normal
TX007433,normal
TX007434,normal
TX007435,normal
TX007436,normal
TX007437,normal
TX007438,normal
TX007439,normal
TX007440,normal
TX007441,normal
TX007442,normal
TX007443,normal
TX007444,normal
TX007445,normal
TX007446,normal
TX007447,normal
TX007448,normal
TX007449,normal
TX007450,normal
TX007451,normal
TX007452,normal
TX007453,normal
TX007454,normal
TX007455,normal
TX007456,normal
TX007457,normal
TX007458,normal
TX007459,normal
TX007460,normal
TX007461,normal
TX007462,normal
TX007463,normal
TX007464,normal
TX007465,normal
TX007466,normal
TX007467,normal
TX007468,normal
TX007469,normal
TX007470,normal
TX007471,normal
TX007472,normal
TX007473,normal
TX007474,normal
TX007475,normal
TX007476,normal
TX007477,normal
TX007478,normal
TX007479,normal
TX007480,normal
TX007481,normal
TX007482,normal
TX007483,normal
TX007484,normal
TX007485,normal
TX007486,normal
TX007487,normal
TX007488,normal
TX007489,normal
TX007490,normal
TX007491,normal
TX007492,normal
TX007493,normal
TX007494,normal
TX007495,normal
TX007496,normal
TX007497,normal
TX007498,normal
TX007499,normal
TX007500,normal
TX007501,normal
TX007502,normal
TX007503,normal
TX007504,normal
TX007505,normal
TX007506,normal
TX007507,normal
TX007508,normal
TX007509,normal
TX007510,normal
TX007511,normal
TX007512,normal
TX007513,normal
TX007514,normal
TX007515,normal
TX007516,normal
TX007517,normal
TX007518,normal
TX007519,normal
TX007520,normal
TX007521,normal
TX007522,normal
TX007523,normal
TX007524,normal
TX007525,normal
TX007526,normal
TX007527,normal
TX007528,normal
TX007529,normal
TX007530,normal
TX007531,normal
TX007532,normal
TX007533,normal
TX007534,normal
TX007535,normal
TX007536,normal
TX007537,normal
TX007538,normal
TX007539,normal
TX007540,normal
TX007541,normal
TX007542,normal
TX007543,normal
TX007544,normal
TX007545,normal
TX007546,normal
TX007547,normal
TX007548,normal
TX007549,normal
TX007550,normal
TX007551,normal
TX007552,normal
TX007553,normal
TX007554,normal
TX007555,normal
TX007556,normal
TX007557,normal
TX007558,normal
TX007559,normal
TX007560,normal
TX007561,normal
TX007562,normal
TX007563,normal
TX007564,normal
TX007565,normal
TX007566,normal
TX007567,normal
TX007568,normal
TX007569,normal
TX007570,normal
TX007571,normal
TX007572,normal
TX007573,normal
TX007574,normal
TX007575,normal
TX007576,normal
TX007577,normal
TX007578,normal
TX007579,normal
TX007580,normal
TX007581,normal
TX007582,normal
TX007583,normal
TX007584,normal
TX007585,normal
TX007586,normal
TX007587,normal
TX007588,normal
TX007589,normal
TX007590,normal
TX007591,normal
TX007592,normal
TX007593,normal
TX007594,normal
TX007595,normal
TX007596,normal
TX007597,normal
TX007598,normal
TX007599,normal
TX007600,normal
TX007601,normal
TX007602,normal
TX007603,normal
TX007604,normal
TX007605,normal
TX007606,normal
TX007607,normal
TX007608,normal
TX007609,normal
TX007610,normal
TX007611,normal
TX007612,normal
TX007613,normal
TX007614,normal
TX007615,normal
TX007616,normal
TX007617,normal
TX007618,normal
TX007619,normal
TX007620,normal
TX007621,normal
TX007622,normal
TX007623,normal
TX007624,normal
TX007625,normal
TX007626,normal
TX007627,normal
TX007628,normal
TX007629,normal
TX007630,normal
TX007631,normal
TX007632,normal
TX007633,normal
TX007634,normal
TX007635,normal
TX007636,normal
TX007637,normal
TX007638,normal
TX007639,normal
TX007640,normal
TX007641,normal
TX007642,normal
TX007643,normal
TX007644,normal
TX007645,normal
TX007646,normal
TX007647,normal
TX007648,normal
TX007649,normal
TX007650,normal
TX007651,normal
TX007652,normal
TX007653,normal
TX007654,normal
TX007655,normal
TX007656,normal
TX007657,normal
TX007658,normal
TX007659,normal
TX007660,compte_mule
TX007661,normal
TX007662,normal
TX007663,normal
TX007664,normal
TX007665,normal
TX007666,normal
TX007667,normal
TX007668,normal
TX007669,normal
TX007670,normal
TX007671,normal
TX007672,normal
TX007673,normal
TX007674,normal
TX007675,normal
TX007676,normal
TX007677,normal
TX007678,normal
TX007679,normal
TX007680,normal
TX007681,normal
TX007682,normal
TX007683,normal
TX007684,normal
TX007685,normal
TX007686,normal
TX007687,normal
TX007688,normal
TX007689,normal
TX007690,normal
TX007691,normal
TX007692,normal
TX007693,normal
TX007694,normal
TX007695,normal
TX007696,normal
TX007697,normal
TX007698,normal
TX007699,normal
TX007700,normal
TX007701,normal
TX007702,normal
TX007703,normal
TX007704,normal
TX007705,normal
TX007706,normal
TX007707,normal
TX007708,normal
TX007709,normal
TX007710,normal
TX007711,normal
TX007712,normal
TX007713,normal
TX007714,normal
TX007715,normal
TX007716,normal
TX007717,normal
TX007718,normal
TX007719,normal
TX007720,normal
TX007721,normal
TX007722,normal
TX007723,normal
TX007724,normal
TX007725,normal
TX007726,normal
TX007727,normal
TX007728,normal
TX007729,normal
TX007730,normal
TX007731,normal
TX007732,normal
TX007733,normal
TX007734,normal
TX007735,normal
TX007736,normal
TX007737,normal
TX007738,normal
TX007739,normal
TX007740,normal
TX007741,normal
TX007742,normal
TX007743,normal
TX007744,normal
TX007745,normal
TX007746,normal
TX007747,normal
TX007748,normal
TX007749,normal
TX007750,normal
TX007751,normal
TX007752,normal
TX007753,normal
TX007754,normal
TX007755,normal
TX007756,normal
TX007757,normal
TX007758,normal
TX007759,normal
TX007760,normal
TX007761,normal
TX007762,normal
TX007763,normal
TX007764,normal
TX007765,normal
TX007766,normal
TX007767,normal
TX007768,normal
TX007769,normal
TX007770,normal
TX007771,normal
TX007772,normal
TX007773,normal
TX007774,normal
TX007775,normal
TX007776,normal
TX007777,normal
TX007778,normal
TX007779,normal
TX007780,normal
TX007781,normal
TX007782,normal
TX007783,normal
TX007784,normal
TX007785,normal
TX007786,normal
TX007787,normal
TX007788,normal
TX007789,normal
TX007790,normal
TX007791,normal
TX007792,normal
TX007793,normal
TX007794,normal
TX007795,normal
TX007796,normal
TX007797,normal
TX007798,normal
TX007799,normal
TX007800,normal
TX007801,normal
TX007802,normal
TX007803,normal
TX007804,normal
TX007805,normal
TX007806,normal
TX007807,normal
TX007808,normal
TX007809,normal
TX007810,normal
TX007811,normal
TX007812,normal
TX007813,normal
TX007814,normal
TX007815,normal
TX007816,normal
TX007817,normal
TX007818,normal
TX007819,normal
TX007820,normal
TX007821,normal
TX007822,normal
TX007823,normal
TX007824,normal
TX007825,normal
TX007826,normal
TX007827,normal
TX007828,normal
TX007829,normal
TX007830,normal
TX007831,normal
TX007832,normal
TX007833,normal
TX007834,normal
TX007835,normal
TX007836,normal
TX007837,normal
TX007838,normal
TX007839,normal
TX007840,normal
TX007841,normal
TX007842,normal
TX007843,normal
TX007844,normal
TX007845,faux_marchand
TX007846,normal
TX007847,normal
TX007848,normal
TX007849,normal
TX007850,normal
TX007851,normal
TX007852,normal
TX007853,normal
TX007854,normal
TX007855,normal
TX007856,normal
TX007857,normal
TX007858,normal
TX007859,normal
TX007860,normal
TX007861,normal
TX007862,normal
TX007863,normal
TX007864,normal
TX007865,normal
TX007866,normal
TX007867,normal
TX007868,normal
TX007869,normal
TX007870,normal
TX007871,normal
TX007872,normal
TX007873,normal
TX007874,normal
TX007875,normal
TX007876,normal
TX007877,normal
TX007878,normal
TX007879,normal
TX007880,normal
TX007881,normal
TX007882,normal
TX007883,normal
TX007884,normal
TX007885,normal
TX007886,normal
TX007887,normal
TX007888,normal
TX007889,normal
TX007890,normal
TX007891,normal
TX007892,normal
TX007893,normal
TX007894,normal
TX007895,normal
TX007896,normal
TX007897,normal
TX007898,normal
TX007899,normal
TX007900,normal
TX007901,compte_mule
TX007902,normal
TX007903,normal
TX007904,normal
TX007905,normal
TX007906,normal
TX007907,normal
TX007908,normal
TX007909,normal
TX007910,normal
TX007911,normal
TX007912,normal
TX007913,normal
TX007914,normal
TX007915,normal
TX007916,normal
TX007917,normal
TX007918,normal
TX007919,normal
TX007920,normal
TX007921,normal
TX007922,normal
TX007923,normal
TX007924,normal
TX007925,normal
TX007926,normal
TX007927,normal
TX007928,normal
TX007929,normal
TX007930,normal
TX007931,normal
TX007932,normal
TX007933,normal
TX007934,normal
TX007935,normal
TX007936,normal
TX007937,normal
TX007938,normal
TX007939,normal
TX007940,normal
TX007941,normal
TX007942,normal
TX007943,normal
TX007944,normal
TX007945,normal
TX007946,normal
TX007947,normal
TX007948,normal
TX007949,normal
TX007950,normal
TX007951,compte_mule
TX007952,normal
TX007953,normal
TX007954,normal
TX007955,normal
TX007956,normal
TX007957,normal
TX007958,normal
TX007959,normal
TX007960,normal
TX007961,normal
TX007962,normal
TX007963,normal
TX007964,normal
TX007965,normal
TX007966,normal
TX007967,normal
TX007968,normal
TX007969,normal
TX007970,normal
TX007971,normal
TX007972,normal
TX007973,normal
TX007974,normal
TX007975,normal
TX007976,normal
TX007977,normal
TX007978,normal
TX007979,normal
TX007980,normal
TX007981,normal
TX007982,normal
TX007983,normal
TX007984,normal
TX007985,normal
TX007986,normal
TX007987,normal
TX007988,normal
TX007989,normal
TX007990,normal
TX007991,normal
TX007992,normal
TX007993,normal
TX007994,normal
TX007995,normal
TX007996,normal
TX007997,normal
TX007998,normal
TX007999,normal
TX008000,normal
TX008001,normal
TX008002,normal
TX008003,normal
TX008004,normal
TX008005,normal
TX008006,normal
TX008007,normal
TX008008,normal
TX008009,normal
TX008010,normal
TX008011,normal
TX008012,normal
TX008013,normal
TX008014,normal
TX008015,normal
TX008016,normal
TX008017,normal
TX008018,normal
TX008019,normal
TX008020,normal
TX008021,normal
TX008022,normal
TX008023,normal
TX008024,normal
TX008025,normal
TX008026,normal
TX008027,normal
TX008028,normal
TX008029,normal
TX008030,normal
TX008031,normal
TX008032,faux_marchand
TX008033,normal
TX008034,normal
TX008035,normal
TX008036,normal
TX008037,normal
TX008038,normal
TX008039,normal
TX008040,normal
TX008041,normal
TX008042,normal
TX008043,normal
TX008044,normal
TX008045,normal
TX008046,normal
TX008047,normal
TX008048,normal
TX008049,normal
TX008050,normal
TX008051,normal
TX008052,normal
TX008053,normal
TX008054,normal
TX008055,normal
TX008056,normal
TX008057,normal
TX008058,normal
TX008059,normal
TX008060,normal
TX008061,normal
TX008062,normal
TX008063,normal
TX008064,normal
TX008065,normal
TX008066,normal
TX008067,normal
TX008068,normal
TX008069,normal
TX008070,normal
TX008071,normal
TX008072,normal
TX008073,normal
TX008074,sim_swap
TX008075,normal
TX008076,normal
TX008077,normal
TX008078,sim_swap
TX008079,normal
TX008080,normal
TX008081,normal
TX008082,normal
TX008083,normal
TX008084,normal
TX008085,normal
TX008086,normal
TX008087,normal
TX008088,normal
TX008089,normal
TX008090,normal
TX008091,normal
TX008092,normal
TX008093,normal
TX008094,normal
TX008095,normal
TX008096,normal
TX008097,normal
TX008098,normal
TX008099,normal
TX008100,normal
TX008101,normal
TX008102,normal
TX008103,normal
TX008104,normal
TX008105,normal
TX008106,normal
TX008107,normal
TX008108,normal
TX008109,normal
TX008110,normal
TX008111,normal
TX008112,normal
TX008113,normal
TX008114,normal
TX008115,normal
TX008116,normal
TX008117,normal
TX008118,normal
TX008119,normal
TX008120,normal
TX008121,normal
TX008122,normal
TX008123,normal
TX008124,normal
TX008125,normal
TX008126,normal
TX008127,normal
TX008128,normal
TX008129,normal
