id_transaction,type_transaction,montant_fcfa,heure,solde_avant_fcfa,nb_transactions_24h,anciennete_compte_jours,nouvel_appareil,distance_habituelle_km
TX000000,paiement_marchand,4220.0,15.81,15470.0,4,1383,0,1.8
TX000001,transfert,19860.0,18.33,77810.0,5,1321,0,1.7
TX000002,retrait,8850.0,8.94,35060.0,4,2134,0,7.6
TX000003,retrait,4160.0,12.02,85880.0,5,2243,0,9.3
TX000004,retrait,6190.0,16.69,126580.0,4,257,0,1.8
TX000005,paiement_marchand,4870.0,17.61,111380.0,6,2505,0,1.2
TX000006,transfert,23400.0,16.35,73040.0,4,1014,0,1.3
TX000007,retrait,10400.0,13.34,1183060.0,4,1501,0,9.6
TX000008,paiement_marchand,13800.0,13.67,190020.0,5,488,0,0.3
TX000009,depot,16180.0,11.42,182940.0,3,137,0,5.9
TX000010,retrait,3540.0,13.92,214290.0,2,1642,0,5.7
TX000011,retrait,20620.0,19.57,115700.0,5,1630,0,1.4
TX000012,depot,4300.0,8.94,62030.0,6,2306,0,6.8
TX000013,depot,12190.0,13.1,81300.0,3,2244,0,5.7
TX000014,transfert,6240.0,13.31,73930.0,4,2985,0,2.8
TX000015,retrait,6630.0,21.28,145230.0,6,944,0,2.1
TX000016,transfert,12630.0,11.82,25670.0,5,473,0,1.4
TX000017,depot,7260.0,18.5,19540.0,3,2870,0,4.8
TX000018,transfert,4380.0,16.61,16990.0,6,1582,0,10.6
TX000019,transfert,11940.0,16.18,135330.0,4,1368,0,2.4
TX000020,transfert,3490.0,18.54,127860.0,4,314,0,2.4
TX000021,transfert,8050.0,8.37,140070.0,3,420,0,1.6
TX000022,depot,41520.0,18.25,152140.0,4,2224,0,13.9
TX000023,retrait,28360.0,23.99,171130.0,5,1645,0,4.8
TX000024,paiement_marchand,2030.0,1.1,19450.0,6,2615,0,3.8
TX000025,retrait,6460.0,11.03,26780.0,4,1158,0,3.0
TX000026,transfert,2800.0,18.24,268020.0,5,168,0,3.5
TX000027,retrait,12070.0,18.11,82280.0,5,400,0,0.6
TX000028,transfert,2630.0,13.48,17400.0,6,2842,0,4.9
TX000029,paiement_marchand,2230.0,14.53,106890.0,5,2214,0,1.3
TX000030,paiement_marchand,2910.0,20.25,135800.0,5,1703,0,11.3
TX000031,retrait,5650.0,6.31,34130.0,6,1710,0,6.8
TX000032,depot,6410.0,10.75,610750.0,8,2024,0,2.1
TX000033,transfert,23090.0,12.38,283480.0,2,198,0,1.4
TX000034,transfert,12400.0,17.53,37250.0,6,578,0,0.9
TX000035,retrait,4590.0,21.37,17560.0,4,72,0,5.3
TX000036,transfert,6520.0,16.28,84750.0,5,1452,0,7.6
TX000037,retrait,61730.0,18.1,163050.0,6,2260,0,0.0
TX000038,depot,2770.0,17.24,152540.0,3,167,0,3.2
TX000039,transfert,17930.0,12.74,46760.0,6,1784,0,0.5
TX000040,retrait,15390.0,14.72,37500.0,8,117,0,0.8
TX000041,paiement_marchand,2360.0,8.52,155790.0,3,1490,0,0.5
TX000042,depot,5590.0,15.96,200640.0,3,1524,0,9.7
TX000043,retrait,6850.0,17.16,166670.0,3,2506,0,2.5
TX000044,depot,7690.0,12.19,30310.0,4,377,0,4.7
TX000045,depot,10180.0,6.58,84000.0,3,1291,0,10.3
TX000046,depot,4200.0,7.49,136750.0,5,667,0,0.2
TX000047,transfert,17160.0,10.8,62790.0,2,366,0,4.7
TX000048,retrait,15150.0,9.87,556990.0,4,2691,0,0.1
TX000049,paiement_marchand,2740.0,16.65,57200.0,5,206,0,4.0
TX000050,depot,16650.0,12.03,52570.0,2,1267,0,2.4
TX000051,depot,10650.0,17.97,54410.0,3,827,0,2.2
TX000052,depot,29650.0,18.44,43370.0,5,42,0,3.9
TX000053,paiement_marchand,1600.0,14.19,97060.0,6,966,0,1.8
TX000054,paiement_marchand,12560.0,17.75,216150.0,1,2421,0,10.5
TX000055,depot,9600.0,9.69,18280.0,4,1160,0,1.6
TX000056,paiement_marchand,1410.0,21.36,140950.0,3,2573,0,5.3
TX000057,retrait,6850.0,8.58,41500.0,4,1996,0,6.3
TX000058,paiement_marchand,2060.0,11.9,196020.0,5,2409,0,0.7
TX000059,retrait,5910.0,11.73,39030.0,9,1406,0,2.9
TX000060,transfert,1600.0,10.61,36970.0,5,2477,1,0.8
TX000061,retrait,6670.0,16.3,62380.0,2,2810,0,3.5
TX000062,retrait,10950.0,16.38,18570.0,4,2361,0,4.5
TX000063,paiement_marchand,2550.0,9.12,23700.0,4,1088,0,0.6
TX000064,transfert,9610.0,16.06,124260.0,1,2163,0,2.1
TX000065,retrait,12800.0,12.04,59920.0,5,935,0,4.2
TX000066,depot,27610.0,11.9,48670.0,5,268,0,6.7
TX000067,transfert,11370.0,11.5,191120.0,2,2298,0,11.2
TX000068,depot,6280.0,15.86,33230.0,6,301,0,0.4
TX000069,retrait,5910.0,9.43,13260.0,4,411,0,10.1
TX000070,depot,16460.0,18.68,135120.0,2,969,0,5.0
TX000071,retrait,270570.0,3.1,277920.0,2,2314,1,283.6
TX000072,retrait,19670.0,10.05,233530.0,1,2259,0,18.5
TX000073,retrait,30890.0,23.05,57920.0,4,784,0,2.1
TX000074,retrait,34640.0,14.45,313240.0,3,2933,0,1.2
TX000075,depot,10010.0,17.45,313340.0,6,496,0,0.3
TX000076,depot,4860.0,16.3,33200.0,3,110,0,1.8
TX000077,retrait,201990.0,1.57,202100.0,4,2325,1,86.7
TX000078,transfert,2670.0,11.9,21650.0,2,44,0,4.8
TX000079,depot,55010.0,8.67,283690.0,2,1256,0,4.2
TX000080,depot,6240.0,17.64,30860.0,6,1967,0,0.7
TX000081,retrait,241670.0,2.6,251930.0,3,425,1,153.2
TX000082,depot,11500.0,9.43,116090.0,2,2402,1,3.6
TX000083,transfert,3960.0,10.06,34390.0,5,1787,1,12.8
TX000084,transfert,9790.0,16.95,440290.0,3,2971,0,4.9
TX000085,paiement_marchand,5900.0,9.8,201160.0,7,126,0,2.5
TX000086,depot,26070.0,17.4,80750.0,5,535,0,5.0
TX000087,retrait,5280.0,13.09,32350.0,5,2315,0,1.7
TX000088,paiement_marchand,4330.0,12.81,24220.0,5,302,0,1.1
TX000089,paiement_marchand,7480.0,14.84,124070.0,6,1838,0,1.1
TX000090,transfert,65180.0,15.89,120580.0,3,1837,0,4.3
TX000091,transfert,8610.0,12.31,158930.0,3,1707,0,4.5
TX000092,depot,25090.0,13.96,655990.0,7,2909,0,2.1
TX000093,depot,67920.0,21.19,153740.0,4,2550,0,5.6
TX000094,retrait,40260.0,13.16,63290.0,4,1028,0,8.9
TX000095,paiement_marchand,4190.0,8.5,117910.0,5,2585,0,1.0
TX000096,retrait,24620.0,16.3,216130.0,6,74,0,0.1
TX000097,paiement_marchand,2660.0,12.47,108210.0,2,1833,0,1.2
TX000098,transfert,1680.0,11.63,124440.0,3,798,1,0.3
TX000099,transfert,3240.0,14.59,100650.0,5,2646,0,0.1
TX000100,depot,23310.0,14.17,78590.0,6,1195,0,12.1
TX000101,depot,11440.0,11.55,83330.0,6,2636,0,0.1
TX000102,retrait,10030.0,13.47,22480.0,4,2038,1,1.6
TX000103,retrait,2420.0,14.22,78430.0,1,2896,0,3.2
TX000104,transfert,26530.0,13.94,57850.0,6,1897,0,2.0
TX000105,depot,14870.0,12.86,50050.0,4,1201,0,1.0
TX000106,transfert,6700.0,15.15,112570.0,2,1034,0,2.5
TX000107,paiement_marchand,7550.0,11.9,113170.0,3,2918,0,2.6
TX000108,retrait,8010.0,10.67,30440.0,8,56,0,0.5
TX000109,paiement_marchand,3134510.0,9.78,3515220.0,4,207,0,1.8
TX000110,transfert,10300.0,15.38,21480.0,4,1286,0,0.9
TX000111,paiement_marchand,860.0,11.77,89030.0,3,2952,0,15.5
TX000112,paiement_marchand,1960.0,11.53,97400.0,4,1433,0,1.2
TX000113,retrait,7740.0,10.53,106010.0,4,2417,0,3.5
TX000114,retrait,26210.0,17.33,41080.0,3,1977,0,0.6
TX000115,retrait,16290.0,15.55,56710.0,2,1003,0,10.3
TX000116,retrait,17490.0,17.47,28790.0,4,1356,0,1.0
TX000117,retrait,13080.0,13.44,94130.0,5,1229,0,1.1
TX000118,transfert,6870.0,14.05,33640.0,3,1997,0,3.3
TX000119,paiement_marchand,5610.0,9.29,53250.0,2,2081,0,4.7
TX000120,transfert,13180.0,20.16,86590.0,4,2354,0,8.4
TX000121,paiement_marchand,9470.0,15.58,38440.0,2,1109,0,0.1
TX000122,transfert,48150.0,12.89,102750.0,7,1349,0,5.6
TX000123,retrait,70630.0,14.52,438770.0,8,67,0,6.2
TX000124,depot,13180.0,15.59,52290.0,7,865,0,4.5
TX000125,retrait,5360.0,11.09,85500.0,2,1009,0,6.6
TX000126,depot,35880.0,16.4,149620.0,4,768,0,1.9
TX000127,paiement_marchand,22020.0,15.1,93890.0,5,2013,0,1.0
TX000128,retrait,19290.0,16.32,117410.0,6,422,0,0.9
TX000129,retrait,8040.0,11.64,69360.0,3,754,0,1.0
TX000130,retrait,2210.0,17.38,42530.0,2,1546,0,0.4
TX000131,transfert,1900.0,5.56,92780.0,5,2951,0,6.8
TX000132,retrait,39330.0,14.4,150540.0,6,1194,0,2.0
TX000133,transfert,12950.0,5.0,101170.0,4,1972,0,11.5
TX000134,transfert,18280.0,12.99,32610.0,5,245,0,2.7
TX000135,transfert,15900.0,11.74,21100.0,7,594,0,0.7
TX000136,depot,5650.0,19.05,20980.0,2,103,0,0.2
TX000137,transfert,6000.0,7.37,72200.0,3,2572,0,2.6
TX000138,transfert,4930.0,7.42,15860.0,3,2081,0,6.0
TX000139,transfert,12210.0,12.19,90030.0,6,1465,0,0.2
TX000140,retrait,18060.0,8.97,55040.0,4,2391,0,2.1
TX000141,paiement_marchand,1220.0,13.44,62390.0,1,505,0,2.0
TX000142,retrait,3110.0,20.14,41620.0,3,1918,0,2.7
TX000143,depot,5250.0,14.39,25820.0,1,491,0,2.8
TX000144,depot,27010.0,16.01,59500.0,6,1497,0,3.1
TX000145,transfert,4380.0,13.46,82960.0,5,541,0,4.1
TX000146,retrait,35640.0,10.83,88770.0,4,1954,1,11.7
TX000147,transfert,26240.0,11.56,60100.0,7,1335,0,7.0
TX000148,transfert,10720.0,18.16,55530.0,3,1023,0,5.4
TX000149,transfert,36690.0,12.55,143320.0,5,876,0,5.1
TX000150,retrait,7910.0,14.58,61980.0,5,1928,0,2.8
TX000151,retrait,42550.0,9.32,162400.0,1,2942,0,0.5
TX000152,depot,18980.0,7.7,127840.0,3,1511,0,3.3
TX000153,transfert,5540.0,10.48,74870.0,3,1833,0,20.0
TX000154,depot,7450.0,12.35,122270.0,3,2169,0,9.0
TX000155,depot,14660.0,15.21,191780.0,4,819,0,2.8
TX000156,transfert,6190.0,10.3,48130.0,4,1490,0,8.3
TX000157,depot,7460.0,15.2,69480.0,2,2652,0,2.7
TX000158,retrait,12010.0,14.03,100150.0,6,657,0,1.7
TX000159,transfert,18680.0,6.98,52580.0,4,1184,0,1.8
TX000160,paiement_marchand,2500.0,14.1,37010.0,4,1805,0,4.0
TX000161,paiement_marchand,1840.0,10.81,77660.0,3,1756,0,2.3
TX000162,depot,11620.0,19.21,66140.0,6,463,0,7.9
TX000163,paiement_marchand,1150400.0,13.27,1410210.0,7,109,0,6.5
TX000164,transfert,14030.0,11.7,63720.0,6,1999,0,0.3
TX000165,paiement_marchand,2330.0,17.01,53530.0,6,1085,0,0.7
TX000166,transfert,22330.0,19.93,34070.0,8,1135,0,2.7
TX000167,retrait,10830.0,12.36,88950.0,4,914,0,1.2
TX000168,paiement_marchand,1820.0,18.67,30550.0,5,2018,0,7.2
TX000169,retrait,17560.0,13.83,183520.0,4,2362,0,1.8
TX000170,depot,11740.0,17.51,52550.0,5,2679,0,3.3
TX000171,depot,58300.0,23.16,337480.0,3,2469,0,3.7
TX000172,depot,5960.0,19.93,29560.0,3,1172,0,0.9
TX000173,transfert,1950.0,11.24,96590.0,6,2774,0,0.9
TX000174,retrait,13200.0,16.96,232280.0,3,582,0,1.3
TX000175,retrait,10610.0,18.69,71700.0,2,1991,0,22.2
TX000176,retrait,57920.0,18.01,146430.0,3,1753,0,0.4
TX000177,transfert,13530.0,17.29,79150.0,5,2251,0,4.6
TX000178,paiement_marchand,5240.0,18.36,31850.0,4,2979,0,0.1
TX000179,transfert,3910.0,8.64,12330.0,5,1091,0,1.3
TX000180,transfert,5280.0,15.78,34600.0,4,1188,0,2.4
TX000181,paiement_marchand,3230.0,11.93,43180.0,5,2202,0,2.4
TX000182,transfert,4350.0,2.87,45340.0,4,1935,0,4.3
TX000183,transfert,20220.0,18.28,110740.0,3,1210,0,0.3
TX000184,retrait,34480.0,15.7,124550.0,4,1758,0,6.7
TX000185,paiement_marchand,790.0,11.6,37750.0,7,90,0,1.5
TX000186,paiement_marchand,3000.0,15.9,28300.0,4,177,0,0.4
TX000187,transfert,5630.0,6.81,15340.0,4,2648,0,1.3
TX000188,paiement_marchand,4530.0,18.99,196920.0,5,2354,0,2.9
TX000189,depot,8940.0,17.58,71600.0,4,2928,0,0.7
TX000190,paiement_marchand,3060.0,16.64,54180.0,6,1670,0,7.4
TX000191,transfert,2140.0,12.56,56240.0,8,626,0,0.0
TX000192,retrait,36980.0,17.49,364860.0,2,139,0,4.9
TX000193,retrait,31370.0,10.68,179490.0,4,1983,0,2.5
TX000194,transfert,15510.0,16.04,338620.0,2,402,0,10.1
TX000195,depot,9930.0,13.79,111530.0,5,792,0,17.4
TX000196,depot,13230.0,19.76,51410.0,2,551,0,3.1
TX000197,paiement_marchand,820.0,15.47,21020.0,5,931,0,1.0
TX000198,retrait,188550.0,3.06,199930.0,5,1554,1,303.6
TX000199,depot,15230.0,7.37,41010.0,2,1883,0,8.0
TX000200,retrait,10360.0,7.59,199800.0,2,2251,0,2.5
TX000201,retrait,6630.0,18.06,165330.0,2,623,0,2.9
TX000202,paiement_marchand,6160.0,17.19,78630.0,2,2319,0,0.3
TX000203,paiement_marchand,3300.0,11.17,30640.0,5,1408,0,3.3
TX000204,transfert,6750.0,20.07,91710.0,7,801,0,7.2
TX000205,transfert,2430.0,14.05,19260.0,5,2886,0,10.4
TX000206,depot,14730.0,10.38,147820.0,2,2251,0,0.5
TX000207,transfert,28740.0,12.44,431240.0,3,2848,0,0.3
TX000208,retrait,3480.0,13.07,13850.0,2,2633,0,5.8
TX000209,retrait,6330.0,7.95,56500.0,3,800,0,11.2
TX000210,transfert,13340.0,15.01,23230.0,4,2432,0,0.3
TX000211,retrait,23150.0,10.07,116030.0,3,733,0,12.1
TX000212,retrait,8900.0,8.61,86490.0,4,1728,0,0.2
TX000213,retrait,7350.0,14.14,39970.0,4,204,0,2.5
TX000214,transfert,10260.0,6.59,39830.0,5,729,0,3.9
TX000215,depot,12230.0,16.59,29320.0,5,2086,0,0.1
TX000216,retrait,3470.0,10.97,52060.0,5,1496,0,1.9
TX000217,depot,22960.0,15.52,79060.0,2,749,0,0.0
TX000218,depot,6500.0,19.27,103670.0,5,850,0,0.6
TX000219,transfert,16370.0,5.43,17610.0,54,7,0,0.9
TX000220,transfert,23160.0,8.39,121020.0,1,440,1,1.5
TX000221,depot,25110.0,10.91,37550.0,6,2014,0,10.8
TX000222,transfert,5950.0,13.25,208900.0,2,1481,0,2.7
TX000223,paiement_marchand,1200.0,15.03,129630.0,3,2041,0,1.6
TX000224,depot,9600.0,20.7,43240.0,6,2850,0,7.3
TX000225,paiement_marchand,1181140.0,13.86,1349370.0,3,198,0,1.1
TX000226,depot,9840.0,11.7,35220.0,2,678,0,0.0
TX000227,retrait,30150.0,11.74,91650.0,5,571,0,5.4
TX000228,depot,23830.0,9.75,105630.0,1,2193,0,7.4
TX000229,retrait,19650.0,12.09,132280.0,5,493,0,0.1
TX000230,paiement_marchand,770.0,12.86,170250.0,4,618,0,0.7
TX000231,paiement_marchand,986950.0,10.19,1135430.0,12,372,0,1.5
TX000232,paiement_marchand,3070.0,14.85,151160.0,3,1792,0,6.8
TX000233,retrait,21670.0,13.27,48350.0,7,1673,0,0.7
TX000234,paiement_marchand,1500.0,18.18,13880.0,6,2315,0,0.1
TX000235,retrait,22870.0,10.32,188970.0,8,637,0,0.2
TX000236,paiement_marchand,2310.0,15.92,139930.0,6,1136,0,4.1
TX000237,paiement_marchand,4030.0,10.88,60030.0,1,821,0,4.7
TX000238,depot,8670.0,17.39,50300.0,8,2181,0,1.7
TX000239,paiement_marchand,1210.0,15.52,20230.0,6,1084,0,0.9
TX000240,paiement_marchand,1920.0,20.83,50310.0,2,909,0,2.6
TX000241,depot,29270.0,13.54,34530.0,2,1824,0,0.8
TX000242,transfert,3730.0,9.62,33570.0,6,2624,0,0.8
TX000243,depot,9600.0,12.72,63750.0,7,2323,0,5.8
TX000244,transfert,4370.0,9.88,17590.0,3,595,0,2.6
TX000245,depot,67900.0,9.04,120190.0,2,1197,0,1.0
TX000246,paiement_marchand,11380.0,7.85,42090.0,4,1071,0,0.4
TX000247,paiement_marchand,750.0,16.76,145070.0,1,1043,0,2.5
TX000248,depot,3260.0,11.56,180810.0,3,2154,0,0.3
TX000249,depot,25960.0,15.2,174620.0,2,1574,0,6.9
TX000250,retrait,4980.0,17.47,50140.0,4,2015,0,0.2
TX000251,transfert,7200.0,15.85,27090.0,4,2758,0,3.3
TX000252,transfert,8770.0,19.6,216850.0,4,1669,0,0.4
TX000253,transfert,14260.0,16.22,74880.0,5,1146,0,20.6
TX000254,transfert,7690.0,14.31,224580.0,6,1204,0,2.8
TX000255,depot,38820.0,12.82,71820.0,4,2134,0,0.0
TX000256,paiement_marchand,2930.0,14.54,38150.0,3,793,0,1.0
TX000257,depot,38570.0,23.99,73140.0,5,78,1,12.0
TX000258,paiement_marchand,5410.0,17.22,49300.0,4,45,0,1.6
TX000259,retrait,9140.0,10.38,54340.0,4,2097,0,3.2
TX000260,transfert,13120.0,13.95,336360.0,3,2803,0,0.2
TX000261,paiement_marchand,6720.0,12.67,58970.0,3,2296,0,5.4
TX000262,depot,6750.0,12.88,173210.0,3,2695,0,5.3
TX000263,transfert,6110.0,15.94,60690.0,3,847,0,1.7
TX000264,transfert,1070.0,13.92,55820.0,5,1476,0,7.7
TX000265,transfert,35950.0,10.97,65760.0,2,2902,1,5.5
TX000266,depot,73210.0,10.8,169610.0,3,1863,0,0.4
TX000267,paiement_marchand,4410.0,19.26,28020.0,3,1698,0,0.3
TX000268,depot,8620.0,13.17,291660.0,5,1596,0,4.2
TX000269,transfert,4710.0,12.97,17650.0,9,817,1,0.4
TX000270,retrait,65780.0,18.58,279650.0,3,1680,0,2.2
TX000271,paiement_marchand,2620.0,10.95,33140.0,2,2742,0,4.1
TX000272,paiement_marchand,1060.0,14.07,49000.0,6,2832,0,2.7
TX000273,paiement_marchand,3070.0,14.6,43900.0,2,2574,0,5.0
TX000274,retrait,13030.0,16.19,679090.0,1,1583,0,0.8
TX000275,paiement_marchand,710.0,17.58,86350.0,5,493,0,0.4
TX000276,paiement_marchand,1590.0,4.91,44540.0,3,195,0,9.5
TX000277,transfert,22780.0,3.76,355470.0,3,421,0,4.4
TX000278,transfert,5600.0,7.81,336710.0,3,624,0,9.6
TX000279,transfert,16290.0,18.77,280080.0,3,2335,0,3.7
TX000280,retrait,2230.0,10.15,19410.0,6,61,0,11.3
TX000281,retrait,22870.0,8.85,77370.0,3,1357,0,2.2
TX000282,depot,18870.0,9.4,96670.0,4,1205,0,1.6
TX000283,transfert,3940.0,5.97,197350.0,3,510,0,2.2
TX000284,transfert,2720.0,15.16,276150.0,4,1958,0,6.2
TX000285,transfert,6300.0,8.46,294940.0,8,2372,0,11.6
TX000286,transfert,4100.0,18.1,26030.0,4,1433,0,5.1
TX000287,paiement_marchand,2180.0,17.48,22990.0,6,2365,0,0.7
TX000288,transfert,10130.0,11.6,39340.0,7,1479,0,0.1
TX000289,paiement_marchand,8720.0,10.59,141950.0,3,1332,0,1.9
TX000290,depot,5850.0,15.01,126800.0,3,2725,0,0.1
TX000291,paiement_marchand,2750.0,12.65,121940.0,2,2773,0,0.5
TX000292,transfert,3090.0,15.17,18530.0,5,1073,0,2.8
TX000293,transfert,11660.0,16.0,266290.0,2,2307,0,23.7
TX000294,transfert,10500.0,9.95,38350.0,2,1147,0,0.5
TX000295,retrait,10900.0,13.58,32000.0,6,863,0,5.2
TX000296,depot,6560.0,13.89,11280.0,3,1871,0,8.2
TX000297,transfert,8640.0,22.17,473000.0,6,2834,0,9.9
TX000298,transfert,27650.0,10.92,57840.0,3,1476,0,9.6
TX000299,transfert,21420.0,13.97,207150.0,3,1167,0,4.4
TX000300,paiement_marchand,8590.0,16.09,146300.0,2,894,0,0.9
TX000301,depot,18910.0,7.03,65330.0,3,1008,0,1.8
TX000302,transfert,7820.0,18.88,57160.0,6,1582,0,1.1
TX000303,depot,17850.0,9.58,31630.0,2,2468,0,0.1
TX000304,paiement_marchand,14450.0,17.25,116840.0,4,2538,0,1.5
TX000305,depot,23430.0,21.51,180710.0,2,1283,0,0.7
TX000306,transfert,990.0,11.91,213550.0,3,2543,0,4.2
TX000307,retrait,24200.0,15.44,65350.0,9,74,0,4.0
TX000308,depot,28950.0,19.99,148760.0,6,2536,0,2.7
TX000309,transfert,8900.0,12.03,94450.0,7,1293,0,0.6
TX000310,depot,45810.0,11.04,98340.0,4,2153,0,3.7
TX000311,transfert,34230.0,18.98,150610.0,2,1014,0,0.6
TX000312,retrait,8210.0,14.14,467310.0,3,2335,0,3.5
TX000313,retrait,6200.0,16.4,56350.0,4,2367,0,2.7
TX000314,paiement_marchand,11700.0,7.86,62130.0,6,2771,0,1.1
TX000315,paiement_marchand,1110.0,20.79,382520.0,6,948,0,4.4
TX000316,paiement_marchand,810.0,11.63,99730.0,3,136,0,0.6
TX000317,paiement_marchand,870.0,14.15,8770.0,1,1103,0,0.2
TX000318,depot,6620.0,16.55,364640.0,3,721,0,5.1
TX000319,paiement_marchand,1580.0,17.09,17330.0,4,222,0,3.6
TX000320,retrait,192560.0,4.01,201750.0,2,1870,1,184.9
TX000321,retrait,10440.0,6.62,461450.0,4,2246,0,3.6
TX000322,paiement_marchand,2290.0,10.81,57430.0,6,665,0,1.1
TX000323,transfert,10240.0,13.72,36810.0,6,78,0,5.5
TX000324,paiement_marchand,9320.0,15.17,106620.0,4,2062,0,6.7
TX000325,transfert,6580.0,5.88,27360.0,5,705,0,3.8
TX000326,transfert,11540.0,9.06,48430.0,3,1557,0,2.6
TX000327,depot,6980.0,14.26,357930.0,8,1033,0,13.0
TX000328,retrait,2480.0,14.84,138640.0,2,527,0,1.2
TX000329,paiement_marchand,4620.0,19.94,782000.0,3,1743,0,1.7
TX000330,retrait,10120.0,12.63,18330.0,1,2571,0,1.5
TX000331,retrait,27170.0,21.21,119770.0,7,1182,0,11.6
TX000332,paiement_marchand,1010.0,7.36,15610.0,4,1503,0,5.4
TX000333,depot,18350.0,15.15,111340.0,4,1898,1,1.0
TX000334,paiement_marchand,4950.0,3.69,41400.0,4,1398,0,1.3
TX000335,depot,31260.0,15.66,314150.0,6,1767,0,6.0
TX000336,paiement_marchand,2780.0,13.69,216230.0,3,452,0,4.5
TX000337,transfert,9960.0,9.49,82700.0,1,2877,0,1.0
TX000338,paiement_marchand,3240.0,11.34,197160.0,5,1959,0,9.1
TX000339,transfert,8020.0,12.31,160460.0,4,2125,0,1.7
TX000340,depot,58650.0,15.59,111800.0,4,1793,0,1.2
TX000341,retrait,12500.0,13.0,19220.0,4,1425,0,5.2
TX000342,depot,7050.0,10.2,37940.0,8,1305,0,5.8
TX000343,retrait,11620.0,12.52,148660.0,3,347,0,2.6
TX000344,transfert,4890.0,10.25,21070.0,2,2096,0,1.7
TX000345,depot,20450.0,11.24,62620.0,6,1481,0,10.6
TX000346,paiement_marchand,5730.0,18.8,64510.0,3,2291,0,4.2
TX000347,transfert,5010.0,13.45,154670.0,3,2626,0,16.3
TX000348,transfert,16440.0,6.63,59500.0,2,2528,0,5.9
TX000349,depot,27320.0,14.94,103620.0,4,243,0,1.4
TX000350,paiement_marchand,2940.0,19.15,145350.0,2,2257,0,1.4
TX000351,depot,6640.0,19.76,27740.0,2,1127,0,1.5
TX000352,transfert,6770.0,15.77,45280.0,4,1072,0,2.8
TX000353,paiement_marchand,1770.0,1.1,10900.0,6,309,0,12.6
TX000354,retrait,19050.0,8.64,141300.0,2,1395,0,5.3
TX000355,transfert,16410.0,14.48,41770.0,2,1568,0,0.3
TX000356,retrait,18690.0,11.21,79010.0,1,1119,0,3.9
TX000357,paiement_marchand,3670.0,18.61,104930.0,2,2635,0,14.5
TX000358,depot,14100.0,15.39,25770.0,1,1899,0,4.4
TX000359,retrait,1420.0,14.59,44860.0,2,1476,0,0.1
TX000360,retrait,24240.0,19.15,196540.0,5,550,0,0.6
TX000361,depot,11310.0,14.37,232540.0,4,882,0,1.3
TX000362,retrait,16760.0,12.91,252380.0,5,1290,0,1.3
TX000363,retrait,276580.0,2.2,288700.0,2,1544,1,349.5
TX000364,retrait,24560.0,12.23,68500.0,9,2612,0,7.0
TX000365,paiement_marchand,2520.0,9.64,25830.0,5,1421,0,2.4
TX000366,paiement_marchand,1080.0,17.05,40310.0,6,789,0,0.6
TX000367,depot,47570.0,11.79,96760.0,10,1770,0,1.9
TX000368,retrait,31100.0,15.16,51120.0,3,951,0,4.3
TX000369,paiement_marchand,8000.0,18.27,79690.0,3,1274,0,6.4
TX000370,depot,5290.0,6.77,111850.0,5,603,0,10.1
TX000371,transfert,12210.0,13.91,35770.0,2,2420,0,0.4
TX000372,paiement_marchand,8260.0,14.72,110620.0,3,219,0,3.9
TX000373,depot,2380.0,11.13,24410.0,5,1305,0,8.4
TX000374,retrait,50530.0,11.34,108790.0,2,1114,0,0.1
TX000375,transfert,6630.0,5.9,218750.0,5,2138,0,0.8
TX000376,retrait,14330.0,12.35,241420.0,2,1877,0,0.5
TX000377,depot,8590.0,11.69,66690.0,5,1537,0,4.5
TX000378,transfert,5180.0,11.3,61620.0,3,2591,0,6.0
TX000379,depot,159520.0,14.33,278390.0,3,821,0,8.5
TX000380,paiement_marchand,1940.0,17.32,36770.0,5,2914,0,5.7
TX000381,depot,10190.0,8.42,44730.0,5,2118,0,4.3
TX000382,depot,10540.0,16.07,223800.0,6,2995,0,3.1
TX000383,retrait,5320.0,15.51,118600.0,3,2882,0,2.1
TX000384,depot,43830.0,18.71,120330.0,4,52,0,1.9
TX000385,transfert,5230.0,5.9,136180.0,2,2631,0,4.4
TX000386,retrait,3770.0,15.62,15150.0,6,1400,0,5.4
TX000387,retrait,5570.0,16.77,197200.0,2,979,0,8.4
TX000388,transfert,1530.0,11.91,46640.0,2,1729,0,3.2
TX000389,depot,22240.0,17.23,119870.0,4,143,0,0.8
TX000390,paiement_marchand,4700.0,20.43,200490.0,4,601,0,1.8
TX000391,retrait,22890.0,9.65,81420.0,5,1872,0,0.1
TX000392,retrait,90670.0,16.73,126300.0,2,1098,0,0.5
TX000393,retrait,3770.0,8.96,87650.0,3,1020,0,0.1
TX000394,paiement_marchand,2830.0,13.42,124800.0,7,1176,0,1.4
TX000395,paiement_marchand,1200.0,15.75,244450.0,5,2441,0,1.4
TX000396,retrait,7530.0,12.15,209440.0,1,1884,0,3.5
TX000397,transfert,47910.0,9.57,78910.0,5,1028,0,0.0
TX000398,transfert,4630.0,18.27,7010.0,6,2782,0,10.8
TX000399,retrait,7810.0,9.87,53470.0,5,663,0,2.5
TX000400,paiement_marchand,1350.0,14.42,97000.0,3,2955,0,4.1
TX000401,retrait,32740.0,9.19,61880.0,3,725,0,2.6
TX000402,paiement_marchand,17970.0,10.03,43900.0,3,2339,0,2.2
TX000403,transfert,1650.0,22.61,20690.0,5,2123,0,2.1
TX000404,retrait,52580.0,10.28,80720.0,2,1426,0,1.3
TX000405,retrait,5930.0,15.71,54550.0,6,2786,0,1.2
TX000406,transfert,16280.0,14.48,42290.0,2,2508,0,3.6
TX000407,depot,23600.0,15.49,109780.0,4,448,0,0.2
TX000408,retrait,4290.0,12.29,55460.0,2,1339,1,0.5
TX000409,retrait,3310.0,9.87,35510.0,8,1824,0,4.1
TX000410,transfert,25880.0,20.85,45640.0,3,630,0,4.7
TX000411,retrait,15850.0,13.18,91400.0,2,814,0,1.1
TX000412,paiement_marchand,2940.0,13.06,17830.0,5,2216,0,3.7
TX000413,transfert,12040.0,8.64,127640.0,1,451,0,0.4
TX000414,transfert,4850.0,13.78,44890.0,3,1320,0,8.5
TX000415,transfert,1700.0,18.67,61490.0,3,871,0,2.5
TX000416,depot,13740.0,23.99,48160.0,2,762,0,1.9
TX000417,depot,10900.0,13.64,53420.0,3,662,0,11.7
TX000418,transfert,17510.0,15.3,349270.0,2,677,0,0.4
TX000419,retrait,6560.0,12.4,208280.0,4,178,0,7.4
TX000420,transfert,9200.0,13.85,21980.0,5,2210,0,7.1
TX000421,transfert,4970.0,19.11,37530.0,2,2455,0,8.5
TX000422,transfert,21260.0,14.99,84870.0,3,2720,0,7.7
TX000423,paiement_marchand,4500.0,18.66,170500.0,7,2245,0,4.0
TX000424,depot,33300.0,8.36,216350.0,4,1790,0,1.3
TX000425,depot,23800.0,14.19,29840.0,2,2371,0,2.4
TX000426,retrait,2890.0,6.98,90490.0,6,1992,0,2.3
TX000427,paiement_marchand,3710.0,14.05,201630.0,2,669,0,14.4
TX000428,paiement_marchand,2000.0,12.4,34770.0,6,416,0,4.7
TX000429,depot,11740.0,15.12,26570.0,5,2168,0,3.9
TX000430,depot,3410.0,17.77,27480.0,5,398,0,2.0
TX000431,paiement_marchand,3230.0,14.71,65700.0,4,2351,0,9.8
TX000432,paiement_marchand,3930.0,13.43,19970.0,5,1775,0,1.7
TX000433,transfert,2330.0,17.34,109020.0,2,2877,0,1.9
TX000434,depot,12680.0,13.77,97110.0,4,996,0,0.4
TX000435,transfert,18430.0,21.39,68810.0,2,1790,0,0.4
TX000436,retrait,14690.0,18.08,178420.0,6,2117,0,3.8
TX000437,depot,23000.0,11.22,74720.0,2,2301,0,10.5
TX000438,depot,41690.0,17.8,60910.0,3,1210,1,12.8
TX000439,depot,36300.0,13.39,164180.0,4,2652,0,10.4
TX000440,retrait,24530.0,18.08,46330.0,4,2622,0,1.9
TX000441,paiement_marchand,8530.0,16.49,40450.0,5,2573,0,9.6
TX000442,depot,38130.0,10.08,68180.0,4,716,0,8.6
TX000443,retrait,8970.0,12.91,12160.0,7,623,0,3.8
TX000444,paiement_marchand,8870.0,16.59,26140.0,1,534,0,3.6
TX000445,retrait,22940.0,16.76,187470.0,2,325,0,8.6
TX000446,retrait,13410.0,5.51,48200.0,4,1249,0,4.6
TX000447,depot,15960.0,16.63,33170.0,7,624,0,1.8
TX000448,depot,10930.0,7.83,163520.0,6,1007,0,0.5
TX000449,retrait,11430.0,13.95,149640.0,3,1972,0,4.7
TX000450,depot,15680.0,18.9,36720.0,4,2098,0,6.3
TX000451,paiement_marchand,1950.0,17.93,63600.0,2,2642,0,0.5
TX000452,paiement_marchand,1970.0,14.83,80680.0,3,954,0,8.0
TX000453,retrait,7890.0,13.5,271600.0,3,895,0,0.8
TX000454,depot,14400.0,10.93,111080.0,2,2773,0,0.2
TX000455,paiement_marchand,4290.0,17.15,23570.0,5,2623,0,8.9
TX000456,depot,4850.0,17.69,60850.0,3,288,0,0.7
TX000457,paiement_marchand,570.0,13.98,135450.0,4,249,0,7.5
TX000458,transfert,10060.0,13.75,37310.0,4,1787,0,0.7
TX000459,retrait,14270.0,14.9,72910.0,5,2051,0,2.9
TX000460,depot,49250.0,17.26,83540.0,6,896,0,4.7
TX000461,retrait,13290.0,19.66,277970.0,2,2543,0,2.0
TX000462,depot,20150.0,9.28,287120.0,2,1874,0,1.7
TX000463,retrait,2740.0,13.99,68380.0,2,1341,0,12.2
TX000464,retrait,12180.0,13.22,97630.0,4,649,0,7.8
TX000465,depot,21050.0,14.51,50480.0,4,1225,0,0.6
TX000466,transfert,1800.0,11.54,49830.0,2,1778,0,3.0
TX000467,transfert,7140.0,15.16,10320.0,4,1111,0,2.9
TX000468,retrait,10920.0,13.09,99150.0,10,439,0,10.4
TX000469,transfert,12200.0,14.48,24720.0,2,296,0,0.9
TX000470,depot,43210.0,11.41,206250.0,2,825,0,0.5
TX000471,paiement_marchand,8620.0,13.53,45570.0,2,614,0,11.4
TX000472,retrait,26320.0,17.11,415520.0,5,1316,0,0.6
TX000473,retrait,30110.0,15.95,39070.0,2,926,0,4.6
TX000474,paiement_marchand,1480.0,13.52,54160.0,3,2084,0,2.6
TX000475,transfert,20940.0,14.13,76640.0,4,2479,0,3.2
TX000476,transfert,5620.0,13.84,35990.0,2,1560,0,0.7
TX000477,retrait,11010.0,13.48,61350.0,5,167,0,0.4
TX000478,transfert,5740.0,12.88,93780.0,4,2333,0,1.9
TX000479,depot,3530.0,6.47,89850.0,4,1198,0,6.3
TX000480,paiement_marchand,4000.0,12.0,35290.0,3,2501,0,1.3
TX000481,paiement_marchand,2100.0,12.7,211690.0,3,1559,0,2.0
TX000482,transfert,8670.0,16.52,50980.0,4,2902,0,5.3
TX000483,retrait,10740.0,14.46,186730.0,1,134,0,12.6
TX000484,retrait,22060.0,13.87,125430.0,3,2863,0,5.9
TX000485,transfert,32680.0,5.48,60400.0,4,126,0,3.4
TX000486,paiement_marchand,11700.0,11.7,64000.0,4,2017,0,0.0
TX000487,paiement_marchand,430.0,10.62,1108640.0,2,338,0,3.2
TX000488,paiement_marchand,2380.0,11.11,48700.0,2,550,0,2.3
TX000489,depot,43710.0,15.69,81720.0,5,2404,0,10.7
TX000490,transfert,8800.0,12.68,85870.0,4,2059,0,11.5
TX000491,paiement_marchand,3220.0,15.99,19720.0,3,2062,0,1.9
TX000492,transfert,4460.0,10.43,25650.0,3,1623,0,3.2
TX000493,retrait,4460.0,17.57,158490.0,2,2532,0,0.1
TX000494,transfert,10080.0,21.97,84750.0,6,120,1,0.3
TX000495,transfert,24680.0,15.02,198580.0,4,2197,0,4.6
TX000496,paiement_marchand,1270.0,11.48,66450.0,4,2644,0,5.6
TX000497,depot,17390.0,13.7,41060.0,2,1540,0,1.2
TX000498,retrait,8690.0,15.37,59690.0,4,1423,0,11.3
TX000499,depot,20490.0,19.08,31560.0,4,1351,0,1.1
TX000500,transfert,8940.0,14.18,65750.0,5,1085,0,2.2
TX000501,transfert,4980.0,14.77,64600.0,3,1683,0,2.4
TX000502,depot,119180.0,16.91,242220.0,3,1098,0,3.1
TX000503,transfert,6200.0,12.45,542390.0,5,1479,0,0.4
TX000504,depot,21920.0,11.62,42120.0,4,2063,0,3.4
TX000505,paiement_marchand,1230.0,12.1,100640.0,5,298,0,0.1
TX000506,depot,19430.0,9.67,77160.0,1,2073,0,2.4
TX000507,transfert,4460.0,15.09,449130.0,3,115,0,3.1
TX000508,retrait,3080.0,15.78,69860.0,4,2501,0,1.3
TX000509,transfert,1930.0,11.38,5000.0,8,463,0,3.7
TX000510,paiement_marchand,2270.0,10.82,124830.0,3,1317,0,4.2
TX000511,transfert,5310.0,15.17,135340.0,5,2511,0,1.8
TX000512,depot,54640.0,12.67,90310.0,3,2774,0,5.8
TX000513,retrait,14250.0,17.88,117480.0,2,1168,0,2.6
TX000514,retrait,8830.0,14.39,136490.0,7,1324,0,7.8
TX000515,retrait,13910.0,12.59,66330.0,4,977,0,7.2
TX000516,depot,14020.0,20.87,401090.0,3,2447,0,0.2
TX000517,retrait,6050.0,9.02,95060.0,5,1151,0,2.6
TX000518,paiement_marchand,12220.0,14.54,504550.0,4,1111,0,9.4
TX000519,retrait,14800.0,15.15,267790.0,6,1696,0,1.9
TX000520,retrait,5640.0,13.85,91830.0,2,2270,0,7.5
TX000521,retrait,9090.0,10.25,69600.0,2,2356,0,19.0
TX000522,transfert,9960.0,15.57,11040.0,48,1,1,3.3
TX000523,retrait,18990.0,16.85,103680.0,3,840,0,5.1
TX000524,depot,15040.0,9.2,143690.0,3,421,0,1.0
TX000525,transfert,4470.0,6.39,61730.0,6,2561,0,1.6
TX000526,paiement_marchand,6020.0,16.97,172630.0,4,393,0,0.2
TX000527,paiement_marchand,1890.0,12.15,135860.0,3,2272,0,8.1
TX000528,retrait,39550.0,18.74,187170.0,3,1821,0,3.8
TX000529,retrait,10410.0,13.31,168640.0,3,606,0,5.7
TX000530,transfert,8830.0,14.7,19780.0,4,503,0,13.1
TX000531,retrait,79680.0,16.26,140020.0,3,2903,0,4.2
TX000532,depot,16120.0,17.85,835950.0,6,551,0,0.7
TX000533,transfert,9170.0,15.8,324120.0,4,2296,0,2.3
TX000534,paiement_marchand,2510.0,18.43,386050.0,3,174,0,7.7
TX000535,paiement_marchand,2950.0,19.44,86930.0,6,515,0,3.0
TX000536,retrait,4190.0,13.84,63160.0,2,932,0,1.7
TX000537,paiement_marchand,2430.0,11.6,35420.0,2,1847,0,1.2
TX000538,paiement_marchand,5640.0,16.87,135520.0,5,1529,0,1.4
TX000539,transfert,50710.0,22.18,170890.0,6,2272,0,3.7
TX000540,depot,48400.0,13.73,368230.0,7,1025,0,0.2
TX000541,paiement_marchand,1510.0,20.97,23570.0,6,57,0,7.9
TX000542,retrait,34980.0,15.74,90530.0,3,1301,0,3.1
TX000543,depot,17810.0,12.95,215540.0,5,1133,0,0.9
TX000544,paiement_marchand,1010.0,15.76,65290.0,2,113,0,3.5
TX000545,depot,5650.0,15.09,53420.0,1,356,0,0.7
TX000546,transfert,2220.0,12.17,26820.0,3,1949,0,3.8
TX000547,paiement_marchand,2810.0,14.46,93130.0,2,1492,0,0.7
TX000548,retrait,13130.0,13.53,222470.0,2,172,0,3.7
TX000549,retrait,11550.0,14.87,345390.0,7,516,0,4.7
TX000550,retrait,84590.0,19.84,93540.0,2,2939,0,2.0
TX000551,retrait,32700.0,17.81,233500.0,3,2406,0,5.9
TX000552,transfert,7540.0,13.97,199810.0,5,1778,0,10.7
TX000553,paiement_marchand,8420.0,16.9,53030.0,3,294,0,0.4
TX000554,depot,8020.0,5.66,70260.0,2,1813,0,1.2
TX000555,paiement_marchand,280.0,12.0,52200.0,6,1834,0,17.3
TX000556,transfert,4350.0,11.56,100360.0,3,1428,0,1.5
TX000557,paiement_marchand,9340.0,2.82,50660.0,2,94,0,1.2
TX000558,retrait,2350.0,2.56,114000.0,6,1486,0,0.8
TX000559,transfert,7150.0,12.1,117010.0,6,1475,0,8.1
TX000560,retrait,13590.0,13.69,112350.0,1,133,0,0.6
TX000561,retrait,10390.0,16.82,32390.0,4,998,0,1.2
TX000562,transfert,4230.0,16.23,21520.0,2,1757,0,0.9
TX000563,depot,4190.0,10.7,205540.0,8,2621,0,1.6
TX000564,transfert,19860.0,9.52,40590.0,3,1981,0,4.1
TX000565,depot,10590.0,3.41,87600.0,2,2925,0,0.4
TX000566,depot,9070.0,7.92,80060.0,3,2159,0,11.2
TX000567,transfert,5150.0,16.95,142700.0,2,1881,0,6.1
TX000568,paiement_marchand,1320.0,14.51,384890.0,3,2848,0,0.3
TX000569,transfert,1980.0,14.04,58590.0,5,514,0,0.4
TX000570,retrait,3050.0,3.8,406370.0,7,557,0,9.5
TX000571,paiement_marchand,1220.0,16.38,51210.0,5,1244,0,13.8
TX000572,transfert,2680.0,12.43,98510.0,8,2409,0,8.9
TX000573,transfert,7330.0,15.93,269290.0,4,818,0,5.0
TX000574,transfert,3020.0,14.23,27990.0,2,1351,0,6.4
TX000575,transfert,33640.0,9.94,59510.0,3,560,0,7.2
TX000576,depot,11100.0,12.99,124740.0,5,2242,0,2.8
TX000577,retrait,18450.0,10.79,28590.0,3,1837,0,0.7
TX000578,transfert,26610.0,16.54,81670.0,4,769,0,0.5
TX000579,transfert,2750.0,7.26,52700.0,4,2697,0,1.7
TX000580,transfert,28170.0,11.46,39350.0,5,138,0,0.5
TX000581,depot,54210.0,12.68,114340.0,3,2005,0,1.7
TX000582,transfert,8940.0,13.82,20380.0,3,1827,0,0.5
TX000583,retrait,12440.0,8.56,323300.0,4,1630,0,11.0
TX000584,transfert,4750.0,19.88,145960.0,4,2336,0,10.2
TX000585,depot,11080.0,11.56,295830.0,4,2705,0,0.7
TX000586,depot,78240.0,8.06,89500.0,3,619,0,0.6
TX000587,retrait,15260.0,8.79,71360.0,3,1470,0,6.2
TX000588,retrait,19150.0,14.86,118050.0,6,1717,0,2.5
TX000589,retrait,3070.0,9.95,147600.0,6,618,0,2.0
TX000590,retrait,7410.0,14.7,49830.0,8,156,0,0.9
TX000591,transfert,8920.0,20.16,45270.0,6,2555,0,2.0
TX000592,paiement_marchand,4480.0,13.22,246010.0,4,1281,0,0.9
TX000593,depot,12320.0,10.44,66760.0,3,1510,0,3.4
TX000594,transfert,3000.0,14.07,28960.0,4,1241,0,6.5
TX000595,paiement_marchand,6740.0,11.85,60740.0,4,1213,0,2.0
TX000596,retrait,18670.0,17.12,66020.0,2,573,0,5.0
TX000597,depot,11270.0,17.25,40900.0,4,2800,0,5.9
TX000598,paiement_marchand,1770.0,20.15,60760.0,4,2688,0,1.0
TX000599,paiement_marchand,1110.0,12.4,31700.0,3,1656,0,8.9
TX000600,transfert,2930.0,13.41,31660.0,1,1517,0,3.7
TX000601,paiement_marchand,4040.0,5.91,59770.0,3,158,0,2.4
TX000602,retrait,10520.0,13.83,267030.0,2,2794,0,0.5
TX000603,retrait,29530.0,17.27,84320.0,9,1631,0,0.4
TX000604,depot,21250.0,16.95,78750.0,3,496,0,2.2
TX000605,transfert,9330.0,16.99,68690.0,4,2212,0,0.3
TX000606,depot,19340.0,14.85,97090.0,1,2438,0,0.9
TX000607,transfert,5850.0,17.16,144130.0,5,1319,0,9.1
TX000608,depot,10950.0,8.79,229210.0,6,1911,0,1.2
TX000609,transfert,2330.0,12.92,177820.0,4,602,0,1.7
TX000610,transfert,5560.0,12.72,28870.0,3,2488,0,4.5
TX000611,transfert,4490.0,8.52,92610.0,4,954,0,3.1
TX000612,depot,25220.0,16.52,57600.0,3,1303,0,7.7
TX000613,transfert,8870.0,19.76,159910.0,4,1159,0,1.6
TX000614,transfert,11360.0,13.94,71500.0,4,2500,0,2.3
TX000615,transfert,3320.0,14.11,97920.0,6,909,0,2.9
TX000616,transfert,3660.0,21.47,253050.0,2,2506,0,0.6
TX000617,transfert,38690.0,12.1,84660.0,3,2522,0,2.2
TX000618,depot,21520.0,15.13,119540.0,4,46,0,5.3
TX000619,retrait,6730.0,16.38,21050.0,5,2575,0,3.6
TX000620,transfert,9470.0,7.67,84030.0,2,1481,0,2.3
TX000621,retrait,19170.0,15.27,72260.0,5,474,0,1.2
TX000622,depot,29540.0,8.94,88220.0,4,2340,0,2.1
TX000623,depot,4880.0,8.93,119590.0,2,2741,0,1.5
TX000624,retrait,1880.0,10.72,29810.0,7,1711,0,6.9
TX000625,paiement_marchand,1770.0,10.48,120490.0,4,248,0,4.8
TX000626,paiement_marchand,2750.0,12.36,34740.0,6,2153,0,0.8
TX000627,depot,16790.0,16.29,50660.0,4,1705,0,5.1
TX000628,retrait,10630.0,9.19,289130.0,4,1837,0,5.1
TX000629,depot,6190.0,10.63,124350.0,6,1850,0,4.3
TX000630,transfert,3650.0,12.54,75930.0,9,1303,1,2.3
TX000631,paiement_marchand,2070.0,11.82,16940.0,2,351,0,13.9
TX000632,depot,22240.0,13.31,106650.0,5,379,0,6.5
TX000633,transfert,9640.0,12.51,90640.0,5,2161,0,1.7
TX000634,depot,23040.0,19.32,76500.0,3,2530,0,2.6
TX000635,retrait,14210.0,16.26,48540.0,4,93,0,0.0
TX000636,paiement_marchand,1920.0,13.05,53610.0,4,799,0,1.1
TX000637,transfert,17880.0,18.5,79820.0,4,2099,0,2.5
TX000638,retrait,10850.0,14.28,20300.0,5,2962,0,4.1
TX000639,depot,18350.0,8.12,78420.0,3,838,0,7.6
TX000640,paiement_marchand,3800.0,16.2,17760.0,3,2329,0,0.6
TX000641,transfert,5690.0,16.28,19130.0,1,2643,0,1.5
TX000642,transfert,1520.0,15.17,124790.0,4,1936,0,12.7
TX000643,depot,21000.0,10.0,50710.0,3,1263,0,0.8
TX000644,transfert,4840.0,17.5,294500.0,3,1853,0,4.1
TX000645,depot,5170.0,15.63,18830.0,2,1072,0,0.9
TX000646,transfert,57610.0,18.3,87660.0,2,225,0,8.8
TX000647,paiement_marchand,4110.0,16.08,198130.0,4,2339,0,3.2
TX000648,transfert,11550.0,19.28,39770.0,3,31,0,0.9
TX000649,depot,33120.0,15.75,67970.0,5,493,0,0.1
TX000650,paiement_marchand,8160.0,15.65,87470.0,8,2810,0,5.9
TX000651,depot,11440.0,14.31,173870.0,4,2620,0,4.5
TX000652,depot,6510.0,13.25,189160.0,5,1359,0,1.8
TX000653,paiement_marchand,1900.0,16.28,53330.0,4,2472,0,3.9
TX000654,transfert,19000.0,9.73,146150.0,8,1680,0,0.0
TX000655,retrait,14270.0,10.24,33020.0,5,2170,0,9.2
TX000656,paiement_marchand,1690.0,16.19,150090.0,3,2300,0,2.2
TX000657,paiement_marchand,3100.0,15.11,36410.0,3,1889,0,1.3
TX000658,paiement_marchand,3270.0,11.43,76800.0,3,549,0,1.4
TX000659,depot,34320.0,11.88,119790.0,3,1934,0,0.9
TX000660,depot,35510.0,11.24,555680.0,4,2381,0,11.3
TX000661,transfert,37870.0,10.74,264870.0,4,1548,0,2.6
TX000662,transfert,5320.0,5.11,64600.0,4,756,0,2.3
TX000663,retrait,4940.0,12.42,217350.0,2,1567,0,0.6
TX000664,paiement_marchand,1050.0,18.83,36050.0,9,2023,0,0.6
TX000665,retrait,24810.0,16.02,163730.0,3,1901,0,9.2
TX000666,retrait,11730.0,15.97,56330.0,3,2274,0,0.5
TX000667,depot,20130.0,6.58,42440.0,1,1242,0,3.4
TX000668,transfert,9430.0,10.29,109700.0,3,1593,0,0.4
TX000669,depot,12730.0,23.99,107920.0,3,1297,0,1.2
TX000670,depot,5410.0,18.86,106590.0,4,636,0,5.2
TX000671,paiement_marchand,1460.0,19.02,57110.0,2,1061,0,2.8
TX000672,depot,20760.0,14.46,60400.0,4,215,0,0.1
TX000673,transfert,3710.0,16.37,326370.0,5,2878,0,2.2
TX000674,transfert,7470.0,20.69,14990.0,2,1085,0,7.2
TX000675,retrait,9290.0,10.08,120580.0,5,938,0,1.2
TX000676,transfert,4970.0,17.9,51530.0,5,59,0,0.1
TX000677,retrait,9310.0,19.55,26920.0,5,137,1,10.0
TX000678,retrait,32650.0,10.17,188640.0,4,1739,0,5.7
TX000679,retrait,22800.0,18.18,258440.0,5,2625,0,1.7
TX000680,retrait,14650.0,12.78,79150.0,2,1909,0,2.2
TX000681,transfert,17740.0,14.39,55340.0,2,1285,0,0.6
TX000682,retrait,25280.0,16.49,36550.0,3,81,0,1.2
TX000683,depot,12650.0,11.88,58770.0,3,1958,0,6.2
TX000684,depot,51030.0,15.68,56230.0,2,1439,0,0.8
TX000685,retrait,8390.0,15.02,63690.0,5,501,0,1.0
TX000686,depot,8550.0,11.71,41750.0,4,2446,0,1.1
TX000687,retrait,9810.0,16.94,53490.0,3,2649,0,0.0
TX000688,paiement_marchand,3770.0,0.8,46820.0,4,2389,0,0.4
TX000689,transfert,5710.0,17.68,174250.0,4,508,0,0.1
TX000690,transfert,28880.0,20.12,41020.0,5,2461,0,16.5
TX000691,depot,14240.0,19.24,56920.0,5,362,0,4.6
TX000692,depot,17140.0,18.42,123190.0,5,1409,0,8.9
TX000693,depot,15970.0,20.17,107530.0,2,1666,0,1.2
TX000694,retrait,11790.0,20.55,328890.0,5,879,0,0.7
TX000695,depot,3700.0,18.3,8950.0,3,1599,0,4.0
TX000696,transfert,3480.0,8.14,27740.0,2,317,0,9.7
TX000697,retrait,9490.0,9.54,77710.0,7,1568,0,0.2
TX000698,depot,9780.0,14.95,61230.0,4,1616,0,6.7
TX000699,depot,11810.0,16.97,50880.0,3,307,0,0.7
TX000700,retrait,22320.0,19.21,139600.0,4,509,0,1.4
TX000701,paiement_marchand,430.0,9.74,102780.0,3,1303,0,1.1
TX000702,depot,6430.0,13.06,55570.0,3,2015,0,3.9
TX000703,retrait,11090.0,15.62,38830.0,6,1864,0,0.4
TX000704,retrait,4980.0,12.53,64300.0,2,2402,0,9.0
TX000705,retrait,3060.0,8.25,118840.0,3,1585,0,0.5
TX000706,paiement_marchand,3800.0,14.0,12860.0,4,1058,0,4.8
TX000707,transfert,3160.0,14.77,17440.0,4,2342,0,3.6
TX000708,retrait,3900.0,19.48,365670.0,4,55,0,2.5
TX000709,depot,30760.0,15.62,78990.0,6,912,0,5.6
TX000710,depot,17030.0,8.08,110530.0,3,791,0,1.4
TX000711,depot,17930.0,15.86,202260.0,3,1622,0,9.3
TX000712,paiement_marchand,1730.0,18.0,110440.0,8,1743,0,3.3
TX000713,retrait,7250.0,20.95,41960.0,2,672,0,6.0
TX000714,transfert,9090.0,21.74,54220.0,1,2752,0,5.8
TX000715,transfert,5120.0,18.03,291460.0,2,859,0,11.9
TX000716,retrait,9380.0,15.83,26980.0,5,1712,0,9.9
TX000717,transfert,3510.0,9.25,44340.0,5,2688,0,9.6
TX000718,transfert,8220.0,19.14,463330.0,3,2138,0,0.8
TX000719,paiement_marchand,2950.0,9.33,69850.0,6,2289,1,1.4
TX000720,transfert,2630.0,16.14,55040.0,2,367,0,1.4
TX000721,paiement_marchand,770.0,18.31,29120.0,3,2411,0,2.5
TX000722,depot,9610.0,12.97,82520.0,4,1358,0,6.2
TX000723,retrait,10970.0,8.24,41760.0,4,2734,0,0.2
TX000724,retrait,13580.0,13.74,62060.0,4,1387,0,11.3
TX000725,depot,36470.0,16.89,53680.0,4,2312,0,1.3
TX000726,retrait,20550.0,12.63,91060.0,3,2379,0,1.2
TX000727,retrait,21590.0,17.55,98280.0,5,2722,0,1.6
TX000728,transfert,8360.0,13.7,73840.0,4,858,0,8.6
TX000729,retrait,8850.0,7.66,148660.0,4,2920,0,2.0
TX000730,retrait,11860.0,13.99,27910.0,4,507,0,2.9
TX000731,retrait,3690.0,13.96,332480.0,3,1648,0,5.8
TX000732,transfert,7860.0,12.61,124530.0,2,2745,0,5.1
TX000733,paiement_marchand,6450.0,12.41,22830.0,3,953,0,1.0
TX000734,paiement_marchand,1475150.0,14.91,1812850.0,7,249,0,2.4
TX000735,paiement_marchand,11590.0,11.12,19220.0,3,1011,0,10.7
TX000736,depot,10670.0,17.5,80890.0,2,995,0,6.3
TX000737,transfert,7000.0,7.93,67020.0,2,1047,0,8.4
TX000738,depot,3910.0,16.02,167560.0,2,1830,0,1.6
TX000739,paiement_marchand,1560.0,17.03,55950.0,2,1598,0,9.4
TX000740,transfert,7770.0,8.88,66880.0,3,2596,1,15.3
TX000741,depot,50720.0,4.86,94550.0,5,2405,0,1.8
TX000742,paiement_marchand,1170.0,11.56,85620.0,1,1204,0,6.8
TX000743,depot,11130.0,17.88,47270.0,4,757,0,9.7
TX000744,transfert,3980.0,15.87,150520.0,1,2800,1,7.3
TX000745,paiement_marchand,4740.0,15.71,69940.0,3,2283,0,0.3
TX000746,depot,14310.0,11.27,159660.0,3,1058,0,1.5
TX000747,transfert,2320.0,14.47,103690.0,5,2445,0,2.6
TX000748,retrait,14150.0,18.27,55200.0,5,1964,0,0.5
TX000749,transfert,6350.0,14.12,25920.0,7,2673,0,1.3
TX000750,depot,4270.0,16.59,14350.0,4,2616,0,1.2
TX000751,retrait,2780.0,12.16,27000.0,3,1519,0,0.7
TX000752,retrait,11600.0,14.62,39880.0,1,823,0,0.3
TX000753,retrait,5380.0,18.28,21790.0,5,851,0,7.9
TX000754,depot,19480.0,13.46,183040.0,1,2931,0,6.4
TX000755,retrait,4030.0,14.57,157290.0,3,448,0,4.5
TX000756,depot,58460.0,11.22,88180.0,2,698,0,5.3
TX000757,paiement_marchand,1800.0,18.2,90690.0,3,2180,0,5.8
TX000758,depot,19310.0,18.37,341210.0,3,1276,0,2.0
TX000759,paiement_marchand,3200.0,9.88,46210.0,2,2349,0,2.0
TX000760,transfert,19240.0,10.61,457760.0,3,1875,0,0.3
TX000761,retrait,13500.0,23.99,77770.0,3,2629,1,0.3
TX000762,paiement_marchand,1071800.0,15.99,1387920.0,8,139,0,10.6
TX000763,retrait,69230.0,7.73,146280.0,2,182,0,0.4
TX000764,retrait,5260.0,18.55,18800.0,5,1226,0,1.6
TX000765,depot,71930.0,10.49,258520.0,6,1122,1,2.0
TX000766,depot,27110.0,10.72,77360.0,7,1567,0,6.7
TX000767,depot,30460.0,19.35,195660.0,4,816,0,4.4
TX000768,retrait,20000.0,19.7,45150.0,4,2458,0,0.1
TX000769,depot,35130.0,18.82,197660.0,5,2180,0,6.7
TX000770,retrait,19650.0,12.12,224480.0,6,843,0,0.4
TX000771,transfert,16710.0,10.92,108680.0,5,2788,0,0.8
TX000772,depot,15610.0,7.46,113240.0,6,2170,0,1.5
TX000773,paiement_marchand,1900.0,7.85,88270.0,4,2360,0,1.6
TX000774,transfert,6800.0,13.52,96190.0,3,225,0,2.3
TX000775,paiement_marchand,5240.0,12.86,14610.0,4,1982,0,1.0
TX000776,paiement_marchand,6980.0,16.24,41180.0,3,770,0,10.0
TX000777,transfert,29560.0,15.95,141150.0,2,1872,0,13.8
TX000778,depot,32610.0,16.51,45300.0,7,787,0,3.4
TX000779,paiement_marchand,7280.0,16.64,25580.0,4,1882,0,1.3
TX000780,transfert,18880.0,15.21,30280.0,4,617,0,4.3
TX000781,depot,16760.0,13.99,138100.0,5,2428,0,0.7
TX000782,paiement_marchand,9380.0,9.88,18080.0,3,593,1,1.1
TX000783,paiement_marchand,2850.0,10.52,359090.0,3,1640,0,1.9
TX000784,transfert,4700.0,12.2,109260.0,3,1275,0,4.9
TX000785,depot,31020.0,20.55,127240.0,2,2101,0,6.3
TX000786,paiement_marchand,13020.0,14.96,41710.0,5,1527,0,2.8
TX000787,transfert,15620.0,16.1,140800.0,4,2293,0,2.8
TX000788,depot,4560.0,11.88,235120.0,1,114,0,2.0
TX000789,transfert,16730.0,17.43,55340.0,3,2021,0,2.8
TX000790,transfert,18430.0,13.76,89640.0,4,914,0,2.9
TX000791,depot,4210.0,19.42,147770.0,3,1417,0,0.6
TX000792,transfert,7520.0,14.98,44680.0,1,486,0,2.8
TX000793,depot,7670.0,18.81,47060.0,2,2787,1,0.2
TX000794,transfert,9100.0,10.12,91380.0,4,2798,0,3.9
TX000795,transfert,19440.0,10.29,53590.0,3,1160,0,4.6
TX000796,transfert,27130.0,19.53,78310.0,5,1925,0,1.2
TX000797,transfert,16590.0,15.45,45720.0,3,1760,0,0.4
TX000798,depot,48680.0,13.43,89760.0,3,234,0,3.2
TX000799,paiement_marchand,18220.0,11.58,89540.0,3,864,0,2.3
TX000800,transfert,19410.0,11.24,71690.0,2,447,0,1.1
TX000801,transfert,2510.0,15.79,116350.0,4,1732,0,3.0
TX000802,retrait,15110.0,15.66,252750.0,5,1912,0,0.2
TX000803,depot,6940.0,14.21,114900.0,2,517,0,0.9
TX000804,retrait,1050.0,9.26,60090.0,2,1121,0,3.8
TX000805,transfert,13650.0,14.43,139340.0,2,872,1,5.5
TX000806,depot,12480.0,13.39,37400.0,2,1323,0,0.7
TX000807,transfert,6880.0,10.35,117820.0,3,1785,0,1.1
TX000808,paiement_marchand,4250.0,16.05,33360.0,4,1710,0,4.1
TX000809,transfert,5390.0,12.54,154330.0,1,702,0,9.7
TX000810,retrait,34450.0,16.98,126500.0,5,2640,0,3.3
TX000811,transfert,12210.0,11.67,416090.0,3,551,0,11.4
TX000812,paiement_marchand,5020.0,18.0,27770.0,4,1676,0,4.4
TX000813,depot,20540.0,13.6,68060.0,4,904,0,1.4
TX000814,paiement_marchand,3070.0,15.39,38870.0,5,2335,0,1.1
TX000815,paiement_marchand,2630.0,8.68,70350.0,5,1518,0,1.0
TX000816,paiement_marchand,1410.0,9.39,64320.0,7,2787,0,0.7
TX000817,paiement_marchand,2670.0,15.23,39350.0,2,2828,0,14.6
TX000818,transfert,1930.0,14.02,436860.0,3,1347,0,0.7
TX000819,paiement_marchand,7100.0,16.01,65500.0,4,1129,0,3.3
TX000820,paiement_marchand,2150.0,18.4,48550.0,3,950,0,1.0
TX000821,paiement_marchand,6000.0,14.04,53100.0,1,1634,0,0.7
TX000822,paiement_marchand,6520.0,16.3,62600.0,2,791,0,1.4
TX000823,retrait,5510.0,14.2,42360.0,4,2961,0,1.4
TX000824,paiement_marchand,2080.0,6.93,132690.0,3,1794,0,3.8
TX000825,retrait,44860.0,16.22,88990.0,2,2435,0,1.9
TX000826,depot,19820.0,13.69,61650.0,4,372,0,7.4
TX000827,transfert,17670.0,7.22,58650.0,8,1752,0,1.7
TX000828,depot,35040.0,16.76,67100.0,6,1252,0,2.4
TX000829,depot,45400.0,20.55,142450.0,5,809,0,8.6
TX000830,transfert,16910.0,15.28,81220.0,5,597,0,1.9
TX000831,depot,19470.0,10.95,78760.0,6,1053,0,0.6
TX000832,retrait,12420.0,6.17,210320.0,4,2556,0,3.1
TX000833,retrait,16430.0,16.38,144360.0,3,2116,0,3.9
TX000834,retrait,7070.0,12.21,47880.0,5,504,0,0.1
TX000835,paiement_marchand,1420.0,10.31,121830.0,3,2337,0,5.3
TX000836,retrait,3810.0,11.64,53660.0,5,100,0,12.1
TX000837,depot,10540.0,20.52,28310.0,3,347,0,0.2
TX000838,retrait,27170.0,12.2,157150.0,2,1098,0,4.4
TX000839,transfert,3310.0,13.05,56890.0,5,1609,0,0.9
TX000840,depot,29950.0,10.43,103310.0,6,1603,0,5.7
TX000841,depot,25710.0,15.09,144270.0,3,1720,0,2.7
TX000842,depot,8570.0,15.24,66290.0,5,2048,0,0.5
TX000843,retrait,32950.0,14.06,44670.0,5,2190,0,0.3
TX000844,depot,8110.0,12.3,46070.0,2,1410,0,1.4
TX000845,depot,45690.0,12.59,156900.0,4,1254,0,1.4
TX000846,transfert,1040.0,20.95,48220.0,2,1552,0,0.5
TX000847,paiement_marchand,5970.0,16.63,74490.0,6,2770,0,0.3
TX000848,transfert,7570.0,10.27,41080.0,4,2267,0,0.1
TX000849,paiement_marchand,2760.0,11.28,72340.0,4,2695,1,1.0
TX000850,transfert,7270.0,19.12,46620.0,2,1976,0,15.0
TX000851,transfert,5010.0,17.24,85970.0,5,1554,0,1.4
TX000852,transfert,19810.0,13.81,375780.0,3,738,0,10.2
TX000853,depot,9480.0,11.43,316390.0,5,1451,0,23.3
TX000854,paiement_marchand,3790.0,23.74,86070.0,3,2851,0,1.3
TX000855,transfert,14200.0,16.87,22030.0,4,1261,0,6.8
TX000856,transfert,8920.0,18.74,54820.0,2,1338,1,5.4
TX000857,paiement_marchand,4630.0,15.7,85930.0,4,1247,0,0.7
TX000858,paiement_marchand,4630.0,18.4,102080.0,4,1087,1,1.1
TX000859,depot,6270.0,10.78,216390.0,4,1934,0,2.7
TX000860,depot,39530.0,13.78,62820.0,5,2886,0,0.5
TX000861,paiement_marchand,5140.0,18.71,23910.0,2,1827,1,2.6
TX000862,depot,36750.0,15.84,64640.0,5,2520,0,7.9
TX000863,depot,10510.0,9.75,97580.0,5,380,0,1.8
TX000864,paiement_marchand,1550.0,16.05,43820.0,4,2655,0,1.8
TX000865,transfert,3880.0,13.63,48660.0,5,1257,0,1.4
TX000866,retrait,6640.0,12.61,34480.0,7,1615,0,10.6
TX000867,retrait,7100.0,6.93,150800.0,5,1295,0,0.8
TX000868,transfert,2820.0,13.78,20160.0,4,2273,0,7.1
TX000869,transfert,4070.0,15.43,52000.0,4,1022,0,3.4
TX000870,transfert,3870.0,11.36,187100.0,5,1077,0,0.7
TX000871,transfert,11670.0,23.42,85670.0,4,2818,0,0.6
TX000872,transfert,10620.0,13.92,103520.0,2,1328,0,3.7
TX000873,retrait,10750.0,17.21,176350.0,4,1861,0,4.2
TX000874,depot,22200.0,17.92,52830.0,5,2627,0,8.8
TX000875,retrait,6650.0,16.25,32860.0,5,1938,0,2.3
TX000876,retrait,7980.0,11.43,25720.0,3,1027,0,3.2
TX000877,paiement_marchand,2140.0,10.79,401770.0,2,2312,0,1.4
TX000878,paiement_marchand,2140.0,13.03,56230.0,5,2300,0,1.6
TX000879,retrait,4420.0,16.41,24450.0,5,1678,0,1.3
TX000880,transfert,7250.0,13.08,23430.0,8,2727,0,3.9
TX000881,paiement_marchand,1390.0,20.09,47830.0,5,2798,0,3.0
TX000882,retrait,16120.0,14.26,34390.0,4,1846,0,4.8
TX000883,depot,80620.0,13.88,208710.0,6,1753,0,7.6
TX000884,depot,36260.0,10.03,263730.0,5,339,0,1.2
TX000885,transfert,3650.0,13.01,50100.0,5,680,0,2.2
TX000886,retrait,11580.0,13.75,38460.0,3,2473,0,0.4
TX000887,depot,25400.0,14.54,105450.0,4,139,0,8.1
TX000888,retrait,18250.0,11.03,520490.0,6,155,0,7.2
TX000889,transfert,26150.0,13.13,64580.0,5,1593,0,3.4
TX000890,depot,60780.0,16.49,189560.0,8,1083,0,2.0
TX000891,retrait,30230.0,15.28,84480.0,5,1015,0,0.1
TX000892,paiement_marchand,3440.0,19.18,104570.0,2,72,0,6.9
TX000893,depot,8810.0,12.78,37800.0,2,2794,0,4.8
TX000894,transfert,29540.0,18.4,107580.0,8,306,0,1.6
TX000895,depot,16750.0,16.65,45440.0,5,143,0,1.8
TX000896,paiement_marchand,4060.0,14.44,84630.0,1,1283,0,0.7
TX000897,depot,16070.0,13.69,38960.0,3,455,0,2.7
TX000898,paiement_marchand,3020.0,12.87,49570.0,3,2296,0,0.7
TX000899,paiement_marchand,13520.0,16.15,15540.0,4,2250,0,1.4
TX000900,retrait,49730.0,11.75,60730.0,2,326,0,2.3
TX000901,depot,24450.0,19.94,143030.0,4,2938,0,2.1
TX000902,transfert,43720.0,14.36,100320.0,4,739,0,7.8
TX000903,transfert,8060.0,12.51,105560.0,4,514,1,9.0
TX000904,transfert,1980.0,11.3,164970.0,4,2744,0,6.7
TX000905,transfert,10160.0,10.45,25660.0,6,995,0,2.1
TX000906,transfert,7200.0,19.36,35680.0,4,746,1,4.5
TX000907,paiement_marchand,1660.0,14.59,783530.0,3,527,0,1.1
TX000908,transfert,22580.0,14.08,480060.0,3,1064,0,0.9
TX000909,retrait,4510.0,11.46,20950.0,4,172,0,0.7
TX000910,transfert,3820.0,9.78,160510.0,5,1150,0,4.7
TX000911,depot,14620.0,13.93,41900.0,4,2848,0,14.8
TX000912,transfert,10650.0,14.43,38930.0,2,2461,0,7.4
TX000913,transfert,2140.0,17.04,39240.0,3,377,0,1.6
TX000914,transfert,1580.0,18.93,67580.0,3,1341,0,12.5
TX000915,retrait,30340.0,11.28,133910.0,5,328,0,3.9
TX000916,depot,22690.0,18.76,115450.0,3,36,0,4.8
TX000917,depot,90210.0,13.1,290270.0,3,1476,0,1.7
TX000918,transfert,6700.0,10.77,83040.0,3,1480,0,3.3
TX000919,retrait,12910.0,15.27,59210.0,12,2529,0,3.0
TX000920,transfert,25370.0,11.24,69670.0,5,2752,0,5.7
TX000921,transfert,11410.0,15.09,170320.0,3,955,0,0.8
TX000922,depot,4050.0,18.01,198430.0,10,537,0,1.4
TX000923,retrait,5900.0,14.3,68590.0,4,296,0,1.9
TX000924,retrait,8630.0,12.4,106870.0,4,955,0,6.7
TX000925,retrait,18340.0,11.12,152050.0,3,2384,0,1.8
TX000926,depot,8240.0,6.52,33850.0,3,986,0,1.1
TX000927,depot,11730.0,13.19,29410.0,6,789,0,6.2
TX000928,transfert,8360.0,10.53,38150.0,5,1356,0,1.9
TX000929,paiement_marchand,1780.0,16.68,130200.0,3,1128,0,2.1
TX000930,paiement_marchand,9670.0,12.43,137160.0,5,1376,0,7.1
TX000931,depot,17150.0,11.44,25520.0,4,1372,0,1.9
TX000932,transfert,3600.0,15.1,87210.0,4,2716,0,6.8
TX000933,retrait,49810.0,17.34,132020.0,3,35,0,2.3
TX000934,transfert,22730.0,9.61,24140.0,46,2,0,3.2
TX000935,retrait,31790.0,12.65,56780.0,5,2458,0,6.4
TX000936,retrait,1550.0,12.29,55440.0,3,1161,0,3.3
TX000937,paiement_marchand,4220.0,16.09,35830.0,3,2296,0,7.8
TX000938,retrait,7180.0,12.14,89560.0,2,2647,0,9.5
TX000939,depot,14600.0,9.86,108610.0,3,246,0,1.4
TX000940,depot,7000.0,19.21,24820.0,2,2804,0,3.7
TX000941,depot,29610.0,10.81,195960.0,2,391,0,0.5
TX000942,retrait,7330.0,16.06,64250.0,3,1932,0,4.0
TX000943,retrait,2070.0,3.63,104340.0,2,2337,0,2.8
TX000944,retrait,44210.0,18.19,94380.0,3,2387,0,2.6
TX000945,paiement_marchand,1060.0,15.11,15000.0,3,2913,1,0.6
TX000946,paiement_marchand,2530.0,10.32,330970.0,2,2612,0,2.5
TX000947,depot,4970.0,13.23,51330.0,3,2179,0,2.4
TX000948,depot,18250.0,20.17,281170.0,5,2576,0,1.1
TX000949,depot,15660.0,9.04,74660.0,7,2255,0,7.2
TX000950,depot,17140.0,14.11,47240.0,7,1172,0,0.4
TX000951,paiement_marchand,2080.0,11.05,90330.0,4,1013,0,4.4
TX000952,transfert,1740.0,2.85,22350.0,2,1899,1,2.3
TX000953,depot,25850.0,11.67,51030.0,9,182,0,1.1
TX000954,retrait,12100.0,11.77,144060.0,5,1868,0,1.5
TX000955,retrait,10440.0,16.42,207240.0,4,1416,0,2.6
TX000956,transfert,6760.0,18.13,42320.0,3,1680,0,9.3
TX000957,paiement_marchand,3940.0,10.47,28300.0,8,181,0,5.0
TX000958,retrait,26820.0,10.48,290250.0,4,1846,0,1.6
TX000959,transfert,5070.0,11.73,10110.0,5,2409,0,0.8
TX000960,transfert,13460.0,15.49,57340.0,4,512,0,1.9
TX000961,retrait,9520.0,14.71,26550.0,4,1926,0,2.0
TX000962,paiement_marchand,660.0,13.58,53090.0,4,158,0,3.1
TX000963,retrait,39270.0,11.96,428300.0,10,1985,0,0.2
TX000964,transfert,25680.0,19.12,65760.0,4,454,0,2.6
TX000965,depot,11470.0,14.23,64460.0,2,908,0,19.6
TX000966,retrait,2830.0,16.76,40490.0,8,627,0,1.0
TX000967,retrait,7190.0,10.4,47060.0,1,2739,0,0.5
TX000968,transfert,7780.0,11.11,143450.0,3,2529,0,9.0
TX000969,retrait,6350.0,9.33,105430.0,6,120,0,2.1
TX000970,retrait,20250.0,12.57,27360.0,5,519,0,3.8
TX000971,retrait,5790.0,14.7,121300.0,5,1561,0,5.0
TX000972,depot,22190.0,14.06,40500.0,3,255,0,1.7
TX000973,paiement_marchand,5460.0,12.47,56400.0,3,810,0,4.3
TX000974,paiement_marchand,14800.0,17.54,59330.0,3,858,0,2.9
TX000975,depot,8930.0,16.02,428180.0,6,1320,0,0.3
TX000976,paiement_marchand,1950.0,15.23,30990.0,3,2602,0,8.4
TX000977,retrait,36880.0,14.78,112030.0,3,2637,0,2.2
TX000978,depot,17950.0,15.89,28290.0,4,2025,0,1.3
TX000979,depot,24380.0,14.6,202850.0,5,2815,0,5.5
TX000980,transfert,22680.0,14.31,281250.0,4,1201,1,4.0
TX000981,retrait,13950.0,8.13,142030.0,4,1296,0,4.4
TX000982,depot,10250.0,11.14,73940.0,6,233,0,0.6
TX000983,depot,3130.0,15.56,20250.0,4,310,0,0.2
TX000984,transfert,2630.0,10.82,65770.0,3,1400,0,2.2
TX000985,transfert,29490.0,22.29,66730.0,6,1787,0,9.4
TX000986,depot,19140.0,19.34,29390.0,5,2128,0,3.2
TX000987,transfert,6270.0,12.94,35100.0,4,637,0,7.2
TX000988,retrait,8140.0,15.96,353790.0,2,2208,0,2.4
TX000989,paiement_marchand,550.0,13.96,24390.0,3,509,0,0.5
TX000990,transfert,17600.0,14.98,47210.0,3,1220,0,4.5
TX000991,retrait,15450.0,11.68,113760.0,10,1831,0,6.8
TX000992,transfert,11760.0,18.57,70760.0,4,382,0,1.1
TX000993,transfert,7550.0,9.92,46430.0,4,1030,0,0.2
TX000994,retrait,20030.0,13.3,1003790.0,4,1600,0,0.7
TX000995,depot,28640.0,9.84,76310.0,2,2335,0,1.1
TX000996,retrait,6980.0,12.04,77870.0,3,819,0,3.4
TX000997,transfert,7560.0,14.5,26510.0,3,2462,0,1.4
TX000998,paiement_marchand,1790.0,15.74,18270.0,3,88,0,4.0
TX000999,retrait,14220.0,11.38,1209350.0,5,1518,0,4.2
TX001000,transfert,2190.0,16.82,21860.0,4,1358,0,0.5
TX001001,transfert,2410.0,15.77,65400.0,1,2869,0,0.8
TX001002,transfert,6820.0,19.03,83120.0,2,2856,0,1.4
TX001003,retrait,26900.0,18.99,116520.0,5,870,0,1.8
TX001004,transfert,9300.0,14.54,205410.0,3,2500,0,2.0
TX001005,retrait,58090.0,19.97,91420.0,4,235,0,1.2
TX001006,retrait,7200.0,15.95,73340.0,4,841,0,1.3
TX001007,transfert,10160.0,8.75,79980.0,1,1679,0,8.2
TX001008,retrait,4930.0,10.87,107040.0,3,1967,0,0.6
TX001009,transfert,12370.0,9.88,157830.0,5,199,0,22.6
TX001010,retrait,8880.0,13.66,31190.0,3,2661,0,3.6
TX001011,depot,33160.0,16.14,51410.0,5,2957,0,17.5
TX001012,transfert,24590.0,17.71,33940.0,7,1170,0,1.3
TX001013,paiement_marchand,6730.0,17.44,151630.0,4,2184,0,1.6
TX001014,transfert,17180.0,13.5,262010.0,3,2876,0,1.3
TX001015,retrait,20700.0,15.8,46020.0,7,1212,0,2.8
TX001016,depot,30510.0,16.24,92440.0,5,2412,0,1.1
TX001017,transfert,5720.0,19.04,21560.0,3,1392,0,4.3
TX001018,transfert,4500.0,17.27,17870.0,5,2135,0,4.0
TX001019,depot,42450.0,10.69,210170.0,7,1095,0,1.6
TX001020,depot,18370.0,10.71,63510.0,5,2911,0,2.6
TX001021,depot,13790.0,16.18,57760.0,6,2428,0,0.2
TX001022,retrait,13400.0,17.13,75920.0,5,750,0,3.4
TX001023,depot,7210.0,14.43,22540.0,4,2214,0,2.1
TX001024,transfert,9400.0,9.68,42030.0,1,868,0,6.3
TX001025,transfert,11120.0,11.38,205860.0,5,2939,0,2.7
TX001026,transfert,14060.0,16.19,80830.0,3,2986,0,0.6
TX001027,transfert,10530.0,15.86,75130.0,2,2610,0,2.0
TX001028,transfert,26370.0,21.44,44370.0,5,563,0,8.4
TX001029,transfert,5390.0,19.72,13360.0,6,460,0,1.2
TX001030,transfert,6260.0,14.0,115230.0,3,429,0,8.5
TX001031,paiement_marchand,1490.0,12.8,41990.0,3,1963,0,1.4
TX001032,paiement_marchand,4450.0,18.88,131310.0,10,2568,0,0.3
TX001033,paiement_marchand,2070.0,8.45,87160.0,4,1952,0,2.7
TX001034,depot,13520.0,16.96,52120.0,6,854,0,10.0
TX001035,transfert,13900.0,13.78,76720.0,3,2520,0,14.2
TX001036,paiement_marchand,2540.0,9.0,66200.0,5,2033,0,9.5
TX001037,transfert,7980.0,7.01,68140.0,5,2920,0,1.0
TX001038,retrait,91740.0,8.62,120800.0,4,1097,0,6.6
TX001039,paiement_marchand,4910.0,12.12,78080.0,3,426,0,9.0
TX001040,depot,54760.0,14.12,297930.0,5,2533,0,2.1
TX001041,paiement_marchand,6100.0,15.19,172820.0,4,1248,0,0.6
TX001042,transfert,11480.0,8.18,472710.0,2,1433,0,0.2
TX001043,paiement_marchand,1270.0,12.85,19920.0,2,225,0,0.9
TX001044,depot,15570.0,18.39,40140.0,3,1314,0,4.5
TX001045,retrait,17960.0,15.51,39910.0,2,1094,0,1.5
TX001046,retrait,9350.0,15.71,173820.0,3,1490,0,2.0
TX001047,depot,49450.0,18.19,71160.0,3,1394,0,5.5
TX001048,retrait,10940.0,15.2,31590.0,5,1234,0,7.1
TX001049,transfert,10210.0,9.49,40710.0,5,2162,0,9.9
TX001050,paiement_marchand,1390.0,14.9,85350.0,3,876,0,6.0
TX001051,paiement_marchand,970.0,13.42,89160.0,3,1759,0,0.1
TX001052,transfert,4560.0,12.41,46990.0,5,1790,0,6.5
TX001053,paiement_marchand,1580.0,4.37,69980.0,4,1128,0,0.4
TX001054,depot,11430.0,11.83,32840.0,3,2731,0,3.6
TX001055,depot,27160.0,14.87,143600.0,3,1028,0,24.1
TX001056,paiement_marchand,3400.0,13.79,65880.0,3,2001,0,8.1
TX001057,depot,1530.0,16.38,103170.0,2,1408,0,13.1
TX001058,depot,7440.0,9.81,122510.0,7,2880,0,5.9
TX001059,paiement_marchand,2240.0,14.36,41560.0,5,257,0,3.0
TX001060,retrait,9240.0,8.31,29710.0,4,1851,0,2.4
TX001061,paiement_marchand,2910.0,16.51,78330.0,2,1691,0,1.7
TX001062,retrait,11690.0,12.36,23640.0,4,1826,0,1.9
TX001063,depot,10640.0,14.55,39280.0,6,412,0,1.3
TX001064,retrait,2460.0,16.97,59050.0,3,2671,0,0.4
TX001065,paiement_marchand,1950.0,12.55,483870.0,3,2919,0,4.1
TX001066,depot,19790.0,17.12,26890.0,2,1975,0,8.3
TX001067,retrait,16490.0,10.18,177230.0,4,743,0,6.7
TX001068,retrait,19870.0,15.23,145320.0,4,1202,0,5.1
TX001069,transfert,2460.0,12.82,23880.0,5,1241,0,0.0
TX001070,transfert,13640.0,5.68,46100.0,5,2280,0,0.0
TX001071,retrait,9810.0,16.28,18150.0,2,1572,0,4.6
TX001072,depot,68890.0,16.66,90150.0,7,1295,0,0.2
TX001073,transfert,15160.0,18.73,55480.0,6,1982,0,1.1
TX001074,transfert,9290.0,16.27,29630.0,5,2353,0,6.6
TX001075,depot,12900.0,11.77,50730.0,2,1946,0,1.5
TX001076,paiement_marchand,1870.0,20.89,19070.0,4,1806,0,0.3
TX001077,retrait,11940.0,10.16,103570.0,2,379,0,2.9
TX001078,retrait,12800.0,14.27,54920.0,5,1738,0,2.2
TX001079,depot,14620.0,11.63,293260.0,7,1863,0,14.0
TX001080,transfert,1870.0,11.34,17060.0,2,1029,0,6.4
TX001081,retrait,6110.0,21.58,138580.0,4,2554,0,10.0
TX001082,transfert,7580.0,22.48,106430.0,1,2150,0,2.3
TX001083,retrait,37640.0,17.24,92730.0,5,2018,0,0.0
TX001084,retrait,7000.0,18.91,84440.0,4,2927,0,9.2
TX001085,retrait,10430.0,16.23,18930.0,7,2598,0,9.3
TX001086,depot,17420.0,15.05,42340.0,6,1927,0,0.8
TX001087,depot,7950.0,10.97,351770.0,6,1226,0,3.8
TX001088,transfert,7830.0,19.45,20130.0,3,1216,0,0.5
TX001089,transfert,24110.0,13.62,175710.0,4,2853,0,3.1
TX001090,transfert,10800.0,17.65,123320.0,5,967,0,0.7
TX001091,paiement_marchand,7310.0,8.03,250490.0,3,1704,0,7.7
TX001092,transfert,9440.0,18.56,105280.0,8,2534,0,7.4
TX001093,transfert,16700.0,21.65,210620.0,5,692,0,2.5
TX001094,transfert,8950.0,10.44,64130.0,2,2200,0,2.5
TX001095,paiement_marchand,3040.0,4.1,101200.0,3,609,0,0.7
TX001096,paiement_marchand,2800.0,12.94,77300.0,4,2618,0,3.8
TX001097,depot,51960.0,8.95,124640.0,3,2519,0,4.2
TX001098,paiement_marchand,3910.0,15.4,14600.0,5,1749,0,3.8
TX001099,transfert,11890.0,14.63,244030.0,4,302,0,0.7
TX001100,retrait,12280.0,16.18,96130.0,3,2373,0,5.6
TX001101,transfert,1850.0,16.37,8580.0,4,1607,0,1.8
TX001102,transfert,8420.0,16.64,41350.0,6,2882,0,2.3
TX001103,transfert,6110.0,7.01,165800.0,2,544,0,0.9
TX001104,retrait,13830.0,13.42,55130.0,5,521,0,0.5
TX001105,depot,4950.0,18.74,79090.0,4,1321,0,2.4
TX001106,paiement_marchand,1803900.0,10.06,1983200.0,13,357,0,9.1
TX001107,retrait,22570.0,15.47,84060.0,1,1015,0,1.5
TX001108,paiement_marchand,1890.0,13.89,123820.0,5,480,0,1.6
TX001109,depot,39060.0,10.23,52310.0,3,1814,0,1.7
TX001110,depot,24300.0,19.31,33200.0,5,50,0,3.6
TX001111,transfert,3460.0,20.34,36680.0,6,1652,0,11.8
TX001112,transfert,12690.0,16.72,17370.0,33,1,0,5.4
TX001113,depot,23570.0,14.19,48940.0,6,1768,0,3.1
TX001114,depot,81290.0,9.72,139300.0,1,2342,0,8.8
TX001115,transfert,3620.0,16.0,333900.0,2,2836,0,2.1
TX001116,retrait,17720.0,14.73,71770.0,6,755,0,16.2
TX001117,transfert,25390.0,12.64,78870.0,3,588,0,8.6
TX001118,retrait,30780.0,16.69,107820.0,2,156,1,0.1
TX001119,depot,12120.0,18.06,126350.0,3,2045,0,1.5
TX001120,transfert,9480.0,13.5,59570.0,1,2145,0,2.9
TX001121,transfert,24960.0,15.13,29120.0,39,4,0,1.0
TX001122,retrait,186090.0,4.1,204600.0,1,2415,1,375.1
TX001123,transfert,23280.0,10.07,26590.0,4,1181,0,0.8
TX001124,paiement_marchand,1690.0,12.61,18620.0,6,571,0,3.1
TX001125,depot,69300.0,15.88,78290.0,3,2684,0,0.0
TX001126,transfert,4190.0,11.19,203790.0,3,2719,0,5.1
TX001127,depot,12850.0,17.69,181610.0,4,721,0,3.6
TX001128,paiement_marchand,5600.0,14.7,27980.0,4,2983,0,0.9
TX001129,transfert,5500.0,8.29,25260.0,3,2122,0,2.0
TX001130,depot,17160.0,7.71,26680.0,1,95,0,2.0
TX001131,depot,7930.0,13.12,63970.0,4,1981,0,0.8
TX001132,retrait,20520.0,8.18,261180.0,4,2363,1,5.1
TX001133,paiement_marchand,6220.0,17.41,93870.0,4,2762,0,8.7
TX001134,paiement_marchand,3590.0,17.31,56930.0,3,273,0,1.8
TX001135,retrait,36240.0,18.4,185520.0,3,2145,0,3.9
TX001136,transfert,18030.0,14.5,49910.0,6,2874,0,5.0
TX001137,depot,21680.0,14.22,48280.0,6,2980,0,1.7
TX001138,paiement_marchand,1900.0,17.96,116470.0,3,507,0,2.2
TX001139,transfert,6380.0,15.05,87360.0,4,855,0,3.9
TX001140,depot,10010.0,13.42,68450.0,3,1281,0,4.4
TX001141,depot,11780.0,12.19,123370.0,5,566,0,0.2
TX001142,retrait,4240.0,7.68,659100.0,4,574,0,1.0
TX001143,retrait,9080.0,16.92,32950.0,2,2671,0,3.1
TX001144,transfert,9370.0,12.6,216010.0,4,2934,1,3.2
TX001145,transfert,47130.0,15.89,140670.0,4,2889,0,0.4
TX001146,transfert,4990.0,12.92,132000.0,3,717,0,7.4
TX001147,depot,9440.0,9.76,385190.0,4,477,0,1.4
TX001148,retrait,10280.0,11.99,80470.0,5,651,0,7.5
TX001149,depot,23290.0,10.21,90320.0,5,2159,0,0.6
TX001150,retrait,7150.0,21.64,45700.0,2,1594,0,3.0
TX001151,depot,28060.0,12.77,211520.0,6,1338,0,1.5
TX001152,retrait,5320.0,9.59,437430.0,5,448,0,3.9
TX001153,transfert,7730.0,11.14,16400.0,3,1679,0,1.7
TX001154,depot,28600.0,16.53,73660.0,6,832,0,11.0
TX001155,retrait,5490.0,9.55,32520.0,3,1350,0,9.0
TX001156,transfert,19700.0,14.98,44460.0,2,328,0,0.1
TX001157,depot,3830.0,15.1,42580.0,4,2368,0,2.5
TX001158,paiement_marchand,1540.0,10.39,200210.0,4,2758,0,0.2
TX001159,retrait,36100.0,10.72,198430.0,2,1281,0,0.5
TX001160,transfert,22560.0,14.4,41550.0,5,2917,0,9.4
TX001161,transfert,8890.0,8.89,79070.0,4,97,0,0.5
TX001162,transfert,9490.0,6.11,40710.0,4,2136,0,5.2
TX001163,transfert,11960.0,6.87,252070.0,5,1820,0,4.0
TX001164,paiement_marchand,4340.0,15.8,36200.0,3,1876,0,1.0
TX001165,paiement_marchand,2360.0,12.31,200820.0,3,1445,0,4.7
TX001166,depot,8750.0,11.54,541880.0,3,2388,0,8.1
TX001167,paiement_marchand,3300.0,9.19,63250.0,7,1468,0,1.9
TX001168,depot,7270.0,12.7,79940.0,5,2688,0,3.0
TX001169,transfert,13660.0,13.89,73490.0,1,1280,0,3.3
TX001170,transfert,14190.0,15.4,25860.0,3,2187,0,14.8
TX001171,retrait,13050.0,18.3,101210.0,3,1232,0,0.7
TX001172,transfert,16170.0,14.7,57680.0,3,2098,0,1.9
TX001173,retrait,12580.0,13.13,23520.0,4,2384,0,0.8
TX001174,retrait,25210.0,11.21,132180.0,4,572,0,2.9
TX001175,retrait,4730.0,14.93,118550.0,3,730,0,0.0
TX001176,transfert,21860.0,13.27,138860.0,5,1544,0,8.4
TX001177,paiement_marchand,1830.0,11.78,84100.0,2,880,0,3.7
TX001178,retrait,8040.0,8.99,59150.0,4,1444,1,0.7
TX001179,transfert,7260.0,15.29,830070.0,3,218,0,3.9
TX001180,depot,18580.0,10.08,30000.0,3,1829,0,13.6
TX001181,transfert,5150.0,22.45,194010.0,3,1268,0,18.9
TX001182,depot,5740.0,12.77,125690.0,1,543,0,3.4
TX001183,retrait,24600.0,10.52,50450.0,4,2554,0,3.2
TX001184,retrait,12700.0,10.05,60150.0,3,1431,1,3.5
TX001185,depot,16640.0,13.07,65840.0,6,2135,0,0.1
TX001186,transfert,11990.0,17.01,108380.0,2,1604,0,1.6
TX001187,retrait,10070.0,20.08,222130.0,1,2967,0,0.1
TX001188,retrait,12880.0,11.09,112570.0,2,360,0,6.2
TX001189,depot,18140.0,19.81,49390.0,4,1406,0,10.5
TX001190,retrait,7660.0,20.6,97300.0,5,1456,0,5.8
TX001191,retrait,4600.0,18.88,155620.0,5,870,0,7.2
TX001192,retrait,19850.0,18.38,66870.0,2,976,0,11.9
TX001193,retrait,2080.0,15.81,91480.0,4,1536,0,5.6
TX001194,transfert,12180.0,13.21,106810.0,4,1587,0,1.0
TX001195,transfert,3850.0,20.19,7280.0,5,1737,0,1.6
TX001196,depot,8590.0,13.92,292780.0,4,1033,0,1.7
TX001197,depot,4720.0,11.48,83110.0,5,2437,0,0.2
TX001198,retrait,12180.0,13.64,34350.0,2,2348,0,1.0
TX001199,paiement_marchand,850.0,20.61,61650.0,4,1218,0,8.0
TX001200,depot,30090.0,7.36,238840.0,3,1678,0,3.4
TX001201,depot,12960.0,15.47,91200.0,3,2631,0,1.5
TX001202,retrait,6190.0,9.81,402480.0,4,1438,0,3.0
TX001203,transfert,23620.0,10.59,51440.0,6,1597,0,1.2
TX001204,depot,31030.0,9.66,55380.0,6,2678,0,1.8
TX001205,depot,47600.0,10.77,75270.0,3,798,0,0.2
TX001206,depot,6190.0,21.55,115720.0,1,2952,0,0.7
TX001207,retrait,24370.0,13.75,79900.0,3,1772,0,3.6
TX001208,paiement_marchand,3590.0,6.28,40680.0,3,1189,0,1.5
TX001209,depot,10120.0,16.63,240710.0,3,2801,0,1.1
TX001210,paiement_marchand,1243580.0,19.22,1467240.0,6,389,0,6.0
TX001211,transfert,17120.0,18.28,109830.0,2,1994,1,0.5
TX001212,paiement_marchand,3210.0,15.45,29120.0,5,2039,0,0.2
TX001213,depot,18770.0,13.56,26770.0,4,811,0,3.4
TX001214,paiement_marchand,1160.0,9.65,16320.0,2,477,0,0.9
TX001215,transfert,14080.0,14.46,20090.0,43,8,0,0.1
TX001216,depot,3680.0,9.88,108200.0,6,970,0,1.8
TX001217,transfert,22170.0,23.36,59220.0,5,1744,0,0.5
TX001218,retrait,26480.0,17.09,266780.0,6,142,0,11.8
TX001219,transfert,15210.0,3.96,43000.0,5,517,0,4.6
TX001220,paiement_marchand,1570.0,17.05,229140.0,2,1903,0,0.4
TX001221,transfert,13000.0,10.5,59020.0,5,2708,1,0.8
TX001222,depot,66980.0,15.74,120390.0,4,2689,0,2.2
TX001223,paiement_marchand,6860.0,16.65,52350.0,2,1223,0,3.2
TX001224,depot,74050.0,15.3,188510.0,6,2513,0,1.5
TX001225,depot,30340.0,11.5,98610.0,3,364,0,0.6
TX001226,retrait,27320.0,11.9,66180.0,5,1639,0,1.8
TX001227,retrait,24110.0,17.54,32220.0,5,1610,0,3.7
TX001228,paiement_marchand,4110.0,9.49,18620.0,3,31,0,2.2
TX001229,depot,13050.0,14.41,27090.0,5,801,0,0.5
TX001230,paiement_marchand,7560.0,16.39,74240.0,4,2085,0,6.0
TX001231,transfert,4160.0,11.17,33340.0,4,2591,0,11.8
TX001232,depot,29820.0,20.85,82700.0,3,794,0,9.1
TX001233,depot,4450.0,19.04,14470.0,1,1404,0,4.1
TX001234,transfert,19510.0,10.29,72810.0,2,1827,0,3.9
TX001235,retrait,16740.0,14.58,82810.0,5,2731,0,1.8
TX001236,transfert,10020.0,10.76,24720.0,2,1964,0,8.2
TX001237,depot,14500.0,5.05,44130.0,2,1845,0,4.3
TX001238,paiement_marchand,2080.0,9.28,49380.0,7,2350,0,6.7
TX001239,retrait,7440.0,14.88,21490.0,6,386,0,4.3
TX001240,depot,29670.0,17.72,114450.0,6,194,0,0.1
TX001241,retrait,6860.0,17.99,31130.0,2,1340,0,1.5
TX001242,depot,10490.0,23.05,63860.0,2,2967,0,1.4
TX001243,depot,11800.0,18.02,198710.0,2,2604,0,1.5
TX001244,retrait,26800.0,15.84,38580.0,3,766,0,8.6
TX001245,transfert,8520.0,19.21,19190.0,9,386,0,0.6
TX001246,transfert,12410.0,19.86,48400.0,3,606,0,11.4
TX001247,retrait,7260.0,12.3,25180.0,1,374,0,7.0
TX001248,retrait,10880.0,8.29,94310.0,2,1148,0,1.2
TX001249,depot,17210.0,17.15,32800.0,5,1532,0,2.0
TX001250,depot,2110.0,17.17,21310.0,4,908,0,2.7
TX001251,transfert,3210.0,21.98,628820.0,3,2752,0,5.4
TX001252,transfert,6660.0,10.22,24180.0,3,327,0,3.4
TX001253,transfert,7040.0,9.49,415430.0,9,1004,0,2.4
TX001254,transfert,19420.0,18.52,86520.0,4,795,0,0.4
TX001255,transfert,12600.0,14.92,23010.0,7,857,0,3.2
TX001256,transfert,5410.0,11.86,205000.0,2,1480,0,3.9
TX001257,retrait,6740.0,15.2,131290.0,3,1050,0,4.4
TX001258,retrait,13050.0,8.66,129790.0,3,411,0,5.2
TX001259,retrait,12610.0,10.45,84720.0,4,32,0,0.3
TX001260,transfert,3860.0,12.81,430960.0,2,2957,0,4.6
TX001261,retrait,3410.0,13.7,37620.0,3,2899,0,2.7
TX001262,retrait,19180.0,16.25,26060.0,3,550,0,17.0
TX001263,transfert,16440.0,10.1,245720.0,10,535,0,1.2
TX001264,transfert,4470.0,16.66,15350.0,5,531,0,2.1
TX001265,retrait,27650.0,9.28,101370.0,6,641,0,12.2
TX001266,retrait,3050.0,16.15,155370.0,4,938,0,2.1
TX001267,depot,8070.0,23.4,104160.0,7,491,0,16.5
TX001268,transfert,50980.0,13.17,77830.0,4,1522,0,1.1
TX001269,paiement_marchand,4520.0,12.65,44960.0,2,2707,0,6.1
TX001270,retrait,27520.0,10.25,71790.0,3,957,0,4.8
TX001271,retrait,12770.0,10.5,63490.0,8,111,0,0.7
TX001272,paiement_marchand,4500.0,15.46,39100.0,2,1427,1,1.5
TX001273,transfert,7190.0,14.69,39230.0,6,1471,0,2.7
TX001274,retrait,5900.0,9.01,193710.0,5,2768,0,0.8
TX001275,retrait,36940.0,17.68,60940.0,5,933,0,5.1
TX001276,retrait,49550.0,11.73,63880.0,5,1897,0,1.6
TX001277,depot,18970.0,15.94,70210.0,5,2338,0,0.4
TX001278,transfert,1610.0,15.61,8380.0,5,2510,0,4.9
TX001279,depot,7400.0,13.9,55480.0,3,126,0,4.6
TX001280,transfert,7470.0,17.21,687270.0,5,1931,0,2.8
TX001281,transfert,4590.0,18.4,51090.0,2,1475,0,0.2
TX001282,depot,10080.0,17.23,141060.0,3,238,0,4.5
TX001283,transfert,4540.0,17.24,78110.0,4,421,0,5.2
TX001284,depot,17190.0,14.64,109000.0,2,213,0,5.2
TX001285,retrait,8620.0,15.89,50380.0,2,2142,0,1.7
TX001286,retrait,6120.0,11.7,48040.0,3,433,0,0.6
TX001287,depot,16980.0,15.15,151250.0,3,191,0,1.3
TX001288,retrait,6000.0,10.42,63870.0,5,364,0,14.1
TX001289,paiement_marchand,7930.0,17.37,36790.0,7,2113,0,2.2
TX001290,retrait,7630.0,15.15,13540.0,4,2987,0,3.7
TX001291,depot,52170.0,12.54,63240.0,4,1347,0,0.8
TX001292,transfert,17680.0,7.87,69070.0,2,525,0,0.1
TX001293,depot,12490.0,14.51,124830.0,6,2847,1,3.4
TX001294,transfert,14850.0,16.89,88190.0,7,1110,0,1.0
TX001295,depot,71420.0,15.98,165850.0,3,1712,0,0.2
TX001296,depot,25670.0,17.69,294420.0,3,1323,0,4.3
TX001297,transfert,15780.0,16.69,65530.0,3,1651,0,3.3
TX001298,paiement_marchand,5640.0,8.66,16100.0,2,1702,0,1.3
TX001299,transfert,6260.0,20.13,72970.0,2,2714,0,4.6
TX001300,transfert,13130.0,6.72,193520.0,5,2256,0,1.1
TX001301,depot,33450.0,11.91,125330.0,6,1039,0,1.3
TX001302,transfert,13460.0,15.95,51430.0,9,1504,0,2.2
TX001303,paiement_marchand,860.0,16.59,48620.0,3,960,0,5.6
TX001304,transfert,28370.0,8.45,31980.0,8,2504,0,5.0
TX001305,depot,35700.0,16.92,169800.0,4,2697,0,26.9
TX001306,depot,19860.0,18.64,199350.0,3,286,0,6.1
TX001307,depot,18290.0,14.96,31180.0,4,705,0,0.8
TX001308,transfert,3620.0,17.5,129840.0,3,1335,0,1.6
TX001309,retrait,2320.0,15.05,36520.0,4,1764,0,2.3
TX001310,retrait,8880.0,13.87,35930.0,2,1412,0,0.3
TX001311,transfert,25660.0,7.14,26010.0,46,6,0,0.6
TX001312,transfert,4720.0,17.72,36180.0,3,434,0,1.7
TX001313,transfert,21490.0,17.21,58190.0,4,1154,0,3.0
TX001314,retrait,9220.0,16.98,200440.0,3,2648,0,1.2
TX001315,depot,8630.0,9.61,160930.0,5,93,0,1.0
TX001316,depot,9970.0,9.42,167640.0,3,2079,0,9.9
TX001317,depot,31390.0,8.17,115840.0,1,2576,0,3.1
TX001318,paiement_marchand,3020.0,13.91,15710.0,5,1195,0,4.0
TX001319,transfert,5940.0,15.38,123220.0,6,823,0,0.8
TX001320,paiement_marchand,510.0,11.83,211560.0,4,2135,0,2.9
TX001321,paiement_marchand,2220.0,12.45,82410.0,7,2863,0,1.1
TX001322,depot,7180.0,11.01,108690.0,4,259,0,2.2
TX001323,depot,32700.0,12.15,77110.0,3,1838,0,0.6
TX001324,depot,47860.0,17.91,101330.0,6,1727,0,8.3
TX001325,depot,9670.0,17.07,72230.0,5,2057,0,0.3
TX001326,retrait,15080.0,13.43,246910.0,3,1595,0,4.2
TX001327,depot,13070.0,14.43,83800.0,3,2716,0,0.5
TX001328,depot,44750.0,7.48,235410.0,4,2170,0,1.6
TX001329,paiement_marchand,8310.0,6.35,42600.0,7,986,0,3.8
TX001330,retrait,30680.0,18.06,137210.0,8,787,0,1.3
TX001331,retrait,23910.0,12.22,84950.0,3,2494,0,2.3
TX001332,retrait,27990.0,17.12,82410.0,2,2131,0,5.1
TX001333,depot,10550.0,11.91,38650.0,5,1328,0,3.0
TX001334,depot,7080.0,9.2,129160.0,5,461,0,1.3
TX001335,transfert,17190.0,9.92,83050.0,4,895,0,1.8
TX001336,depot,20770.0,9.38,148430.0,6,1250,0,2.9
TX001337,depot,14250.0,13.07,85190.0,7,1528,0,2.2
TX001338,transfert,12480.0,16.32,68420.0,6,2165,0,1.8
TX001339,transfert,15120.0,23.99,32480.0,8,2688,0,1.0
TX001340,paiement_marchand,6840.0,9.3,78350.0,1,1986,0,1.3
TX001341,paiement_marchand,3180.0,20.87,55070.0,4,1220,0,7.5
TX001342,transfert,13810.0,11.75,59360.0,4,1567,0,7.1
TX001343,transfert,7360.0,7.83,50330.0,4,761,0,0.7
TX001344,depot,10500.0,19.17,520390.0,5,2740,0,1.2
TX001345,depot,34720.0,16.39,67810.0,4,1379,0,1.2
TX001346,retrait,8100.0,14.0,13550.0,2,2971,0,3.5
TX001347,paiement_marchand,2410.0,13.01,110310.0,3,2651,0,1.1
TX001348,retrait,14460.0,7.72,21940.0,2,1776,0,5.9
TX001349,transfert,12930.0,12.47,114190.0,3,2002,0,5.2
TX001350,depot,8160.0,13.01,74630.0,8,558,0,1.5
TX001351,retrait,36620.0,14.68,126370.0,6,2336,0,3.7
TX001352,depot,7640.0,12.31,103150.0,3,376,0,3.8
TX001353,retrait,5070.0,13.49,53600.0,3,1554,0,0.7
TX001354,retrait,1890.0,12.9,41640.0,3,2856,0,1.5
TX001355,paiement_marchand,1630.0,15.32,65070.0,3,2880,0,2.7
TX001356,paiement_marchand,3160.0,15.89,26450.0,2,1540,0,0.5
TX001357,retrait,8270.0,16.26,27040.0,5,2198,0,0.1
TX001358,depot,16750.0,11.25,98390.0,3,850,0,6.6
TX001359,depot,23050.0,16.07,26830.0,4,2784,0,0.3
TX001360,depot,31270.0,17.29,95730.0,4,1481,0,3.1
TX001361,retrait,15820.0,11.98,69220.0,2,1560,0,0.6
TX001362,retrait,8070.0,14.58,13680.0,3,601,0,10.2
TX001363,transfert,9620.0,18.06,24880.0,2,1286,0,2.8
TX001364,depot,20770.0,13.48,55170.0,4,613,0,5.1
TX001365,transfert,7830.0,10.39,157810.0,4,2140,0,6.5
TX001366,paiement_marchand,1720.0,17.44,120650.0,8,527,0,0.0
TX001367,transfert,24070.0,12.22,46790.0,4,2268,0,2.5
TX001368,depot,8780.0,14.19,74530.0,5,1062,0,4.1
TX001369,retrait,6420.0,19.75,17960.0,8,1710,0,0.5
TX001370,depot,13930.0,15.71,288350.0,4,2405,0,0.6
TX001371,depot,20590.0,18.0,81020.0,3,2690,0,10.5
TX001372,depot,68650.0,9.47,96440.0,3,1757,0,2.7
TX001373,retrait,22400.0,17.95,79470.0,1,1295,0,4.4
TX001374,paiement_marchand,1520.0,13.06,338150.0,4,930,0,2.5
TX001375,paiement_marchand,890.0,10.78,81410.0,3,2815,0,3.7
TX001376,transfert,5390.0,19.36,98380.0,3,374,0,1.1
TX001377,depot,34860.0,17.25,128820.0,8,1163,0,0.8
TX001378,depot,10670.0,17.71,48560.0,2,541,0,2.4
TX001379,retrait,5670.0,13.87,381050.0,5,2127,0,2.3
TX001380,transfert,31410.0,7.45,297040.0,3,1967,0,3.2
TX001381,paiement_marchand,5980.0,16.5,223320.0,1,2227,0,2.4
TX001382,transfert,6180.0,17.07,120240.0,4,411,0,6.0
TX001383,paiement_marchand,2810.0,10.15,68610.0,4,2955,0,7.6
TX001384,retrait,3490.0,22.53,31700.0,2,2003,0,3.5
TX001385,retrait,4240.0,12.89,25790.0,5,1049,0,0.4
TX001386,paiement_marchand,1000.0,14.03,56850.0,2,1083,0,4.6
TX001387,paiement_marchand,1800.0,16.96,18330.0,3,2396,0,10.1
TX001388,depot,338490.0,13.96,370520.0,3,754,0,4.4
TX001389,transfert,2300.0,14.25,34760.0,2,2472,0,1.2
TX001390,depot,9630.0,15.26,72930.0,4,2355,0,5.3
TX001391,retrait,8520.0,13.23,30050.0,5,1220,0,0.6
TX001392,retrait,30990.0,16.86,210790.0,3,1344,0,5.0
TX001393,retrait,13730.0,6.6,43060.0,6,1449,0,0.3
TX001394,retrait,7920.0,19.56,68380.0,4,1158,0,2.7
TX001395,depot,5730.0,20.1,17500.0,4,2954,0,6.6
TX001396,paiement_marchand,660.0,12.34,28510.0,4,1989,0,11.3
TX001397,transfert,15950.0,13.5,35340.0,4,1124,0,0.9
TX001398,depot,7730.0,20.4,135920.0,5,1993,0,0.5
TX001399,transfert,31950.0,17.57,67280.0,6,450,0,0.6
TX001400,transfert,2060.0,15.95,151860.0,5,1981,0,9.8
TX001401,retrait,10030.0,14.71,23440.0,4,2326,0,2.7
TX001402,depot,8270.0,11.29,285490.0,4,2139,0,3.9
TX001403,paiement_marchand,7350.0,16.78,61970.0,3,1222,0,10.3
TX001404,transfert,15260.0,20.03,39420.0,5,1662,0,2.5
TX001405,paiement_marchand,9490.0,15.28,33370.0,2,1834,0,3.8
TX001406,retrait,16030.0,13.64,30450.0,2,1187,0,10.7
TX001407,retrait,1940.0,18.39,347020.0,8,1904,0,1.9
TX001408,depot,3330.0,13.0,191390.0,6,1030,0,5.4
TX001409,transfert,18860.0,10.02,295250.0,3,1959,0,0.3
TX001410,paiement_marchand,3286630.0,13.37,3694890.0,5,323,0,2.7
TX001411,retrait,14690.0,3.28,22400.0,7,2802,0,1.7
TX001412,paiement_marchand,6640.0,10.69,24620.0,3,482,0,12.4
TX001413,retrait,2190.0,13.57,64720.0,5,1693,0,5.8
TX001414,depot,24470.0,9.26,61330.0,6,846,0,3.9
TX001415,depot,12400.0,13.42,60890.0,2,1799,0,8.2
TX001416,transfert,5310.0,11.96,93670.0,3,129,0,7.3
TX001417,retrait,20100.0,20.01,51300.0,4,391,0,0.1
TX001418,paiement_marchand,2130.0,9.59,28260.0,5,1808,0,3.2
TX001419,paiement_marchand,3900.0,12.4,172080.0,4,993,0,4.6
TX001420,transfert,2210.0,9.39,88030.0,4,359,0,10.4
TX001421,paiement_marchand,540.0,16.61,46690.0,3,1823,0,7.5
TX001422,transfert,12410.0,10.14,127730.0,2,1844,0,7.4
TX001423,retrait,11000.0,19.62,99540.0,3,567,0,0.7
TX001424,depot,33650.0,21.47,80050.0,4,2002,0,6.5
TX001425,transfert,13330.0,17.54,38240.0,2,2531,0,0.7
TX001426,transfert,4610.0,16.83,46680.0,4,1801,0,3.7
TX001427,transfert,20620.0,11.86,53620.0,4,2830,0,5.5
TX001428,transfert,10500.0,17.79,173380.0,6,263,0,3.9
TX001429,transfert,6740.0,11.26,55730.0,2,569,0,1.9
TX001430,transfert,4290.0,14.56,19300.0,4,1188,0,7.2
TX001431,retrait,12490.0,8.12,48500.0,3,1331,0,8.0
TX001432,retrait,19610.0,22.1,56540.0,3,1391,0,0.4
TX001433,paiement_marchand,3740.0,10.63,96750.0,3,505,0,1.2
TX001434,depot,67010.0,2.68,510830.0,4,2256,0,6.0
TX001435,retrait,23190.0,18.56,49720.0,4,2767,0,0.3
TX001436,retrait,13560.0,13.68,73870.0,3,875,0,5.1
TX001437,depot,14920.0,10.46,103290.0,5,95,0,1.2
TX001438,paiement_marchand,4410.0,19.51,207810.0,4,786,0,4.6
TX001439,paiement_marchand,3540.0,14.51,289580.0,3,559,0,8.9
TX001440,retrait,45690.0,17.66,77600.0,1,884,0,0.9
TX001441,retrait,20580.0,17.03,62700.0,4,2060,0,5.1
TX001442,transfert,9140.0,8.23,64150.0,3,2682,0,3.8
TX001443,paiement_marchand,5070.0,8.25,59610.0,5,677,0,0.2
TX001444,retrait,14140.0,16.07,35400.0,4,2307,0,3.7
TX001445,depot,79260.0,12.84,236470.0,4,820,0,7.6
TX001446,transfert,11510.0,12.74,220970.0,4,670,0,1.3
TX001447,depot,17310.0,9.36,228800.0,3,613,0,1.9
TX001448,retrait,14020.0,16.25,52800.0,4,2312,0,2.9
TX001449,depot,16290.0,8.4,72710.0,4,1132,0,2.7
TX001450,paiement_marchand,1620.0,16.17,31010.0,3,675,0,21.2
TX001451,transfert,65730.0,12.59,180080.0,5,1374,0,2.3
TX001452,transfert,4510.0,5.54,35790.0,3,1120,0,0.1
TX001453,paiement_marchand,4470.0,18.48,24760.0,5,348,0,0.6
TX001454,paiement_marchand,1320.0,17.11,119620.0,5,2786,0,0.2
TX001455,transfert,2660.0,15.04,60630.0,2,1525,0,0.7
TX001456,retrait,9660.0,13.61,271060.0,2,638,0,2.5
TX001457,depot,22600.0,21.75,58500.0,2,53,0,0.7
TX001458,paiement_marchand,2890.0,16.33,199610.0,4,862,0,1.4
TX001459,transfert,5930.0,13.46,223630.0,3,1359,0,6.1
TX001460,retrait,8140.0,12.7,73350.0,6,357,1,11.6
TX001461,retrait,24040.0,16.82,227760.0,3,554,0,0.6
TX001462,retrait,54510.0,7.91,97150.0,4,2217,0,5.9
TX001463,paiement_marchand,2530.0,15.38,33360.0,2,2745,0,1.9
TX001464,retrait,5500.0,12.14,45660.0,3,1572,0,2.1
TX001465,depot,25520.0,17.34,64640.0,4,2546,0,6.8
TX001466,depot,8050.0,10.18,31770.0,5,1311,1,1.1
TX001467,paiement_marchand,5380.0,15.74,170520.0,4,613,0,1.7
TX001468,paiement_marchand,2700.0,14.99,108050.0,4,2266,0,2.0
TX001469,transfert,4430.0,13.38,29770.0,2,1533,0,0.1
TX001470,depot,36020.0,21.68,89740.0,2,2898,0,13.2
TX001471,retrait,5350.0,12.74,35700.0,6,509,0,7.2
TX001472,transfert,14530.0,11.28,90480.0,5,893,0,2.2
TX001473,retrait,10390.0,14.85,110820.0,5,677,0,2.3
TX001474,transfert,32780.0,17.32,51800.0,4,2695,0,1.4
TX001475,retrait,8020.0,16.71,180210.0,6,1341,0,0.7
TX001476,retrait,22400.0,18.49,33660.0,2,2892,0,3.3
TX001477,paiement_marchand,8410.0,13.13,41710.0,2,750,0,18.6
TX001478,retrait,63510.0,17.42,206360.0,3,2080,0,0.3
TX001479,paiement_marchand,3930.0,19.0,71510.0,4,665,0,5.4
TX001480,transfert,8880.0,15.34,40010.0,6,2835,0,1.3
TX001481,transfert,7570.0,13.85,58400.0,3,1083,0,7.7
TX001482,retrait,6650.0,9.55,71590.0,3,2367,0,1.9
TX001483,transfert,17430.0,14.77,124150.0,3,2790,0,1.6
TX001484,retrait,7960.0,17.39,18510.0,7,2647,0,5.1
TX001485,retrait,4560.0,9.65,31290.0,5,241,0,2.4
TX001486,transfert,3420.0,9.0,142220.0,4,1956,0,2.5
TX001487,retrait,17240.0,11.56,220690.0,5,1250,0,2.1
TX001488,retrait,39600.0,23.99,91320.0,8,371,0,11.4
TX001489,transfert,3050.0,14.38,125280.0,4,428,0,3.6
TX001490,depot,14750.0,17.07,40860.0,4,1803,0,1.2
TX001491,depot,4360.0,16.26,132300.0,4,2036,0,0.2
TX001492,depot,37910.0,17.16,766150.0,4,1703,0,1.7
TX001493,retrait,3480.0,3.26,74430.0,4,1678,0,7.7
TX001494,retrait,5660.0,13.16,133780.0,4,35,0,3.1
TX001495,transfert,11320.0,14.01,125960.0,4,2021,0,2.2
TX001496,retrait,3480.0,16.42,137180.0,10,505,0,8.1
TX001497,depot,38810.0,14.65,117570.0,5,386,0,1.8
TX001498,depot,31090.0,11.52,78940.0,4,1446,0,3.8
TX001499,depot,16390.0,21.12,928050.0,1,218,0,3.4
TX001500,paiement_marchand,19770.0,14.51,97450.0,1,2760,0,4.9
TX001501,depot,16400.0,10.83,198890.0,3,121,0,0.8
TX001502,transfert,68350.0,13.71,120610.0,3,1096,0,2.9
TX001503,transfert,4630.0,17.46,26510.0,4,274,0,5.9
TX001504,depot,17270.0,9.49,91090.0,7,120,0,1.7
TX001505,transfert,8810.0,9.88,37520.0,5,1223,0,1.2
TX001506,depot,10400.0,15.1,263240.0,3,1859,0,13.7
TX001507,depot,6160.0,11.75,233890.0,4,2213,0,10.9
TX001508,retrait,30970.0,12.08,123810.0,3,934,0,0.2
TX001509,depot,26240.0,12.77,47010.0,6,2879,0,8.8
TX001510,depot,58810.0,12.77,191320.0,8,770,0,0.8
TX001511,retrait,12040.0,20.38,75730.0,2,2998,0,6.9
TX001512,transfert,23850.0,8.78,49950.0,4,2780,0,5.9
TX001513,transfert,14280.0,12.79,723740.0,2,638,0,5.8
TX001514,depot,8900.0,15.06,129760.0,4,2578,0,1.7
TX001515,transfert,4710.0,10.0,25720.0,3,1708,0,6.2
TX001516,depot,7860.0,18.92,148550.0,4,508,0,17.2
TX001517,paiement_marchand,4110.0,21.35,35200.0,3,1109,0,2.7
TX001518,depot,17500.0,15.13,123460.0,5,2377,0,3.6
TX001519,paiement_marchand,6550.0,18.94,111090.0,7,313,0,8.5
TX001520,retrait,24270.0,18.91,136850.0,4,332,0,0.2
TX001521,transfert,5680.0,12.38,52670.0,7,918,0,0.3
TX001522,paiement_marchand,12640.0,17.36,67400.0,3,2788,0,7.7
TX001523,retrait,37180.0,16.47,158380.0,2,71,0,13.8
TX001524,transfert,19780.0,12.7,409590.0,3,1145,0,2.0
TX001525,transfert,6850.0,6.86,29200.0,6,375,0,6.0
TX001526,transfert,6530.0,13.66,99470.0,2,881,0,0.1
TX001527,transfert,102780.0,16.51,235270.0,4,2272,0,4.6
TX001528,retrait,4050.0,15.05,21410.0,9,1682,0,6.8
TX001529,transfert,5110.0,13.46,36770.0,3,1353,0,8.0
TX001530,paiement_marchand,8460.0,11.05,96470.0,5,2502,0,0.0
TX001531,retrait,21280.0,18.28,78760.0,5,2822,0,18.2
TX001532,depot,5750.0,14.91,79560.0,3,2307,0,4.6
TX001533,paiement_marchand,780.0,11.05,54030.0,3,230,0,6.3
TX001534,depot,18550.0,20.15,23490.0,5,2784,0,4.3
TX001535,paiement_marchand,5380.0,15.97,72160.0,5,2063,0,5.1
TX001536,retrait,11060.0,6.61,142560.0,3,2631,0,3.6
TX001537,transfert,22390.0,16.64,52510.0,2,2936,0,5.7
TX001538,paiement_marchand,3290.0,16.64,83010.0,5,2043,0,1.4
TX001539,retrait,10350.0,20.11,154600.0,4,1618,0,5.2
TX001540,depot,9540.0,10.89,91750.0,2,1085,0,3.8
TX001541,depot,12450.0,10.89,58390.0,2,195,0,2.3
TX001542,transfert,15580.0,13.12,71910.0,3,2636,0,2.9
TX001543,retrait,9990.0,17.08,51730.0,4,1172,0,3.3
TX001544,transfert,18750.0,16.14,72920.0,4,2232,0,2.6
TX001545,retrait,51210.0,10.63,62900.0,2,1676,0,4.2
TX001546,transfert,9210.0,23.23,47740.0,4,1429,0,16.4
TX001547,paiement_marchand,6620.0,19.26,69800.0,2,1277,0,8.4
TX001548,transfert,19750.0,14.94,34990.0,4,2648,0,8.4
TX001549,transfert,1310.0,16.11,354930.0,6,2558,0,0.2
TX001550,depot,16320.0,17.53,47070.0,3,2426,0,15.0
TX001551,retrait,1940.0,21.18,46900.0,6,2684,0,5.0
TX001552,depot,2340.0,11.29,18410.0,4,1232,0,1.6
TX001553,retrait,12840.0,11.31,163260.0,1,279,0,0.4
TX001554,paiement_marchand,1110.0,6.38,32890.0,5,2540,0,0.7
TX001555,retrait,25960.0,10.17,114710.0,8,1663,0,0.2
TX001556,paiement_marchand,4690.0,17.6,155970.0,3,2657,0,11.0
TX001557,transfert,3990.0,7.69,109930.0,3,2409,0,2.7
TX001558,retrait,31720.0,13.28,264760.0,2,2663,0,2.7
TX001559,paiement_marchand,4940.0,15.63,1287400.0,3,1853,0,6.2
TX001560,paiement_marchand,1550.0,14.26,61470.0,5,1162,0,8.1
TX001561,paiement_marchand,8350.0,15.58,28920.0,5,2166,0,14.7
TX001562,transfert,5870.0,17.8,227090.0,3,2027,0,10.1
TX001563,retrait,1440.0,9.22,100380.0,1,1741,0,0.1
TX001564,retrait,23000.0,10.56,155930.0,2,1919,0,1.1
TX001565,retrait,153620.0,3.41,162160.0,2,2112,1,101.3
TX001566,transfert,9790.0,9.59,316360.0,4,165,0,4.3
TX001567,retrait,29780.0,12.67,63730.0,1,2292,0,6.7
TX001568,transfert,3500.0,13.99,166620.0,5,1510,0,4.3
TX001569,transfert,2560.0,16.5,58240.0,7,1950,0,3.5
TX001570,depot,17260.0,10.02,101600.0,3,1700,0,1.4
TX001571,transfert,5790.0,4.24,81860.0,2,644,0,2.4
TX001572,paiement_marchand,12380.0,11.27,239090.0,2,1570,0,3.5
TX001573,transfert,1130.0,13.8,57850.0,3,487,0,0.7
TX001574,retrait,9480.0,12.29,96130.0,3,2599,0,0.1
TX001575,paiement_marchand,750.0,15.76,57540.0,2,1064,0,6.5
TX001576,retrait,4880.0,16.75,112870.0,7,1513,0,3.0
TX001577,depot,39790.0,22.06,80120.0,4,1486,0,3.1
TX001578,transfert,9610.0,7.12,90660.0,6,1632,0,5.5
TX001579,paiement_marchand,3000.0,12.23,77570.0,5,990,0,2.2
TX001580,paiement_marchand,940.0,15.0,38460.0,2,879,0,0.1
TX001581,paiement_marchand,2950.0,16.56,111210.0,9,136,0,8.3
TX001582,retrait,11350.0,16.48,23090.0,6,745,0,2.5
TX001583,transfert,6040.0,17.54,30120.0,1,203,0,14.5
TX001584,retrait,13810.0,15.17,86220.0,2,996,0,0.0
TX001585,transfert,840.0,17.99,164420.0,5,1514,0,1.2
TX001586,depot,57000.0,18.96,85010.0,6,897,0,0.4
TX001587,transfert,18800.0,15.64,52880.0,2,2020,0,2.5
TX001588,retrait,11670.0,12.93,38280.0,3,1683,0,0.5
TX001589,retrait,4150.0,16.47,126830.0,3,2817,0,1.2
TX001590,depot,13460.0,12.76,67910.0,4,1802,0,4.3
TX001591,retrait,10070.0,11.13,153930.0,6,309,0,4.4
TX001592,transfert,2930.0,21.41,25120.0,4,2375,0,0.0
TX001593,paiement_marchand,2190.0,9.62,109150.0,2,2807,0,1.5
TX001594,depot,14230.0,13.3,91700.0,3,646,0,1.4
TX001595,depot,16020.0,12.56,22020.0,3,2832,0,9.9
TX001596,depot,920.0,11.35,89520.0,5,500,0,2.6
TX001597,depot,63220.0,8.19,132100.0,4,212,0,11.8
TX001598,depot,7800.0,14.84,71950.0,2,793,0,6.5
TX001599,depot,11870.0,15.4,95600.0,2,607,0,0.8
TX001600,depot,20950.0,22.94,47610.0,4,2457,0,6.7
TX001601,transfert,3160.0,14.88,160680.0,2,1534,0,1.9
TX001602,depot,50110.0,10.62,749600.0,4,1129,0,10.1
TX001603,depot,26150.0,14.95,98830.0,4,2561,0,10.6
TX001604,transfert,9460.0,8.69,86940.0,3,2785,0,1.6
TX001605,paiement_marchand,13300.0,10.93,50250.0,4,2376,0,2.1
TX001606,retrait,4360.0,11.68,70780.0,5,2168,0,0.3
TX001607,transfert,10820.0,10.76,62000.0,3,1048,0,2.8
TX001608,depot,19280.0,7.57,350390.0,5,1140,0,4.0
TX001609,depot,27200.0,19.76,92350.0,3,2763,0,1.0
TX001610,retrait,22480.0,13.05,128540.0,4,167,0,0.5
TX001611,retrait,22010.0,15.29,132770.0,4,2692,0,2.9
TX001612,depot,10360.0,11.36,189080.0,1,791,0,12.7
TX001613,retrait,28510.0,15.0,300390.0,4,2554,1,2.7
TX001614,paiement_marchand,1000.0,15.05,80500.0,5,1260,0,4.3
TX001615,depot,12260.0,8.55,80820.0,5,369,0,3.6
TX001616,retrait,2190.0,7.78,36620.0,8,1027,0,0.9
TX001617,retrait,23750.0,8.03,40140.0,5,1911,0,0.3
TX001618,retrait,26080.0,11.62,54260.0,4,2954,0,1.6
TX001619,depot,10540.0,16.6,242970.0,6,1885,0,3.7
TX001620,paiement_marchand,1400.0,16.91,6170.0,5,1585,0,1.4
TX001621,paiement_marchand,2690.0,8.43,137130.0,2,1937,0,8.9
TX001622,paiement_marchand,3260.0,13.78,541650.0,3,1664,0,2.4
TX001623,depot,32660.0,8.31,75600.0,4,965,0,1.6
TX001624,retrait,9700.0,9.21,69210.0,5,1336,0,2.6
TX001625,transfert,6100.0,14.15,32840.0,7,1082,0,1.7
TX001626,transfert,10140.0,15.02,25340.0,4,2693,0,5.4
TX001627,transfert,19740.0,14.41,186020.0,5,1196,0,8.7
TX001628,depot,27390.0,15.53,63780.0,7,2587,0,12.9
TX001629,retrait,10230.0,15.7,37080.0,3,640,0,0.6
TX001630,depot,23510.0,8.32,38710.0,4,701,0,15.0
TX001631,transfert,2220.0,11.61,7100.0,2,930,0,1.7
TX001632,paiement_marchand,10540.0,9.97,64440.0,6,2887,0,0.2
TX001633,retrait,13900.0,19.82,561380.0,6,1960,0,0.6
TX001634,retrait,49930.0,23.55,153380.0,6,153,0,2.3
TX001635,retrait,12170.0,14.3,152840.0,5,2085,0,0.3
TX001636,depot,8000.0,10.8,39350.0,7,1664,0,2.1
TX001637,transfert,7240.0,11.46,442040.0,7,1804,0,4.3
TX001638,retrait,10020.0,18.63,64300.0,6,1351,0,1.2
TX001639,depot,13730.0,6.95,378030.0,4,2453,0,7.2
TX001640,transfert,4120.0,14.7,11460.0,5,1794,0,4.8
TX001641,paiement_marchand,1390.0,18.56,444230.0,5,1176,0,1.5
TX001642,transfert,2280.0,12.61,48740.0,7,2029,0,0.7
TX001643,retrait,16610.0,15.88,33680.0,5,1389,0,10.9
TX001644,retrait,16810.0,12.7,25960.0,4,2886,0,8.8
TX001645,paiement_marchand,2200.0,19.93,52200.0,3,1229,0,10.1
TX001646,transfert,7360.0,11.07,24100.0,3,1382,0,4.3
TX001647,depot,7030.0,13.92,53540.0,7,175,0,11.3
TX001648,paiement_marchand,8830.0,14.97,51890.0,4,1340,0,0.7
TX001649,transfert,15770.0,9.94,273630.0,5,1583,0,1.8
TX001650,transfert,10910.0,14.22,179460.0,6,2926,0,3.8
TX001651,paiement_marchand,1870.0,7.75,39750.0,6,1212,1,10.0
TX001652,transfert,10100.0,9.9,103170.0,5,1709,0,0.2
TX001653,retrait,1750.0,15.67,26940.0,6,742,0,0.1
TX001654,retrait,2370.0,14.93,26250.0,2,2930,0,12.9
TX001655,depot,20340.0,9.14,60420.0,5,498,0,2.3
TX001656,depot,26770.0,11.29,149800.0,2,1143,0,0.2
TX001657,depot,3830.0,23.0,166160.0,2,1577,0,1.8
TX001658,depot,17570.0,12.66,158320.0,3,2694,0,9.0
TX001659,paiement_marchand,4130.0,15.98,63590.0,5,2012,0,1.8
TX001660,transfert,146320.0,15.7,229060.0,3,2459,0,13.5
TX001661,depot,45570.0,15.44,886380.0,4,420,0,0.1
TX001662,paiement_marchand,4740.0,9.39,39530.0,6,2177,0,5.4
TX001663,depot,26900.0,10.75,197210.0,5,129,0,2.6
TX001664,depot,13660.0,8.03,221870.0,3,2988,0,2.5
TX001665,paiement_marchand,4830.0,19.26,15220.0,4,2673,0,3.2
TX001666,transfert,11510.0,16.54,155580.0,3,2354,0,2.5
TX001667,retrait,3200.0,12.8,24140.0,5,1785,0,4.8
TX001668,retrait,11180.0,7.64,86020.0,7,1128,0,4.8
TX001669,retrait,3030.0,12.2,119880.0,6,2543,0,2.7
TX001670,paiement_marchand,1530.0,15.86,73910.0,8,2540,0,1.4
TX001671,transfert,9010.0,8.59,57560.0,3,67,0,6.5
TX001672,retrait,6820.0,13.94,48950.0,5,1837,0,11.4
TX001673,transfert,23470.0,13.52,284790.0,4,1059,0,1.8
TX001674,depot,48330.0,15.76,240250.0,4,1816,0,3.9
TX001675,depot,11200.0,12.34,41630.0,6,1884,0,0.1
TX001676,transfert,25120.0,13.23,62110.0,7,175,0,11.4
TX001677,transfert,6160.0,7.29,106910.0,5,2492,0,2.0
TX001678,depot,11570.0,17.46,73400.0,4,925,0,0.7
TX001679,transfert,3790.0,10.67,101340.0,3,2238,0,4.8
TX001680,retrait,5560.0,17.08,137950.0,2,2676,0,0.5
TX001681,transfert,13470.0,21.13,87710.0,3,651,0,1.9
TX001682,depot,4960.0,17.79,46610.0,4,1141,0,0.7
TX001683,transfert,20550.0,3.25,24350.0,48,4,1,0.6
TX001684,retrait,17930.0,13.34,91450.0,4,2542,0,0.9
TX001685,retrait,9800.0,13.26,38320.0,4,84,0,7.2
TX001686,transfert,19940.0,13.13,69360.0,5,2159,0,3.7
TX001687,retrait,18040.0,9.68,37060.0,2,1158,0,0.9
TX001688,paiement_marchand,6400.0,15.49,190410.0,3,270,0,0.4
TX001689,transfert,12160.0,9.18,105100.0,2,2889,0,6.0
TX001690,retrait,23080.0,10.9,57890.0,4,1901,0,0.1
TX001691,transfert,4440.0,11.43,32080.0,6,278,0,6.3
TX001692,retrait,8550.0,10.14,62820.0,2,469,0,1.1
TX001693,depot,1900.0,14.84,94680.0,6,2047,0,3.9
TX001694,transfert,4010.0,16.5,29980.0,3,2531,0,6.6
TX001695,transfert,7630.0,4.3,10630.0,7,306,0,2.8
TX001696,transfert,31740.0,23.99,86380.0,3,529,0,2.9
TX001697,retrait,20530.0,15.79,131280.0,2,357,0,0.9
TX001698,paiement_marchand,1100.0,6.29,163600.0,6,2489,0,4.3
TX001699,transfert,2900.0,14.28,26070.0,4,801,0,1.1
TX001700,transfert,17960.0,19.11,31660.0,4,839,0,3.9
TX001701,transfert,5420.0,6.37,47230.0,5,2581,0,1.5
TX001702,transfert,1920.0,15.3,17530.0,2,2437,0,0.9
TX001703,paiement_marchand,2740.0,20.48,75200.0,7,1938,0,3.2
TX001704,depot,10540.0,10.97,28560.0,4,2804,0,1.5
TX001705,transfert,2580.0,17.12,132910.0,3,2635,0,0.2
TX001706,retrait,12770.0,16.1,109610.0,3,2952,0,1.7
TX001707,retrait,11810.0,8.11,197180.0,3,2901,0,5.8
TX001708,retrait,33760.0,13.36,203300.0,3,1123,0,0.5
TX001709,transfert,7130.0,19.52,34850.0,2,2863,0,0.1
TX001710,retrait,9990.0,21.26,21740.0,3,606,0,0.0
TX001711,depot,17260.0,8.44,741000.0,6,139,0,1.1
TX001712,depot,39860.0,14.28,94260.0,5,2657,0,0.2
TX001713,paiement_marchand,2800.0,15.15,90050.0,3,2963,0,0.5
TX001714,retrait,16280.0,13.9,48210.0,4,1753,0,1.5
TX001715,transfert,9340.0,18.52,59860.0,5,1290,0,11.8
TX001716,depot,19510.0,9.4,31080.0,6,224,1,1.8
TX001717,depot,36880.0,10.21,60980.0,4,243,0,2.7
TX001718,retrait,10580.0,14.85,50250.0,3,2702,0,6.3
TX001719,retrait,6570.0,12.54,49260.0,3,2268,0,0.1
TX001720,depot,11950.0,17.24,53330.0,4,2295,0,4.9
TX001721,paiement_marchand,2630.0,11.73,77330.0,1,719,0,6.8
TX001722,depot,12380.0,7.99,400170.0,1,1641,0,6.0
TX001723,transfert,40780.0,10.12,56970.0,4,461,0,12.3
TX001724,retrait,9770.0,18.04,78680.0,4,2786,0,1.0
TX001725,paiement_marchand,1730.0,15.96,55760.0,4,2862,0,0.2
TX001726,retrait,13020.0,15.4,69060.0,3,1505,0,1.7
TX001727,retrait,14340.0,6.7,41900.0,1,2180,0,3.8
TX001728,transfert,20380.0,12.69,60950.0,3,1803,0,2.5
TX001729,transfert,10050.0,10.76,96640.0,2,673,0,1.0
TX001730,retrait,9650.0,14.83,44210.0,4,2839,0,1.7
TX001731,depot,37990.0,18.42,76710.0,6,1765,0,1.4
TX001732,transfert,820.0,10.37,189640.0,10,2535,0,3.8
TX001733,transfert,6380.0,10.93,212500.0,3,1101,0,0.0
TX001734,transfert,18170.0,19.75,22730.0,2,1339,0,2.7
TX001735,retrait,23820.0,14.06,262860.0,1,1083,0,7.4
TX001736,paiement_marchand,2710.0,17.31,47950.0,1,1271,0,4.0
TX001737,paiement_marchand,2580.0,6.99,56220.0,4,2228,0,1.1
TX001738,transfert,20520.0,22.51,89190.0,5,1183,0,9.0
TX001739,depot,23980.0,20.45,112710.0,3,2038,0,0.1
TX001740,depot,13440.0,20.88,38850.0,3,2874,0,0.9
TX001741,paiement_marchand,2530.0,23.99,60740.0,5,330,0,7.7
TX001742,paiement_marchand,3750.0,11.09,22180.0,3,200,0,0.2
TX001743,paiement_marchand,690.0,14.96,112270.0,4,1895,0,1.8
TX001744,depot,20120.0,11.26,40690.0,4,127,0,6.8
TX001745,transfert,9810.0,7.28,69440.0,4,799,0,1.7
TX001746,depot,9920.0,13.9,57240.0,4,1369,0,2.8
TX001747,transfert,4390.0,15.72,124660.0,5,1310,0,2.5
TX001748,paiement_marchand,2160.0,12.7,52330.0,4,96,0,4.1
TX001749,paiement_marchand,1200.0,7.58,175380.0,3,2006,0,13.3
TX001750,transfert,6440.0,17.89,112100.0,4,670,0,5.9
TX001751,paiement_marchand,3870.0,13.2,68560.0,5,1218,0,3.3
TX001752,depot,14970.0,12.98,166640.0,4,2225,0,3.1
TX001753,paiement_marchand,2200.0,8.65,49230.0,4,859,0,8.6
TX001754,paiement_marchand,5130.0,11.95,95280.0,6,250,0,2.7
TX001755,retrait,8910.0,16.12,80720.0,4,986,0,0.0
TX001756,depot,18590.0,10.22,163340.0,5,2947,0,6.3
TX001757,paiement_marchand,1580.0,12.43,48870.0,5,1963,0,2.6
TX001758,paiement_marchand,7160.0,23.99,33100.0,4,1167,0,2.6
TX001759,paiement_marchand,2040.0,8.39,37400.0,5,687,0,1.2
TX001760,retrait,9050.0,12.22,269410.0,1,2345,0,2.7
TX001761,paiement_marchand,2430.0,20.34,80560.0,2,1157,0,4.7
TX001762,retrait,31010.0,8.86,242110.0,3,387,0,0.5
TX001763,paiement_marchand,3640.0,16.61,121580.0,4,1132,0,5.9
TX001764,paiement_marchand,1500.0,17.05,31020.0,3,1670,0,2.4
TX001765,transfert,31570.0,17.24,147710.0,5,1407,0,2.4
TX001766,transfert,25520.0,11.75,150820.0,2,1360,0,2.3
TX001767,transfert,25870.0,10.12,28300.0,42,8,0,3.8
TX001768,paiement_marchand,8160.0,19.81,139570.0,1,2527,0,4.2
TX001769,depot,2260.0,13.96,22940.0,5,383,0,3.2
TX001770,transfert,19500.0,13.76,78000.0,2,840,0,3.8
TX001771,retrait,4970.0,15.03,37060.0,7,194,0,1.8
TX001772,transfert,6520.0,14.69,94370.0,4,2125,0,1.4
TX001773,retrait,7360.0,11.85,12900.0,2,1322,0,1.8
TX001774,paiement_marchand,4080.0,15.35,251310.0,6,1071,0,1.7
TX001775,transfert,8830.0,8.99,190600.0,3,1516,0,6.8
TX001776,paiement_marchand,6680.0,11.94,31640.0,3,187,1,0.5
TX001777,paiement_marchand,1007450.0,11.67,1184490.0,11,243,0,2.6
TX001778,paiement_marchand,7480.0,11.75,71290.0,2,2098,0,1.9
TX001779,transfert,28590.0,13.53,137310.0,2,178,0,0.2
TX001780,depot,15840.0,14.72,38750.0,1,2740,0,2.6
TX001781,retrait,54800.0,16.37,160630.0,4,594,0,2.4
TX001782,transfert,1130.0,14.75,24000.0,4,1018,0,4.5
TX001783,transfert,6740.0,15.21,143320.0,4,1069,0,17.0
TX001784,transfert,25890.0,20.19,60770.0,3,2408,0,4.4
TX001785,transfert,6180.0,18.94,315840.0,2,1261,0,8.3
TX001786,depot,22190.0,10.89,330790.0,3,1237,0,0.8
TX001787,depot,21290.0,11.47,154310.0,5,1886,1,0.3
TX001788,paiement_marchand,2770.0,17.0,98020.0,1,2268,0,0.8
TX001789,retrait,21190.0,10.5,48240.0,3,2020,0,10.0
TX001790,retrait,4990.0,16.05,66820.0,4,1002,0,6.6
TX001791,paiement_marchand,7930.0,9.23,270810.0,4,590,1,5.1
TX001792,transfert,6060.0,13.05,58060.0,2,2131,0,2.8
TX001793,transfert,9590.0,9.21,86180.0,5,1754,0,1.5
TX001794,retrait,13100.0,11.46,378400.0,2,564,0,2.1
TX001795,transfert,3050.0,10.03,489860.0,3,2384,0,4.9
TX001796,depot,9150.0,13.94,125570.0,4,2218,0,5.3
TX001797,transfert,4420.0,4.25,161850.0,5,1632,0,4.8
TX001798,retrait,12740.0,6.53,106350.0,5,2700,0,2.2
TX001799,depot,34800.0,6.74,179660.0,2,2634,0,2.1
TX001800,paiement_marchand,2070.0,9.27,73060.0,1,2729,0,0.0
TX001801,transfert,5800.0,11.34,166170.0,5,2965,1,1.2
TX001802,paiement_marchand,980.0,12.1,27480.0,4,1397,0,0.2
TX001803,paiement_marchand,3460.0,16.06,117090.0,8,310,0,6.7
TX001804,retrait,8450.0,17.34,106530.0,3,287,0,4.1
TX001805,paiement_marchand,660.0,5.26,40070.0,4,1491,0,2.2
TX001806,transfert,4150.0,13.37,149450.0,6,2497,0,3.0
TX001807,retrait,15430.0,18.51,583100.0,3,1200,0,0.4
TX001808,depot,24080.0,15.55,512840.0,1,774,0,5.4
TX001809,transfert,18610.0,22.46,194680.0,6,722,0,14.0
TX001810,retrait,26940.0,12.06,47220.0,2,2281,0,3.5
TX001811,transfert,19930.0,11.59,81770.0,5,297,0,0.6
TX001812,paiement_marchand,5880.0,16.72,166800.0,1,848,0,0.9
TX001813,retrait,13900.0,8.4,35920.0,4,2594,0,2.5
TX001814,paiement_marchand,2250.0,5.83,35980.0,2,2807,0,3.9
TX001815,retrait,10560.0,12.49,171650.0,3,1464,0,4.2
TX001816,retrait,27430.0,15.82,49010.0,4,1975,0,2.7
TX001817,paiement_marchand,2170.0,17.48,138790.0,3,770,0,8.6
TX001818,transfert,6250.0,18.14,74520.0,5,1982,0,0.7
TX001819,paiement_marchand,3390.0,15.32,42470.0,5,920,0,20.1
TX001820,depot,34000.0,17.57,254180.0,2,2125,0,0.0
TX001821,transfert,6610.0,14.73,120750.0,3,279,0,1.7
TX001822,paiement_marchand,4200.0,12.58,82060.0,4,2008,0,2.4
TX001823,depot,9940.0,11.54,99320.0,2,2994,0,8.3
TX001824,depot,27410.0,13.11,74060.0,3,1348,0,2.6
TX001825,transfert,12620.0,11.37,30330.0,1,1003,0,3.1
TX001826,depot,15850.0,10.07,45050.0,4,496,0,7.1
TX001827,retrait,58870.0,16.31,97740.0,2,2303,0,8.7
TX001828,depot,7420.0,14.26,132620.0,3,906,0,2.8
TX001829,transfert,7370.0,17.22,354610.0,2,676,0,1.4
TX001830,paiement_marchand,3030.0,13.99,33650.0,3,412,0,2.0
TX001831,paiement_marchand,9480.0,11.61,74100.0,8,1740,0,0.5
TX001832,transfert,12350.0,15.95,50420.0,4,2032,0,1.3
TX001833,retrait,11720.0,19.1,29930.0,6,2914,0,1.7
TX001834,retrait,5600.0,14.62,33100.0,3,2091,0,1.9
TX001835,retrait,592810.0,3.48,619870.0,3,2939,1,232.4
TX001836,paiement_marchand,2970.0,11.11,29210.0,3,1637,0,6.8
TX001837,retrait,113970.0,19.92,237080.0,4,868,0,1.5
TX001838,retrait,27720.0,8.59,67040.0,4,2946,0,3.0
TX001839,transfert,6150.0,21.09,61960.0,1,2871,0,4.0
TX001840,paiement_marchand,1010.0,4.93,19720.0,3,1982,0,0.0
TX001841,retrait,18310.0,10.99,150980.0,3,713,0,6.4
TX001842,paiement_marchand,1980.0,17.66,82280.0,5,2931,0,2.2
TX001843,depot,4680.0,12.28,18270.0,4,2230,0,8.0
TX001844,paiement_marchand,11740.0,18.2,40290.0,4,2248,0,2.4
TX001845,transfert,2460.0,9.48,57900.0,3,221,0,1.7
TX001846,depot,38360.0,14.59,85340.0,2,2461,0,4.2
TX001847,transfert,5900.0,11.79,42580.0,5,2665,0,2.2
TX001848,transfert,15490.0,18.78,35840.0,4,1642,0,5.7
TX001849,depot,49880.0,8.5,461360.0,6,183,0,3.4
TX001850,transfert,7830.0,18.42,120250.0,6,1585,0,5.6
TX001851,retrait,10700.0,3.48,235890.0,3,2430,0,5.4
TX001852,transfert,8400.0,20.36,109900.0,4,2523,0,2.5
TX001853,transfert,13130.0,5.71,75540.0,6,628,0,9.3
TX001854,paiement_marchand,5390.0,15.73,133770.0,2,1728,0,5.4
TX001855,transfert,19190.0,17.56,20410.0,35,3,1,7.0
TX001856,retrait,20340.0,19.23,58460.0,2,1458,0,5.9
TX001857,retrait,13180.0,15.31,264810.0,3,2118,0,1.3
TX001858,retrait,9240.0,16.91,130170.0,2,2988,0,3.8
TX001859,retrait,3210.0,2.85,119080.0,5,373,0,7.8
TX001860,paiement_marchand,2440.0,8.64,33250.0,4,2476,0,1.3
TX001861,paiement_marchand,2270.0,16.5,62420.0,5,160,0,2.6
TX001862,retrait,9620.0,15.96,447770.0,4,1713,0,2.4
TX001863,paiement_marchand,1540.0,15.84,345120.0,6,637,0,1.6
TX001864,depot,62930.0,18.21,73100.0,7,269,0,0.6
TX001865,transfert,7400.0,14.43,37780.0,4,2441,0,3.0
TX001866,retrait,6750.0,10.48,122690.0,4,2057,0,0.9
TX001867,depot,10270.0,10.88,86180.0,5,1982,0,1.4
TX001868,retrait,1920.0,16.46,139630.0,4,2958,0,7.9
TX001869,paiement_marchand,7590.0,7.05,137440.0,3,2574,0,0.3
TX001870,retrait,27500.0,18.49,105720.0,2,2168,0,0.5
TX001871,paiement_marchand,1410.0,10.94,27970.0,2,1828,0,0.0
TX001872,depot,21530.0,18.39,43110.0,6,1984,1,3.6
TX001873,depot,5570.0,20.88,241970.0,4,2617,0,4.6
TX001874,retrait,15250.0,16.06,189660.0,6,294,0,0.9
TX001875,retrait,26700.0,13.13,83450.0,2,448,0,0.8
TX001876,retrait,6760.0,13.21,202930.0,3,1065,0,6.0
TX001877,retrait,3480.0,12.57,432340.0,2,1955,0,6.2
TX001878,depot,29110.0,13.87,60520.0,2,424,0,1.7
TX001879,transfert,4850.0,15.46,104680.0,7,2212,0,2.2
TX001880,depot,35240.0,15.06,180790.0,6,374,0,9.0
TX001881,transfert,14490.0,15.19,85210.0,3,970,0,1.6
TX001882,depot,12780.0,15.32,165950.0,4,867,0,0.8
TX001883,transfert,4200.0,15.56,155350.0,4,2757,0,3.1
TX001884,paiement_marchand,2570.0,18.74,90450.0,6,288,0,4.5
TX001885,retrait,21660.0,11.71,168170.0,1,1575,0,2.1
TX001886,transfert,21230.0,4.23,357070.0,5,2226,0,4.5
TX001887,retrait,99160.0,14.06,553890.0,4,2883,0,8.4
TX001888,transfert,19170.0,13.69,75360.0,1,1427,0,9.1
TX001889,transfert,6340.0,14.54,28770.0,5,1637,0,6.5
TX001890,transfert,10400.0,15.94,79680.0,4,532,0,5.2
TX001891,transfert,4430.0,8.74,41750.0,3,2972,0,9.5
TX001892,depot,5250.0,10.73,25080.0,1,1147,0,7.7
TX001893,transfert,8520.0,22.71,34640.0,3,2551,0,13.7
TX001894,paiement_marchand,6190.0,9.65,33890.0,2,2083,0,6.4
TX001895,transfert,2080.0,16.53,112470.0,2,974,0,0.7
TX001896,transfert,9310.0,19.33,77590.0,3,1001,0,0.4
TX001897,depot,10930.0,13.0,198200.0,4,1606,1,1.1
TX001898,transfert,16050.0,12.25,23650.0,42,5,0,0.9
TX001899,paiement_marchand,1140.0,15.28,49120.0,6,1557,0,25.1
TX001900,paiement_marchand,6520.0,14.11,25720.0,3,1193,0,5.8
TX001901,transfert,15210.0,19.14,473660.0,3,39,0,8.0
TX001902,depot,14480.0,14.97,212970.0,4,1752,0,9.6
TX001903,retrait,4910.0,19.58,62520.0,4,2923,0,0.1
TX001904,depot,28820.0,11.73,38950.0,5,2436,0,11.7
TX001905,retrait,23450.0,12.65,130100.0,6,871,0,1.6
TX001906,depot,10290.0,15.45,456250.0,2,2876,0,2.5
TX001907,transfert,19830.0,15.14,135310.0,3,145,0,3.7
TX001908,transfert,3170.0,8.7,16520.0,3,2449,0,2.9
TX001909,retrait,6960.0,19.1,101000.0,5,2156,0,2.6
TX001910,depot,32960.0,10.88,77320.0,6,1286,0,12.2
TX001911,depot,18210.0,16.23,25450.0,2,2554,0,16.3
TX001912,transfert,11600.0,14.97,67610.0,4,874,0,4.5
TX001913,transfert,2840.0,15.23,113540.0,7,499,0,0.3
TX001914,paiement_marchand,2370.0,14.17,42060.0,3,1304,0,0.5
TX001915,retrait,3180.0,14.27,215050.0,5,1327,0,4.1
TX001916,depot,18660.0,13.01,104650.0,2,2645,0,0.1
TX001917,paiement_marchand,2670.0,13.38,51230.0,1,302,0,0.7
TX001918,transfert,11440.0,13.04,11450.0,57,2,0,2.0
TX001919,paiement_marchand,1320.0,9.54,117590.0,8,226,1,3.5
TX001920,paiement_marchand,5740.0,15.37,50610.0,3,2037,0,2.9
TX001921,depot,11280.0,18.99,230490.0,2,2640,1,0.5
TX001922,transfert,870.0,12.32,57920.0,5,2256,0,7.4
TX001923,retrait,2460.0,9.88,88420.0,6,330,0,0.2
TX001924,paiement_marchand,1850.0,13.75,88630.0,5,2920,0,2.2
TX001925,depot,2980.0,9.22,50100.0,4,1824,0,0.7
TX001926,depot,31340.0,20.17,129520.0,4,490,0,8.3
TX001927,paiement_marchand,12060.0,13.21,179380.0,4,1998,0,5.8
TX001928,retrait,29610.0,10.76,135410.0,3,2148,0,1.0
TX001929,paiement_marchand,21740.0,14.6,45140.0,2,2848,0,1.0
TX001930,depot,28310.0,7.1,88540.0,1,807,0,4.9
TX001931,transfert,11430.0,16.85,254740.0,6,2093,0,0.3
TX001932,depot,35690.0,6.45,94840.0,4,2634,0,5.3
TX001933,retrait,39200.0,20.24,83090.0,4,367,0,8.6
TX001934,retrait,11870.0,12.02,49050.0,3,1739,0,2.1
TX001935,retrait,4840.0,10.14,556530.0,5,315,0,1.4
TX001936,transfert,22250.0,13.48,131090.0,7,672,0,6.0
TX001937,retrait,54640.0,13.86,150460.0,3,2553,0,1.1
TX001938,depot,16040.0,12.48,124490.0,5,2313,0,11.5
TX001939,transfert,17170.0,14.14,99120.0,1,1884,0,0.5
TX001940,retrait,8790.0,8.8,98950.0,4,1865,0,14.3
TX001941,retrait,6900.0,12.36,28910.0,5,1245,0,1.1
TX001942,transfert,6530.0,16.65,58050.0,4,764,0,2.7
TX001943,depot,9950.0,11.31,47790.0,4,1174,0,4.8
TX001944,depot,15980.0,12.26,63200.0,6,1620,0,6.7
TX001945,transfert,7200.0,8.71,71160.0,2,382,0,0.4
TX001946,transfert,8020.0,20.89,16390.0,2,483,0,6.3
TX001947,depot,5500.0,21.18,145510.0,7,78,0,2.4
TX001948,retrait,43590.0,13.46,409060.0,6,1581,0,0.3
TX001949,retrait,30450.0,13.57,83180.0,2,1703,0,1.1
TX001950,retrait,9510.0,18.95,27420.0,4,1451,0,0.5
TX001951,depot,3070.0,16.69,464830.0,4,351,0,3.0
TX001952,transfert,11330.0,12.95,46200.0,5,2506,0,4.9
TX001953,depot,20890.0,16.66,223700.0,1,1426,0,3.7
TX001954,transfert,9200.0,6.38,48740.0,3,2468,0,1.4
TX001955,paiement_marchand,2780.0,14.58,97750.0,4,261,0,0.4
TX001956,transfert,4600.0,12.76,16610.0,3,1063,0,0.1
TX001957,paiement_marchand,1250.0,19.91,61710.0,5,1330,0,1.0
TX001958,depot,4460.0,13.6,8370.0,5,2359,0,2.0
TX001959,retrait,47400.0,9.39,94600.0,7,2710,0,14.2
TX001960,depot,19360.0,12.0,91840.0,4,2120,0,2.2
TX001961,depot,6950.0,21.97,125450.0,5,1920,0,1.0
TX001962,depot,9350.0,11.51,240000.0,5,2639,0,4.9
TX001963,retrait,59500.0,14.99,94420.0,4,2411,0,0.3
TX001964,paiement_marchand,8310.0,16.57,191680.0,4,1936,0,2.7
TX001965,transfert,4530.0,13.85,8400.0,4,2013,0,7.0
TX001966,retrait,10320.0,11.46,64410.0,5,538,0,1.6
TX001967,transfert,28370.0,16.92,36020.0,7,1143,0,7.8
TX001968,transfert,27100.0,18.6,334130.0,3,413,0,10.1
TX001969,transfert,4880.0,13.41,44930.0,6,2583,0,0.5
TX001970,retrait,10440.0,13.01,460730.0,3,409,0,9.8
TX001971,transfert,3780.0,12.86,202760.0,5,2801,0,9.3
TX001972,retrait,4760.0,11.96,21760.0,3,1538,0,4.6
TX001973,depot,8750.0,11.57,25010.0,3,599,0,4.0
TX001974,depot,43040.0,9.31,68080.0,3,84,0,1.2
TX001975,paiement_marchand,1700.0,15.86,213220.0,4,1424,0,6.8
TX001976,depot,27590.0,19.75,85700.0,4,1502,0,1.2
TX001977,retrait,13080.0,9.58,53840.0,4,1279,0,5.4
TX001978,retrait,3130.0,16.64,52340.0,1,1265,0,3.0
TX001979,transfert,14030.0,9.72,26750.0,5,89,0,0.1
TX001980,depot,4770.0,16.46,101240.0,3,2710,0,1.6
TX001981,transfert,13280.0,13.11,23880.0,8,917,0,4.5
TX001982,transfert,5560.0,17.83,379500.0,3,2944,0,1.8
TX001983,transfert,11490.0,18.23,63050.0,2,2956,0,0.7
TX001984,transfert,6900.0,14.4,27590.0,2,1456,0,1.8
TX001985,retrait,37720.0,10.88,63940.0,4,1447,0,0.7
TX001986,paiement_marchand,3470.0,10.31,37870.0,3,1767,0,0.7
TX001987,depot,16890.0,17.74,30260.0,5,652,0,7.9
TX001988,depot,22830.0,19.12,235300.0,1,2405,0,2.3
TX001989,transfert,4980.0,13.89,12360.0,4,2017,0,0.8
TX001990,transfert,3140.0,11.07,298560.0,2,2971,0,1.4
TX001991,paiement_marchand,4460.0,9.88,29210.0,3,1658,0,9.0
TX001992,depot,8810.0,19.32,61670.0,3,2206,0,1.8
TX001993,paiement_marchand,1340.0,13.06,178590.0,2,575,1,2.0
TX001994,retrait,37540.0,22.82,86000.0,4,1566,0,2.0
TX001995,transfert,14110.0,19.24,120600.0,9,2248,0,7.2
TX001996,transfert,11070.0,13.68,88980.0,5,959,0,0.2
TX001997,transfert,13130.0,11.03,271060.0,1,721,0,13.7
TX001998,transfert,5120.0,16.42,60230.0,8,755,0,2.1
TX001999,paiement_marchand,1080.0,11.88,165550.0,3,2959,0,8.5
TX002000,transfert,1440.0,14.97,14420.0,3,626,0,3.1
TX002001,retrait,5980.0,15.97,57200.0,4,2576,0,5.0
TX002002,paiement_marchand,1190.0,16.59,54090.0,7,424,0,3.7
TX002003,retrait,1890.0,6.1,84770.0,4,2761,0,7.2
TX002004,transfert,15230.0,20.5,53140.0,5,1417,0,1.5
TX002005,transfert,17200.0,9.94,225330.0,6,1799,0,6.2
TX002006,retrait,6330.0,20.39,99760.0,5,1744,0,0.8
TX002007,transfert,30300.0,17.6,236830.0,4,2321,0,4.4
TX002008,transfert,7060.0,7.35,58150.0,4,194,1,1.1
TX002009,paiement_marchand,3800.0,14.28,33880.0,3,382,0,8.4
TX002010,paiement_marchand,7150.0,11.72,78500.0,3,1163,0,5.2
TX002011,paiement_marchand,5910.0,14.55,18770.0,2,388,0,4.3
TX002012,depot,42880.0,12.44,73750.0,2,384,0,4.4
TX002013,transfert,5900.0,12.81,43820.0,2,2968,0,3.0
TX002014,retrait,8120.0,11.67,103240.0,3,1844,0,10.0
TX002015,retrait,2150.0,18.95,158390.0,5,80,0,1.4
TX002016,retrait,5990.0,7.33,41620.0,5,1565,0,0.2
TX002017,transfert,28040.0,16.98,118650.0,4,488,0,0.1
TX002018,paiement_marchand,7280.0,14.29,77820.0,1,616,0,4.6
TX002019,depot,6630.0,14.71,146400.0,3,1289,0,3.5
TX002020,retrait,22470.0,11.63,214670.0,2,482,0,6.4
TX002021,transfert,11550.0,23.47,67450.0,2,1359,0,6.5
TX002022,retrait,30890.0,11.9,155940.0,4,2071,0,0.9
TX002023,transfert,1990.0,10.66,296140.0,3,453,0,5.9
TX002024,retrait,35850.0,14.12,93890.0,4,1855,0,5.1
TX002025,retrait,6230.0,6.69,59770.0,4,2518,0,1.0
TX002026,retrait,8860.0,17.37,19220.0,3,2378,0,12.5
TX002027,depot,7860.0,9.08,15310.0,4,2780,0,0.8
TX002028,paiement_marchand,4140.0,19.14,289460.0,8,2857,0,1.2
TX002029,retrait,13620.0,16.58,40410.0,3,1564,0,1.4
TX002030,paiement_marchand,3560.0,9.95,36940.0,3,131,0,4.8
TX002031,paiement_marchand,740.0,12.81,133220.0,2,2552,0,5.7
TX002032,transfert,8630.0,13.91,87600.0,6,843,0,1.3
TX002033,paiement_marchand,7960.0,11.24,323800.0,3,1979,0,8.7
TX002034,paiement_marchand,1040.0,20.39,26300.0,6,303,0,1.6
TX002035,depot,17870.0,13.39,69760.0,4,1981,0,8.1
TX002036,paiement_marchand,2760.0,14.09,92270.0,2,2389,0,1.9
TX002037,paiement_marchand,4040.0,13.84,51440.0,3,2371,0,1.6
TX002038,transfert,1980.0,15.98,230270.0,11,527,0,1.7
TX002039,retrait,20930.0,11.43,80030.0,2,1795,0,8.0
TX002040,depot,21980.0,19.43,36540.0,5,2115,0,6.2
TX002041,retrait,18900.0,11.56,27110.0,5,1281,0,1.5
TX002042,transfert,18890.0,20.61,66020.0,4,2943,0,2.9
TX002043,depot,4940.0,14.09,176590.0,2,2870,0,2.0
TX002044,retrait,10940.0,21.0,590980.0,5,2992,0,2.2
TX002045,paiement_marchand,3470.0,14.38,184400.0,4,1593,0,4.0
TX002046,depot,3790.0,16.97,412640.0,5,1804,0,3.8
TX002047,depot,13430.0,16.86,67690.0,7,1850,0,0.8
TX002048,paiement_marchand,1010.0,17.89,43990.0,5,1117,0,0.0
TX002049,depot,7130.0,12.06,47940.0,5,107,0,2.1
TX002050,transfert,3260.0,22.05,26770.0,2,595,0,9.4
TX002051,paiement_marchand,6060.0,14.31,27080.0,6,410,0,4.2
TX002052,paiement_marchand,4750.0,8.04,1106510.0,4,2786,0,1.3
TX002053,depot,7370.0,15.34,69270.0,2,2099,0,3.5
TX002054,retrait,7530.0,10.43,38960.0,3,2782,0,1.3
TX002055,retrait,14840.0,17.18,65610.0,3,1712,0,3.9
TX002056,transfert,5650.0,15.44,17600.0,6,930,0,2.3
TX002057,paiement_marchand,4980.0,11.96,35590.0,3,776,0,2.6
TX002058,paiement_marchand,1320.0,7.44,73050.0,4,249,0,3.4
TX002059,depot,16700.0,13.09,124600.0,3,2802,0,6.3
TX002060,depot,10720.0,9.75,105850.0,5,1496,0,2.3
TX002061,depot,7060.0,10.35,61280.0,4,149,0,5.8
TX002062,depot,8380.0,14.19,187140.0,6,2161,0,4.4
TX002063,retrait,56100.0,8.41,76680.0,3,1214,0,2.3
TX002064,depot,22690.0,10.55,54510.0,3,2734,0,4.7
TX002065,transfert,5180.0,11.59,29180.0,3,1184,0,1.3
TX002066,depot,4090.0,5.45,123860.0,3,1274,0,1.2
TX002067,paiement_marchand,2660.0,11.06,17680.0,5,2752,0,3.3
TX002068,transfert,236500.0,1.58,256070.0,1,1423,1,303.9
TX002069,transfert,21210.0,11.56,75090.0,8,860,0,3.6
TX002070,transfert,2690.0,16.31,145030.0,2,1643,0,1.0
TX002071,paiement_marchand,2720.0,13.35,18290.0,6,2116,0,1.7
TX002072,depot,22200.0,22.95,88500.0,3,2894,0,2.8
TX002073,depot,7690.0,17.3,40740.0,4,1949,0,4.7
TX002074,paiement_marchand,1850.0,12.78,55800.0,3,2019,0,24.8
TX002075,retrait,10510.0,19.22,115920.0,1,238,0,0.6
TX002076,depot,14420.0,16.71,56660.0,5,1028,0,2.0
TX002077,depot,8690.0,17.94,91850.0,1,946,0,11.1
TX002078,transfert,3080.0,15.44,79260.0,2,1514,0,1.8
TX002079,retrait,11710.0,14.33,104570.0,1,578,0,1.2
TX002080,retrait,4980.0,13.21,948630.0,4,193,0,0.4
TX002081,retrait,6060.0,13.37,113710.0,2,769,0,1.7
TX002082,paiement_marchand,2376440.0,16.9,2729090.0,7,399,0,4.1
TX002083,retrait,11490.0,9.32,158680.0,5,1639,0,1.8
TX002084,paiement_marchand,890.0,14.05,188780.0,7,1420,1,3.0
TX002085,retrait,7590.0,19.99,26330.0,3,632,0,1.8
TX002086,retrait,60010.0,14.71,91720.0,2,2139,0,8.4
TX002087,depot,34040.0,10.02,88500.0,5,1399,0,5.8
TX002088,depot,7830.0,22.03,51540.0,2,89,0,1.0
TX002089,paiement_marchand,2090.0,10.22,75610.0,4,1565,0,7.3
TX002090,depot,39650.0,10.23,69100.0,6,330,0,0.2
TX002091,depot,5760.0,12.38,37230.0,3,1115,0,5.5
TX002092,transfert,15640.0,19.01,44770.0,6,2378,0,1.3
TX002093,depot,108690.0,18.2,142160.0,2,2437,0,11.8
TX002094,retrait,4840.0,17.57,178220.0,3,598,0,7.7
TX002095,depot,3390.0,9.82,33700.0,8,906,0,14.3
TX002096,depot,9100.0,11.89,20350.0,9,2988,0,7.1
TX002097,retrait,12990.0,12.66,24020.0,3,672,0,2.7
TX002098,transfert,15830.0,14.95,27260.0,6,2449,0,0.4
TX002099,transfert,9440.0,15.36,76270.0,4,791,0,0.4
TX002100,retrait,8680.0,16.62,335550.0,6,2358,0,0.4
TX002101,paiement_marchand,4500.0,19.64,88390.0,4,2732,1,0.8
TX002102,depot,5200.0,10.22,155560.0,8,1629,0,8.8
TX002103,retrait,31510.0,23.99,48140.0,5,2350,0,0.1
TX002104,retrait,23230.0,8.73,113380.0,5,1312,0,5.5
TX002105,retrait,19380.0,5.4,33960.0,2,2100,0,0.5
TX002106,depot,40060.0,9.46,206180.0,5,2443,0,6.0
TX002107,transfert,9560.0,12.78,94840.0,3,2814,0,1.5
TX002108,paiement_marchand,3140.0,18.36,113760.0,2,1869,0,1.5
TX002109,transfert,2520.0,9.5,290360.0,2,2030,0,6.5
TX002110,paiement_marchand,3230.0,15.37,55230.0,2,1570,0,8.0
TX002111,depot,43490.0,7.84,247600.0,5,1429,0,1.9
TX002112,transfert,4880.0,12.57,17320.0,4,2305,0,9.6
TX002113,transfert,60510.0,22.0,188120.0,5,172,0,3.7
TX002114,depot,10000.0,6.91,426040.0,4,406,0,5.8
TX002115,retrait,18770.0,21.1,339650.0,4,1493,0,1.1
TX002116,depot,49190.0,11.16,122280.0,6,2913,0,0.3
TX002117,transfert,20410.0,14.03,76290.0,2,1615,0,4.3
TX002118,transfert,20860.0,13.06,54600.0,4,2902,0,10.2
TX002119,transfert,1930.0,12.28,99740.0,2,474,0,3.8
TX002120,retrait,9500.0,10.6,81530.0,3,1885,0,0.8
TX002121,transfert,3140.0,9.94,40420.0,3,1871,0,12.7
TX002122,depot,10510.0,12.96,91420.0,5,2167,0,11.0
TX002123,transfert,13070.0,14.16,149730.0,6,2934,0,6.1
TX002124,transfert,4520.0,17.31,86530.0,2,838,0,2.3
TX002125,depot,12700.0,10.72,56420.0,4,786,0,2.2
TX002126,retrait,5520.0,7.85,86770.0,4,2308,0,4.4
TX002127,depot,18320.0,11.74,38860.0,3,2498,0,3.6
TX002128,retrait,4770.0,13.65,29340.0,5,782,0,1.5
TX002129,transfert,30490.0,13.23,58980.0,4,1260,0,1.8
TX002130,retrait,37580.0,13.74,91820.0,2,1713,0,0.3
TX002131,depot,19480.0,19.13,22950.0,3,1796,0,1.2
TX002132,transfert,8360.0,8.22,61810.0,5,1433,0,3.2
TX002133,transfert,4080.0,8.89,133580.0,3,949,0,3.8
TX002134,depot,13350.0,11.13,228090.0,3,1781,0,4.0
TX002135,transfert,5930.0,9.6,38230.0,4,824,0,8.5
TX002136,paiement_marchand,3080.0,14.94,79360.0,6,2143,0,6.3
TX002137,retrait,4030.0,21.87,49470.0,5,699,0,4.3
TX002138,retrait,61070.0,11.27,83440.0,8,2416,0,13.5
TX002139,retrait,6110.0,13.38,50740.0,2,193,0,0.9
TX002140,depot,23800.0,11.53,542080.0,7,1867,0,14.1
TX002141,depot,9280.0,14.63,85750.0,3,1095,0,1.9
TX002142,paiement_marchand,2150.0,18.73,67860.0,4,1873,0,1.0
TX002143,paiement_marchand,3270.0,18.8,105320.0,3,55,1,4.7
TX002144,paiement_marchand,7210.0,15.02,23530.0,7,398,0,3.0
TX002145,paiement_marchand,3540.0,20.58,54810.0,6,1719,0,0.1
TX002146,transfert,5720.0,13.98,10830.0,5,774,0,3.9
TX002147,depot,10460.0,14.4,161550.0,3,845,0,0.6
TX002148,paiement_marchand,2080.0,15.35,19150.0,6,2029,0,4.2
TX002149,retrait,4290.0,11.97,61030.0,7,2382,0,5.4
TX002150,paiement_marchand,9930.0,11.22,114370.0,5,1979,0,5.4
TX002151,retrait,13480.0,12.4,67030.0,6,1388,0,4.5
TX002152,transfert,10750.0,17.7,47580.0,5,2790,0,1.8
TX002153,retrait,6610.0,18.6,19600.0,1,2839,0,1.5
TX002154,depot,12480.0,10.88,168240.0,4,807,0,4.5
TX002155,transfert,2460.0,12.8,207280.0,2,2334,0,0.4
TX002156,paiement_marchand,2180.0,13.07,28390.0,5,334,0,0.0
TX002157,transfert,8890.0,14.53,83700.0,3,2212,0,7.8
TX002158,paiement_marchand,2670.0,23.22,72350.0,4,1264,0,2.1
TX002159,retrait,2110.0,17.44,421670.0,3,1869,0,1.3
TX002160,paiement_marchand,2240.0,16.32,26240.0,6,103,0,5.4
TX002161,depot,19210.0,13.3,124150.0,5,939,0,15.1
TX002162,transfert,2100.0,14.34,65310.0,2,1933,0,17.4
TX002163,retrait,15980.0,18.58,110150.0,4,162,0,12.5
TX002164,transfert,8200.0,14.75,114730.0,6,2318,0,1.4
TX002165,retrait,4080.0,14.46,13240.0,3,2803,0,12.0
TX002166,depot,9340.0,11.43,48650.0,3,221,0,1.8
TX002167,transfert,5860.0,8.29,21170.0,4,1410,0,1.3
TX002168,depot,19640.0,16.54,44290.0,5,678,0,3.4
TX002169,depot,14990.0,19.05,337770.0,3,1021,0,0.2
TX002170,depot,20670.0,16.05,70950.0,3,1654,0,7.0
TX002171,retrait,35950.0,14.82,51590.0,4,2844,0,9.1
TX002172,depot,13870.0,11.39,165390.0,3,2421,0,4.5
TX002173,transfert,17030.0,12.07,152760.0,4,259,0,2.1
TX002174,depot,36960.0,14.33,74720.0,5,2637,0,1.7
TX002175,depot,14980.0,12.38,231480.0,3,1805,0,2.8
TX002176,transfert,8180.0,12.51,175670.0,5,1169,0,1.5
TX002177,transfert,25960.0,10.35,174080.0,4,438,0,0.3
TX002178,paiement_marchand,20850.0,13.49,51050.0,3,2232,0,3.3
TX002179,depot,23620.0,12.84,51300.0,6,800,0,1.7
TX002180,paiement_marchand,1290.0,17.06,28610.0,8,2180,0,4.1
TX002181,depot,49620.0,5.51,79400.0,4,2239,0,2.4
TX002182,depot,18290.0,10.55,316290.0,2,670,0,0.2
TX002183,transfert,5100.0,13.37,110620.0,6,101,0,8.9
TX002184,paiement_marchand,2560.0,15.48,542590.0,8,1291,0,0.1
TX002185,transfert,17740.0,14.01,327730.0,2,374,0,2.2
TX002186,depot,19910.0,14.65,117810.0,3,1101,0,12.1
TX002187,paiement_marchand,1230.0,18.77,66790.0,3,994,0,4.0
TX002188,depot,12140.0,9.96,56700.0,3,140,0,1.3
TX002189,paiement_marchand,2940.0,17.31,54260.0,4,113,0,0.5
TX002190,retrait,8620.0,18.14,87380.0,2,1731,0,0.8
TX002191,transfert,15110.0,11.37,100000.0,1,2301,0,7.2
TX002192,transfert,3910.0,13.6,37410.0,3,673,0,2.6
TX002193,paiement_marchand,6210.0,10.89,47800.0,4,2200,0,1.6
TX002194,paiement_marchand,4590.0,12.17,76000.0,4,562,0,3.1
TX002195,depot,22700.0,15.65,130400.0,4,2823,0,6.3
TX002196,paiement_marchand,1670.0,12.0,42130.0,3,1852,0,1.7
TX002197,retrait,12500.0,12.13,135360.0,5,2649,0,12.2
TX002198,transfert,3800.0,10.97,23640.0,6,1631,0,0.7
TX002199,transfert,6190.0,19.77,123320.0,3,786,0,3.3
TX002200,paiement_marchand,2610.0,23.12,124740.0,3,1358,0,2.4
TX002201,depot,17300.0,17.9,236590.0,6,1299,0,1.6
TX002202,transfert,7890.0,13.51,208980.0,5,1320,0,0.0
TX002203,retrait,11970.0,22.86,53460.0,5,205,0,0.2
TX002204,transfert,6620.0,6.32,51890.0,2,915,0,2.5
TX002205,retrait,6690.0,6.63,79140.0,3,1752,0,9.2
TX002206,retrait,14450.0,19.91,213280.0,5,718,0,4.6
TX002207,depot,14370.0,16.99,78710.0,1,2468,0,1.1
TX002208,depot,18190.0,14.92,37070.0,7,824,0,2.6
TX002209,paiement_marchand,4030.0,14.01,267230.0,2,479,1,2.1
TX002210,depot,42150.0,17.71,66520.0,3,2137,0,0.7
TX002211,transfert,4010.0,15.31,1551500.0,5,641,0,4.8
TX002212,transfert,2650.0,13.82,114340.0,3,1496,0,1.8
TX002213,transfert,10820.0,12.62,142090.0,3,1822,0,5.9
TX002214,transfert,7950.0,18.69,328790.0,6,1020,0,0.4
TX002215,transfert,5990.0,13.42,222110.0,6,357,0,0.4
TX002216,retrait,13810.0,14.14,102680.0,6,2679,1,0.5
TX002217,retrait,48650.0,12.09,406150.0,6,316,0,0.9
TX002218,depot,38920.0,19.96,125560.0,3,869,0,1.0
TX002219,transfert,6860.0,7.67,71880.0,7,2262,0,6.7
TX002220,transfert,3630.0,10.28,259930.0,3,619,0,2.7
TX002221,depot,6940.0,19.63,42370.0,3,733,0,10.0
TX002222,retrait,21180.0,11.33,88600.0,2,2363,0,1.1
TX002223,paiement_marchand,1871970.0,18.5,2334050.0,9,155,0,0.0
TX002224,retrait,9720.0,9.52,237980.0,2,1338,0,6.4
TX002225,retrait,12350.0,17.32,155660.0,4,1152,0,6.5
TX002226,depot,25400.0,12.44,186830.0,5,2589,0,1.0
TX002227,transfert,11620.0,8.37,193050.0,2,340,1,0.7
TX002228,transfert,15040.0,9.35,80650.0,4,351,0,3.9
TX002229,transfert,1440.0,17.68,174890.0,2,476,0,1.4
TX002230,depot,14430.0,15.14,79190.0,4,2357,0,2.0
TX002231,transfert,4390.0,8.85,55570.0,6,1327,0,4.2
TX002232,depot,35590.0,9.08,75080.0,6,409,0,3.6
TX002233,retrait,14540.0,23.99,130620.0,7,1922,0,1.5
TX002234,paiement_marchand,1220.0,14.25,32870.0,10,414,0,2.3
TX002235,depot,60530.0,15.58,160120.0,4,1408,0,9.5
TX002236,paiement_marchand,3350.0,12.63,30020.0,4,1375,0,0.4
TX002237,depot,18280.0,15.12,38250.0,4,267,0,0.0
TX002238,transfert,3130.0,11.79,98530.0,5,2139,0,0.4
TX002239,retrait,14570.0,13.56,51890.0,5,2734,0,3.8
TX002240,retrait,2640.0,18.78,21730.0,6,2412,0,0.8
TX002241,retrait,40350.0,19.02,96440.0,3,1495,0,2.4
TX002242,transfert,9020.0,14.65,320680.0,6,2830,0,0.2
TX002243,transfert,21740.0,13.15,113900.0,1,1950,0,8.3
TX002244,transfert,10330.0,20.77,33510.0,4,751,0,2.0
TX002245,retrait,14060.0,19.54,48400.0,5,2858,0,9.4
TX002246,transfert,20760.0,11.48,28140.0,52,11,0,5.5
TX002247,transfert,1310.0,11.41,34940.0,5,516,0,1.4
TX002248,transfert,10020.0,11.92,44960.0,6,987,0,1.2
TX002249,transfert,9640.0,11.75,98110.0,3,47,0,2.7
TX002250,retrait,6690.0,17.01,425530.0,7,1679,0,3.5
TX002251,retrait,21240.0,13.21,34560.0,7,1414,0,0.9
TX002252,transfert,44080.0,15.22,103740.0,4,1051,0,11.7
TX002253,transfert,6080.0,8.64,86200.0,4,1429,0,0.6
TX002254,transfert,6240.0,13.63,126280.0,3,2539,0,4.9
TX002255,transfert,6600.0,16.48,10160.0,4,1470,0,1.9
TX002256,depot,5500.0,11.72,31850.0,4,991,0,3.1
TX002257,transfert,4480.0,7.96,129310.0,2,1914,0,5.4
TX002258,transfert,4600.0,9.5,70450.0,3,2909,0,0.8
TX002259,transfert,6680.0,13.75,28450.0,4,1179,0,0.9
TX002260,paiement_marchand,1600040.0,13.59,2042000.0,5,120,0,3.0
TX002261,depot,42810.0,9.72,221430.0,2,1794,0,1.2
TX002262,paiement_marchand,910.0,13.53,65900.0,3,2676,0,2.2
TX002263,retrait,5780.0,14.67,19060.0,4,1457,0,4.5
TX002264,retrait,21020.0,10.74,88800.0,3,561,0,4.7
TX002265,paiement_marchand,1850.0,20.92,59010.0,2,592,0,2.1
TX002266,paiement_marchand,7220.0,14.99,26290.0,7,187,0,2.8
TX002267,paiement_marchand,551180.0,14.8,641000.0,5,351,0,2.8
TX002268,paiement_marchand,4330.0,14.61,55670.0,5,1832,0,11.6
TX002269,transfert,9340.0,13.77,100020.0,7,2384,0,1.2
TX002270,transfert,41830.0,12.01,114110.0,2,1101,0,3.3
TX002271,paiement_marchand,5180.0,14.91,64860.0,3,2727,0,2.6
TX002272,retrait,9160.0,17.61,43530.0,2,1432,0,3.7
TX002273,paiement_marchand,3080.0,17.93,86770.0,3,2842,0,0.5
TX002274,paiement_marchand,1790.0,7.79,36730.0,4,710,0,0.5
TX002275,depot,30940.0,15.36,54630.0,5,1436,0,9.7
TX002276,transfert,6180.0,9.7,597270.0,5,1773,0,2.8
TX002277,retrait,12760.0,7.34,311370.0,6,774,0,13.9
TX002278,depot,21110.0,20.98,53010.0,3,1682,0,8.1
TX002279,transfert,12700.0,5.75,83890.0,4,1526,0,1.4
TX002280,paiement_marchand,3300.0,16.17,170250.0,3,2874,0,0.2
TX002281,retrait,4820.0,10.03,178290.0,5,775,0,1.2
TX002282,depot,9060.0,13.3,305710.0,7,475,0,1.5
TX002283,depot,6670.0,14.37,72080.0,3,500,0,7.2
TX002284,transfert,5560.0,17.1,162500.0,3,2429,0,10.5
TX002285,depot,19820.0,20.28,37000.0,7,1955,0,3.5
TX002286,depot,7900.0,15.05,21890.0,5,881,0,9.6
TX002287,transfert,5640.0,11.72,170340.0,5,1666,0,0.1
TX002288,paiement_marchand,1190.0,22.31,61790.0,4,762,0,3.0
TX002289,depot,13850.0,14.75,63020.0,6,2939,0,1.9
TX002290,depot,26200.0,14.65,655730.0,5,2159,0,2.7
TX002291,retrait,8500.0,17.38,100690.0,3,1439,0,2.2
TX002292,paiement_marchand,1920.0,14.85,323190.0,5,2245,0,6.7
TX002293,transfert,10880.0,14.69,86470.0,4,1930,0,0.3
TX002294,paiement_marchand,1700.0,16.04,88680.0,6,1936,0,1.1
TX002295,transfert,34950.0,8.99,268970.0,5,2143,1,0.8
TX002296,paiement_marchand,1990.0,15.11,50160.0,2,1352,0,0.6
TX002297,paiement_marchand,4610.0,9.92,89660.0,4,2761,0,3.3
TX002298,paiement_marchand,2110.0,14.52,103620.0,5,1438,0,5.9
TX002299,transfert,1280.0,9.52,129460.0,2,2825,0,1.9
TX002300,transfert,25330.0,22.0,131920.0,2,454,0,11.0
TX002301,paiement_marchand,5330.0,7.48,67930.0,9,507,0,6.1
TX002302,retrait,8790.0,12.25,26060.0,2,1763,0,4.1
TX002303,transfert,19030.0,15.43,206140.0,5,2318,0,1.3
TX002304,depot,3840.0,10.6,42650.0,6,1454,0,11.4
TX002305,retrait,11440.0,12.8,123670.0,3,1140,0,5.6
TX002306,paiement_marchand,860.0,19.06,249680.0,5,2232,0,0.1
TX002307,retrait,9250.0,8.13,129530.0,3,2886,0,3.8
TX002308,retrait,3790.0,9.14,68670.0,7,642,0,2.6
TX002309,transfert,13190.0,8.96,189290.0,2,991,0,0.7
TX002310,depot,29320.0,20.48,105200.0,4,1578,0,3.6
TX002311,transfert,1200.0,20.61,100580.0,6,2052,0,1.6
TX002312,transfert,6600.0,12.93,35850.0,8,1341,1,0.9
TX002313,depot,7170.0,18.68,39060.0,3,274,0,3.9
TX002314,retrait,14400.0,11.38,131670.0,4,2426,0,2.4
TX002315,transfert,2110.0,18.75,190190.0,4,398,0,19.7
TX002316,retrait,4480.0,11.64,78870.0,3,763,0,2.1
TX002317,paiement_marchand,17260.0,13.59,133570.0,4,1028,0,0.5
TX002318,paiement_marchand,13960.0,16.66,179320.0,4,1432,0,6.6
TX002319,retrait,8750.0,5.1,110070.0,4,2296,0,4.2
TX002320,depot,13310.0,12.75,124010.0,4,1536,0,0.7
TX002321,transfert,6590.0,17.24,23630.0,5,867,0,4.0
TX002322,depot,8140.0,16.72,26900.0,4,77,0,24.8
TX002323,retrait,7520.0,17.41,25360.0,5,2220,0,3.9
TX002324,depot,4660.0,13.0,1132080.0,3,831,0,15.8
TX002325,retrait,9550.0,9.38,28430.0,5,1984,0,2.6
TX002326,depot,13320.0,9.87,103820.0,3,1633,0,9.9
TX002327,retrait,15720.0,11.91,207440.0,3,2929,0,3.4
TX002328,retrait,16220.0,11.57,33600.0,3,489,0,0.1
TX002329,transfert,2870.0,12.87,26030.0,4,2020,1,17.8
TX002330,depot,12290.0,17.06,548900.0,6,1155,0,5.5
TX002331,depot,7510.0,12.76,16930.0,8,859,0,0.7
TX002332,transfert,18360.0,13.38,93180.0,2,1370,0,0.3
TX002333,transfert,4320.0,10.56,37650.0,7,1891,0,3.1
TX002334,transfert,40300.0,16.75,107970.0,1,282,0,1.1
TX002335,paiement_marchand,540.0,11.76,75810.0,7,2700,0,3.0
TX002336,depot,8670.0,6.24,71560.0,6,573,0,1.6
TX002337,retrait,5830.0,17.2,46400.0,2,264,0,1.0
TX002338,retrait,20300.0,14.77,231560.0,4,307,0,0.4
TX002339,retrait,5640.0,13.66,64510.0,2,2789,0,1.0
TX002340,retrait,100610.0,14.72,130050.0,7,1606,0,8.4
TX002341,depot,5730.0,12.57,213950.0,2,698,1,4.7
TX002342,transfert,8860.0,15.35,16020.0,3,1187,0,11.4
TX002343,transfert,42480.0,17.15,75350.0,3,312,1,4.2
TX002344,paiement_marchand,18250.0,11.48,57190.0,3,644,0,2.2
TX002345,transfert,8360.0,18.83,59910.0,7,2603,0,0.2
TX002346,paiement_marchand,6780.0,14.51,22130.0,3,1428,0,2.8
TX002347,depot,28100.0,15.19,130270.0,2,1407,0,4.4
TX002348,retrait,4100.0,14.42,66320.0,6,2598,0,2.0
TX002349,depot,20240.0,14.48,104610.0,1,443,0,7.7
TX002350,paiement_marchand,9910.0,19.63,34750.0,2,1331,0,2.7
TX002351,paiement_marchand,5790.0,21.82,22100.0,2,146,0,4.0
TX002352,transfert,8810.0,17.63,28780.0,3,682,0,0.6
TX002353,transfert,4280.0,16.62,53640.0,3,610,0,11.4
TX002354,paiement_marchand,5930.0,14.3,42720.0,4,1208,0,2.0
TX002355,transfert,2850.0,19.28,27150.0,3,1474,0,3.1
TX002356,transfert,13470.0,14.53,121760.0,2,2894,0,3.6
TX002357,paiement_marchand,3410.0,10.62,105280.0,2,2890,0,11.8
TX002358,transfert,33750.0,14.07,106420.0,4,1789,0,2.1
TX002359,depot,4240.0,18.88,28080.0,3,223,0,1.6
TX002360,depot,21640.0,7.65,88490.0,4,915,0,1.7
TX002361,paiement_marchand,1033070.0,14.58,1091260.0,6,387,0,5.1
TX002362,transfert,6980.0,15.5,42350.0,7,1306,0,0.3
TX002363,retrait,5680.0,18.6,102910.0,4,914,0,7.4
TX002364,paiement_marchand,3080.0,11.47,20010.0,3,2456,0,13.8
TX002365,paiement_marchand,3840.0,16.14,12770.0,5,2698,0,0.9
TX002366,transfert,5130.0,4.46,54990.0,3,2284,0,5.8
TX002367,paiement_marchand,590.0,14.46,28220.0,5,603,0,1.9
TX002368,depot,26010.0,8.87,86230.0,4,1238,0,9.2
TX002369,transfert,46370.0,17.44,65530.0,4,45,0,2.2
TX002370,depot,18350.0,13.61,99920.0,4,1869,0,0.2
TX002371,retrait,8220.0,11.26,26270.0,3,369,1,0.3
TX002372,paiement_marchand,3010.0,9.87,47970.0,4,2091,0,0.7
TX002373,transfert,9610.0,23.99,67450.0,3,921,0,7.8
TX002374,transfert,32750.0,10.77,84940.0,5,1991,0,5.8
TX002375,transfert,7800.0,21.5,54970.0,4,188,0,7.0
TX002376,transfert,7290.0,13.52,41550.0,7,2035,0,3.8
TX002377,retrait,18660.0,14.46,71770.0,6,878,0,9.8
TX002378,retrait,7050.0,8.82,54950.0,4,915,0,5.4
TX002379,depot,35790.0,14.47,41530.0,5,1034,0,0.6
TX002380,paiement_marchand,5480.0,10.11,13610.0,4,2421,0,4.1
TX002381,transfert,8870.0,16.21,20330.0,2,1358,0,3.1
TX002382,depot,15980.0,13.35,41240.0,5,2981,0,0.2
TX002383,transfert,17280.0,13.47,67060.0,3,2449,0,2.4
TX002384,depot,9550.0,16.64,182210.0,4,1607,0,3.1
TX002385,paiement_marchand,17650.0,20.0,65150.0,3,2242,0,6.9
TX002386,paiement_marchand,3540.0,13.15,84540.0,4,709,0,0.4
TX002387,depot,17200.0,10.76,155450.0,3,1451,0,3.6
TX002388,retrait,7990.0,21.16,156590.0,6,614,0,0.5
TX002389,paiement_marchand,3170.0,15.91,59990.0,6,976,0,0.0
TX002390,retrait,61310.0,18.36,153610.0,3,1154,0,9.5
TX002391,transfert,1280.0,12.06,666560.0,4,2128,0,4.4
TX002392,depot,9950.0,5.19,66190.0,2,1690,0,9.1
TX002393,paiement_marchand,1470.0,12.23,55600.0,5,719,0,1.8
TX002394,paiement_marchand,1880.0,14.86,32910.0,5,1409,0,1.5
TX002395,transfert,23900.0,12.73,136950.0,2,2157,0,0.1
TX002396,paiement_marchand,1930.0,17.66,35060.0,3,2023,0,6.3
TX002397,transfert,8640.0,13.44,17650.0,3,1378,0,2.0
TX002398,transfert,9760.0,11.47,77870.0,7,388,0,0.5
TX002399,retrait,1380.0,20.14,38280.0,4,2339,0,3.2
TX002400,transfert,10690.0,12.16,35630.0,6,159,0,2.8
TX002401,paiement_marchand,640.0,13.71,26490.0,3,2453,0,8.5
TX002402,transfert,4960.0,22.08,45550.0,3,1946,0,0.2
TX002403,depot,9340.0,12.16,40100.0,3,2167,0,2.2
TX002404,depot,9540.0,17.59,188470.0,3,2893,0,6.8
TX002405,depot,56290.0,13.88,288100.0,5,313,0,4.3
TX002406,transfert,16790.0,18.03,60430.0,2,734,0,1.4
TX002407,retrait,7770.0,19.45,32230.0,6,327,0,0.1
TX002408,retrait,7260.0,11.71,56180.0,5,1656,0,0.3
TX002409,retrait,2530.0,15.59,36250.0,6,2541,0,0.4
TX002410,depot,38170.0,7.82,112980.0,1,2966,0,2.2
TX002411,paiement_marchand,6360.0,15.6,125580.0,7,572,0,1.0
TX002412,transfert,9420.0,23.2,91700.0,5,975,0,0.6
TX002413,depot,8980.0,13.73,514430.0,2,2022,0,6.7
TX002414,depot,35200.0,16.4,82500.0,5,999,0,0.1
TX002415,transfert,5290.0,9.96,204170.0,7,1191,0,3.4
TX002416,depot,61400.0,16.83,76630.0,4,100,0,0.0
TX002417,transfert,14070.0,18.45,241270.0,5,263,0,3.2
TX002418,depot,72490.0,14.6,107170.0,4,978,0,0.0
TX002419,paiement_marchand,4300.0,17.21,137120.0,1,2873,0,0.2
TX002420,retrait,6320.0,11.13,41300.0,2,2020,0,2.2
TX002421,retrait,35740.0,16.64,134420.0,5,1011,0,2.6
TX002422,retrait,28530.0,17.84,43800.0,3,1102,0,1.8
TX002423,paiement_marchand,3400.0,13.18,122270.0,4,1117,0,0.9
TX002424,paiement_marchand,6980.0,11.45,34060.0,6,1089,0,4.8
TX002425,paiement_marchand,3360.0,15.18,255480.0,5,1306,0,1.7
TX002426,retrait,57670.0,12.51,242500.0,1,2990,0,5.7
TX002427,depot,6230.0,13.78,26860.0,7,206,0,3.1
TX002428,transfert,12140.0,15.41,49120.0,5,670,0,26.5
TX002429,paiement_marchand,770.0,11.18,211240.0,2,2457,0,2.0
TX002430,retrait,9790.0,18.17,91380.0,6,1182,0,5.3
TX002431,transfert,12970.0,13.76,58900.0,3,926,0,5.8
TX002432,paiement_marchand,3390.0,11.99,91200.0,4,1330,0,3.3
TX002433,paiement_marchand,720.0,16.96,129410.0,5,2137,0,1.6
TX002434,retrait,65550.0,10.22,120990.0,3,2190,0,4.4
TX002435,transfert,1840.0,15.18,151750.0,5,2818,0,13.3
TX002436,paiement_marchand,3350.0,18.66,24250.0,2,2661,0,1.5
TX002437,transfert,4260.0,12.66,43320.0,3,1146,0,2.6
TX002438,transfert,4760.0,13.48,58330.0,5,2669,0,7.5
TX002439,retrait,46060.0,16.73,117470.0,8,516,1,6.3
TX002440,depot,19890.0,14.48,50210.0,1,1248,0,5.1
TX002441,transfert,5380.0,16.35,46840.0,3,1510,0,3.2
TX002442,transfert,15480.0,11.42,82300.0,4,2658,0,0.8
TX002443,paiement_marchand,910.0,23.99,22130.0,2,2885,0,10.5
TX002444,depot,5880.0,11.75,201740.0,6,1047,0,0.7
TX002445,paiement_marchand,3120.0,13.1,72270.0,3,2307,0,4.2
TX002446,retrait,20850.0,14.65,42590.0,4,962,0,19.0
TX002447,transfert,17410.0,15.11,54070.0,3,2687,0,3.1
TX002448,transfert,11120.0,15.28,60030.0,2,1343,0,5.8
TX002449,retrait,11830.0,22.39,80960.0,3,2778,0,1.7
TX002450,paiement_marchand,27800.0,12.04,87690.0,2,2318,0,2.9
TX002451,depot,13710.0,15.49,53490.0,8,2198,0,3.9
TX002452,transfert,16440.0,13.48,19750.0,50,4,0,1.0
TX002453,retrait,6370.0,15.63,45500.0,4,941,0,3.9
TX002454,retrait,18770.0,20.68,160030.0,8,139,0,2.3
TX002455,retrait,4430.0,22.46,65550.0,8,1249,0,5.0
TX002456,paiement_marchand,1240.0,11.23,16630.0,1,2340,0,1.3
TX002457,retrait,35380.0,16.2,124860.0,6,140,0,8.9
TX002458,paiement_marchand,5040.0,19.46,63900.0,4,1581,0,5.7
TX002459,retrait,10150.0,10.48,64010.0,4,959,0,10.2
TX002460,transfert,2860.0,12.87,41460.0,2,2686,0,1.1
TX002461,transfert,18590.0,10.79,118350.0,3,2976,0,0.6
TX002462,paiement_marchand,3650.0,5.02,36560.0,4,658,0,12.3
TX002463,paiement_marchand,2740.0,14.81,75880.0,4,2357,0,2.6
TX002464,depot,15350.0,12.04,48680.0,5,2831,0,3.9
TX002465,paiement_marchand,3610.0,12.49,137250.0,6,838,0,2.7
TX002466,transfert,8250.0,17.56,95270.0,3,1731,0,0.4
TX002467,transfert,12180.0,8.31,50890.0,5,2701,0,3.3
TX002468,depot,26400.0,2.28,51150.0,4,646,0,7.8
TX002469,depot,29720.0,16.52,86180.0,4,1621,0,4.4
TX002470,transfert,38160.0,15.17,203830.0,2,825,0,5.4
TX002471,paiement_marchand,3640.0,15.96,22710.0,4,2076,0,0.1
TX002472,retrait,11340.0,14.51,158040.0,3,997,0,2.3
TX002473,transfert,13560.0,9.84,713310.0,5,1349,0,3.4
TX002474,retrait,10120.0,21.21,40630.0,3,1116,0,2.5
TX002475,paiement_marchand,2480.0,7.61,18020.0,4,1224,0,7.3
TX002476,transfert,3890.0,14.71,8450.0,4,1848,0,10.5
TX002477,paiement_marchand,1710.0,8.66,110600.0,3,2278,0,0.2
TX002478,retrait,3760.0,16.41,117790.0,4,939,0,16.1
TX002479,transfert,4390.0,10.88,269410.0,5,487,0,6.4
TX002480,transfert,24410.0,10.57,32580.0,37,3,0,5.3
TX002481,paiement_marchand,3340.0,10.65,36260.0,4,2223,0,10.1
TX002482,transfert,26230.0,7.97,45780.0,1,2361,0,3.3
TX002483,retrait,9170.0,17.76,27730.0,4,1645,0,5.4
TX002484,depot,30400.0,11.45,441230.0,3,262,0,15.7
TX002485,retrait,5370.0,13.19,90250.0,8,256,0,9.8
TX002486,depot,6660.0,11.75,16350.0,6,141,0,2.3
TX002487,paiement_marchand,1650.0,12.06,118020.0,4,244,0,2.0
TX002488,paiement_marchand,1280.0,20.69,520190.0,2,2413,0,6.4
TX002489,depot,24320.0,21.68,44740.0,3,1205,0,3.0
TX002490,retrait,14570.0,21.79,187850.0,6,2764,0,1.5
TX002491,transfert,11550.0,16.47,183390.0,3,355,0,1.2
TX002492,transfert,383600.0,2.73,405700.0,1,1361,1,199.7
TX002493,depot,10020.0,9.28,88490.0,4,1679,0,1.3
TX002494,transfert,5500.0,15.25,144770.0,3,2517,0,0.7
TX002495,depot,10380.0,7.61,253710.0,3,276,0,0.3
TX002496,depot,20350.0,21.83,55490.0,4,2864,0,1.3
TX002497,retrait,45000.0,7.31,69590.0,3,1131,0,2.7
TX002498,transfert,12630.0,9.03,40070.0,6,1987,0,4.8
TX002499,transfert,2860.0,15.66,73110.0,5,358,0,4.4
TX002500,depot,23740.0,12.83,129220.0,4,1166,0,5.8
TX002501,depot,19690.0,11.23,108870.0,3,2490,0,16.2
TX002502,depot,11950.0,15.23,132280.0,3,2363,0,6.0
TX002503,retrait,8660.0,13.72,97210.0,2,2457,0,0.3
TX002504,paiement_marchand,1230.0,16.4,156510.0,4,665,0,1.1
TX002505,retrait,15960.0,17.85,65210.0,6,701,0,5.5
TX002506,retrait,19940.0,14.54,379370.0,4,1078,0,9.3
TX002507,retrait,20160.0,14.35,28970.0,2,1840,0,0.6
TX002508,depot,5380.0,14.42,480860.0,5,620,0,4.9
TX002509,transfert,14960.0,11.38,299070.0,3,945,0,1.8
TX002510,depot,32610.0,7.31,143490.0,1,2947,0,0.5
TX002511,paiement_marchand,4240.0,10.6,355380.0,4,2641,0,1.0
TX002512,transfert,33700.0,18.54,226160.0,6,1213,0,2.5
TX002513,retrait,24280.0,11.5,90640.0,3,2791,0,7.9
TX002514,paiement_marchand,890.0,13.59,19320.0,4,727,1,3.4
TX002515,paiement_marchand,1480.0,14.75,85980.0,4,1130,1,12.2
TX002516,transfert,4930.0,21.37,100440.0,6,1640,1,10.6
TX002517,retrait,29370.0,13.0,46760.0,8,979,0,7.6
TX002518,retrait,30760.0,16.85,65370.0,3,327,0,8.3
TX002519,transfert,10070.0,10.56,50610.0,8,1350,0,1.5
TX002520,paiement_marchand,1840.0,9.78,92770.0,2,1850,0,4.2
TX002521,transfert,3400.0,19.74,50260.0,6,2286,0,1.0
TX002522,transfert,195660.0,2.15,205550.0,2,1719,1,286.0
TX002523,transfert,11760.0,11.67,321840.0,2,2808,0,2.0
TX002524,depot,7660.0,18.03,12000.0,3,226,0,2.3
TX002525,depot,15920.0,18.56,264990.0,2,815,0,5.3
TX002526,transfert,11970.0,9.28,64140.0,7,2840,0,2.4
TX002527,transfert,16810.0,20.82,25130.0,3,2551,0,0.0
TX002528,transfert,9180.0,22.24,28400.0,3,411,0,0.8
TX002529,retrait,8860.0,18.34,123570.0,6,362,0,0.0
TX002530,retrait,2740.0,17.51,16640.0,4,2017,0,2.4
TX002531,retrait,13690.0,12.72,69830.0,4,2731,0,6.1
TX002532,retrait,20410.0,12.41,141060.0,3,1002,0,3.3
TX002533,paiement_marchand,1920.0,9.42,293200.0,2,2223,0,1.0
TX002534,depot,20980.0,17.95,90170.0,6,1498,0,0.7
TX002535,depot,33060.0,14.09,49370.0,5,2639,0,1.3
TX002536,depot,12260.0,12.85,86160.0,3,1115,0,1.3
TX002537,retrait,14080.0,13.64,94710.0,4,2141,0,1.0
TX002538,depot,9580.0,15.61,113520.0,3,2204,0,7.5
TX002539,retrait,10760.0,8.13,24160.0,4,523,1,0.7
TX002540,paiement_marchand,3020.0,6.32,49460.0,6,967,0,7.9
TX002541,transfert,9130.0,13.94,49330.0,3,2664,0,0.1
TX002542,depot,21670.0,18.68,235610.0,2,560,0,0.7
TX002543,retrait,15450.0,19.14,37110.0,7,2249,0,1.4
TX002544,retrait,9090.0,11.51,13940.0,4,237,0,3.6
TX002545,depot,26030.0,15.54,99120.0,1,377,0,1.0
TX002546,transfert,6280.0,16.69,190330.0,4,2906,0,1.6
TX002547,depot,31430.0,9.12,34150.0,5,1731,0,11.4
TX002548,transfert,2380.0,10.27,29070.0,2,1200,0,9.2
TX002549,retrait,3700.0,14.69,49940.0,4,2477,0,1.0
TX002550,depot,10250.0,12.32,140170.0,5,219,0,6.6
TX002551,paiement_marchand,4050.0,13.35,38670.0,4,1051,0,2.6
TX002552,transfert,5510.0,12.39,59070.0,2,831,0,3.6
TX002553,depot,81030.0,13.72,371630.0,3,2199,0,4.5
TX002554,paiement_marchand,2710.0,10.32,834840.0,3,753,0,13.0
TX002555,depot,21740.0,16.65,113360.0,5,767,0,0.8
TX002556,depot,30330.0,6.77,59370.0,4,874,0,8.7
TX002557,depot,6940.0,19.49,44310.0,5,156,0,1.0
TX002558,transfert,9150.0,15.36,153510.0,3,1224,0,6.5
TX002559,depot,16760.0,1.01,81040.0,2,2881,0,0.7
TX002560,paiement_marchand,2740.0,5.74,148980.0,4,138,0,9.4
TX002561,retrait,13920.0,13.21,26030.0,4,1318,0,0.4
TX002562,depot,24060.0,8.66,635110.0,3,2508,0,1.2
TX002563,transfert,1490.0,15.23,401420.0,6,2554,0,1.3
TX002564,paiement_marchand,510.0,13.86,155740.0,6,1533,0,0.0
TX002565,paiement_marchand,4180.0,20.48,30740.0,6,531,0,6.6
TX002566,retrait,1950.0,13.3,452550.0,3,2996,0,8.5
TX002567,paiement_marchand,3660.0,14.67,50900.0,4,2732,0,0.4
TX002568,transfert,6750.0,15.01,56370.0,2,1474,0,1.2
TX002569,retrait,4960.0,3.38,114850.0,7,1814,0,13.4
TX002570,retrait,456430.0,3.72,491150.0,1,853,1,355.0
TX002571,paiement_marchand,1290.0,12.97,11170.0,2,952,0,5.9
TX002572,transfert,3480.0,12.51,212730.0,3,2554,0,7.7
TX002573,retrait,16740.0,7.33,34850.0,7,299,0,9.0
TX002574,retrait,8240.0,12.45,31170.0,3,2652,1,17.5
TX002575,depot,11900.0,17.42,70210.0,6,2721,0,13.7
TX002576,transfert,3560.0,13.12,558340.0,5,2705,0,8.4
TX002577,retrait,2120.0,18.8,84910.0,2,637,0,0.9
TX002578,transfert,11420.0,10.82,100910.0,2,1528,0,10.9
TX002579,retrait,139470.0,3.31,140640.0,2,1865,1,366.2
TX002580,retrait,12330.0,17.83,402980.0,4,1953,0,1.2
TX002581,paiement_marchand,3540.0,9.15,157870.0,9,2368,0,1.4
TX002582,retrait,2570.0,11.82,39930.0,7,2744,0,1.1
TX002583,retrait,4100.0,9.29,55410.0,3,1802,0,0.9
TX002584,paiement_marchand,1910.0,12.38,75020.0,7,2996,0,17.1
TX002585,depot,43590.0,13.36,151500.0,1,276,0,2.3
TX002586,retrait,16440.0,10.91,90060.0,7,2441,0,4.0
TX002587,paiement_marchand,1150.0,7.34,90730.0,4,2329,0,3.6
TX002588,paiement_marchand,2540.0,8.69,51720.0,5,1120,0,1.0
TX002589,paiement_marchand,2050.0,13.6,126760.0,3,1011,0,1.4
TX002590,retrait,13930.0,12.45,52670.0,6,1120,0,2.4
TX002591,paiement_marchand,1430.0,13.91,77210.0,5,1080,0,4.5
TX002592,transfert,13250.0,14.65,46770.0,5,1122,0,1.0
TX002593,transfert,15390.0,17.56,73070.0,3,2717,0,1.7
TX002594,transfert,946980.0,1.44,977810.0,2,588,1,266.4
TX002595,transfert,13760.0,7.34,211230.0,3,1211,0,1.1
TX002596,depot,11950.0,5.85,27660.0,5,2075,0,2.0
TX002597,paiement_marchand,1290.0,23.99,132430.0,1,2907,0,2.2
TX002598,paiement_marchand,3580.0,11.18,212400.0,4,1649,0,1.8
TX002599,retrait,7790.0,16.83,24450.0,6,1950,0,6.7
TX002600,retrait,9440.0,13.98,180700.0,2,2712,0,0.4
TX002601,transfert,4870.0,12.4,94000.0,7,1312,0,1.5
TX002602,retrait,19820.0,15.27,265450.0,5,761,0,4.7
TX002603,paiement_marchand,1040.0,12.53,43940.0,5,2812,0,11.6
TX002604,depot,18080.0,13.08,265980.0,3,1292,0,0.1
TX002605,depot,88520.0,13.07,470050.0,4,684,0,9.0
TX002606,retrait,8910.0,8.83,16520.0,5,216,0,3.1
TX002607,transfert,8140.0,16.21,142340.0,4,2082,0,6.9
TX002608,retrait,6190.0,12.29,45860.0,6,2228,0,5.9
TX002609,transfert,15690.0,9.7,428370.0,3,2571,0,3.5
TX002610,transfert,820.0,23.99,21720.0,3,2168,0,2.3
TX002611,paiement_marchand,10790.0,15.41,181400.0,1,1335,0,5.4
TX002612,transfert,9190.0,3.13,91090.0,3,2777,0,4.7
TX002613,depot,31710.0,14.12,59670.0,4,2556,0,1.9
TX002614,depot,6270.0,10.77,35350.0,4,2671,0,3.5
TX002615,transfert,10510.0,15.18,302020.0,4,2426,0,1.1
TX002616,retrait,3860.0,6.89,16320.0,4,2360,0,1.7
TX002617,retrait,13780.0,10.51,45010.0,1,1298,0,0.2
TX002618,transfert,14270.0,12.21,110250.0,1,336,0,1.4
TX002619,transfert,2920.0,14.37,56720.0,2,1224,0,2.6
TX002620,retrait,36680.0,19.55,103400.0,2,676,0,1.2
TX002621,retrait,4290.0,14.72,68660.0,8,2494,1,5.0
TX002622,depot,16600.0,9.42,81780.0,3,78,0,2.2
TX002623,retrait,7080.0,9.51,137410.0,4,1820,0,5.1
TX002624,retrait,3850.0,14.43,37610.0,5,1526,0,0.1
TX002625,paiement_marchand,3760.0,18.08,32380.0,2,1015,0,0.9
TX002626,retrait,13830.0,14.64,27180.0,2,2118,0,0.8
TX002627,paiement_marchand,3140.0,23.21,232920.0,6,639,0,4.1
TX002628,transfert,20200.0,6.56,36430.0,5,665,0,4.9
TX002629,retrait,31050.0,20.39,139120.0,3,1296,0,0.4
TX002630,depot,3120.0,16.52,59470.0,3,2472,0,5.6
TX002631,retrait,10850.0,15.14,36780.0,4,30,0,6.9
TX002632,transfert,2400.0,18.16,50700.0,4,722,0,12.4
TX002633,paiement_marchand,4280.0,16.05,40560.0,2,1670,0,2.0
TX002634,transfert,5160.0,6.98,104890.0,4,2161,0,9.6
TX002635,paiement_marchand,4980.0,19.79,43400.0,3,1394,0,9.1
TX002636,retrait,11660.0,13.47,29020.0,3,1409,0,4.1
TX002637,depot,28560.0,5.58,61550.0,5,1921,0,0.9
TX002638,paiement_marchand,13840.0,14.05,30450.0,6,231,0,6.8
TX002639,transfert,2120.0,16.04,30720.0,2,880,0,3.7
TX002640,paiement_marchand,3620.0,11.17,54920.0,1,747,0,1.5
TX002641,transfert,13610.0,11.97,106290.0,4,2060,0,4.2
TX002642,paiement_marchand,1990.0,10.63,70580.0,3,448,0,1.9
TX002643,transfert,18230.0,13.04,111450.0,4,481,0,3.8
TX002644,transfert,2100.0,10.08,24630.0,4,789,0,0.9
TX002645,depot,20620.0,16.33,52940.0,6,2473,0,0.5
TX002646,depot,6200.0,20.41,211620.0,4,1533,0,0.2
TX002647,transfert,590.0,18.32,139070.0,1,1369,0,3.6
TX002648,depot,3700.0,14.49,102800.0,8,885,0,12.0
TX002649,retrait,14650.0,12.6,83220.0,5,495,0,5.9
TX002650,paiement_marchand,11860.0,14.95,330700.0,2,621,0,0.1
TX002651,paiement_marchand,3050.0,10.18,75180.0,3,2706,0,0.7
TX002652,retrait,9530.0,4.95,16600.0,3,1797,0,0.2
TX002653,paiement_marchand,460.0,17.07,27200.0,3,432,0,0.4
TX002654,depot,21790.0,10.07,48680.0,3,161,0,1.2
TX002655,depot,47170.0,17.98,88360.0,5,502,0,3.7
TX002656,depot,31270.0,13.76,393330.0,5,2850,0,1.3
TX002657,retrait,4600.0,15.53,31780.0,2,2151,0,3.7
TX002658,paiement_marchand,2610.0,9.97,570520.0,6,1030,0,1.8
TX002659,transfert,3920.0,8.07,77820.0,6,2545,0,3.8
TX002660,transfert,6310.0,13.88,12550.0,2,2586,0,1.2
TX002661,depot,24320.0,16.34,119890.0,4,1821,0,5.1
TX002662,depot,31970.0,9.43,139390.0,3,2113,0,3.4
TX002663,transfert,5150.0,14.32,24560.0,3,1224,0,0.1
TX002664,transfert,1970.0,15.24,58550.0,4,244,0,9.6
TX002665,depot,7830.0,9.04,52750.0,3,1541,0,8.8
TX002666,transfert,13480.0,14.94,46130.0,9,2947,0,16.4
TX002667,retrait,10780.0,20.34,18620.0,4,2202,0,7.1
TX002668,retrait,6940.0,13.77,17520.0,4,1458,0,0.3
TX002669,transfert,15750.0,10.62,297900.0,4,2599,0,4.4
TX002670,transfert,9570.0,19.11,21160.0,5,399,0,2.5
TX002671,retrait,10250.0,8.79,29460.0,1,2588,0,4.5
TX002672,retrait,4800.0,15.14,113810.0,1,1791,0,3.5
TX002673,paiement_marchand,17550.0,10.12,72480.0,6,2165,0,4.3
TX002674,transfert,3990.0,11.75,49990.0,3,2165,0,0.2
TX002675,transfert,8280.0,11.83,54140.0,4,173,0,0.5
TX002676,transfert,11520.0,10.39,30180.0,4,2639,0,0.1
TX002677,transfert,10170.0,13.83,29300.0,2,2032,0,11.0
TX002678,retrait,9110.0,11.31,34530.0,6,1570,0,0.5
TX002679,paiement_marchand,5820.0,8.77,37200.0,4,1059,0,1.3
TX002680,depot,23340.0,16.42,42150.0,5,1278,0,3.7
TX002681,retrait,36910.0,12.9,70370.0,6,1880,0,0.3
TX002682,retrait,36240.0,6.38,160050.0,4,2189,0,6.7
TX002683,depot,22980.0,12.84,36020.0,8,1553,0,1.0
TX002684,paiement_marchand,2235600.0,14.87,2823770.0,7,352,0,10.8
TX002685,transfert,26580.0,12.97,113170.0,7,1869,0,1.2
TX002686,paiement_marchand,2020.0,9.61,111170.0,7,160,0,1.8
TX002687,retrait,5550.0,12.7,45610.0,2,1659,0,3.2
TX002688,paiement_marchand,5350.0,16.86,27530.0,6,1466,0,2.4
TX002689,depot,26680.0,12.43,56760.0,2,1149,0,1.9
TX002690,retrait,13130.0,10.18,91800.0,4,2380,0,1.1
TX002691,transfert,4350.0,12.87,108500.0,4,1513,0,8.8
TX002692,depot,18410.0,8.06,135270.0,3,1042,0,1.6
TX002693,paiement_marchand,1340.0,14.49,124190.0,5,238,0,4.5
TX002694,depot,4860.0,16.21,51050.0,5,353,0,0.4
TX002695,depot,15440.0,14.02,155230.0,5,94,0,2.2
TX002696,retrait,12750.0,19.07,21540.0,6,657,0,0.1
TX002697,retrait,38760.0,9.45,54660.0,2,2912,0,11.0
TX002698,transfert,1080.0,16.09,88520.0,4,2989,0,0.8
TX002699,transfert,21600.0,12.36,236550.0,2,693,0,5.5
TX002700,depot,7790.0,19.2,161040.0,4,1088,0,3.0
TX002701,transfert,7800.0,18.99,18210.0,3,598,0,5.8
TX002702,retrait,22870.0,10.57,83260.0,8,1177,0,2.1
TX002703,paiement_marchand,1370.0,11.73,11570.0,5,859,0,3.8
TX002704,depot,8880.0,18.39,34540.0,10,2652,0,8.7
TX002705,transfert,16060.0,18.03,96070.0,4,1847,0,4.1
TX002706,paiement_marchand,1420.0,15.63,17340.0,3,2513,0,2.6
TX002707,paiement_marchand,960.0,10.21,33420.0,6,1326,0,7.7
TX002708,transfert,6370.0,8.94,81610.0,5,817,0,6.6
TX002709,paiement_marchand,640.0,23.99,114530.0,2,2710,0,3.5
TX002710,retrait,47230.0,13.47,91850.0,3,2327,0,0.2
TX002711,transfert,127410.0,2.09,134700.0,3,2960,1,80.0
TX002712,depot,11570.0,18.58,18920.0,5,304,0,1.2
TX002713,transfert,5400.0,19.85,225530.0,4,1560,0,3.1
TX002714,retrait,4130.0,20.45,23760.0,3,399,0,24.2
TX002715,retrait,19140.0,9.74,40650.0,7,174,0,2.0
TX002716,transfert,14920.0,15.35,200740.0,5,868,0,1.4
TX002717,depot,6370.0,18.06,43720.0,3,519,0,0.7
TX002718,depot,18850.0,13.18,38790.0,6,1371,0,0.6
TX002719,retrait,9050.0,20.19,13560.0,1,1240,0,3.1
TX002720,transfert,4920.0,13.33,37050.0,5,244,0,3.6
TX002721,depot,18170.0,8.13,46480.0,3,1750,0,0.3
TX002722,paiement_marchand,2450.0,12.52,96970.0,3,1322,0,2.8
TX002723,depot,27000.0,15.47,45670.0,4,2511,0,0.1
TX002724,paiement_marchand,530.0,13.69,165380.0,5,1055,0,1.5
TX002725,transfert,6710.0,7.31,43910.0,2,2715,0,0.8
TX002726,paiement_marchand,2010.0,19.09,75620.0,8,773,0,1.6
TX002727,transfert,10350.0,14.78,25960.0,3,1901,0,15.3
TX002728,transfert,28440.0,13.42,50360.0,10,2977,0,10.0
TX002729,retrait,9670.0,8.99,25810.0,2,1980,0,0.8
TX002730,transfert,6320.0,11.93,41820.0,4,2784,0,5.1
TX002731,paiement_marchand,3420.0,10.21,105020.0,5,390,0,3.0
TX002732,paiement_marchand,1070.0,16.86,86140.0,2,1692,0,1.3
TX002733,transfert,7140.0,14.4,21020.0,1,2376,0,0.8
TX002734,transfert,26320.0,8.92,191210.0,2,530,0,3.2
TX002735,transfert,6640.0,12.34,27180.0,3,993,0,4.4
TX002736,retrait,23750.0,15.06,196890.0,6,2047,0,2.7
TX002737,retrait,17700.0,17.53,82150.0,5,1153,0,2.4
TX002738,depot,26530.0,17.27,71580.0,3,1765,0,2.8
TX002739,paiement_marchand,4770.0,15.8,201350.0,6,2273,0,1.3
TX002740,depot,24860.0,11.09,164930.0,3,562,0,3.0
TX002741,retrait,25580.0,20.99,82650.0,2,363,0,8.0
TX002742,depot,21440.0,10.49,123700.0,8,1620,0,13.0
TX002743,transfert,1870.0,11.89,159390.0,6,2046,0,1.7
TX002744,transfert,14240.0,15.15,30510.0,6,1185,0,4.1
TX002745,retrait,8130.0,17.81,51290.0,6,1809,0,7.3
TX002746,depot,27530.0,14.58,91750.0,3,1703,0,1.2
TX002747,transfert,10400.0,14.64,23610.0,4,1808,0,8.8
TX002748,paiement_marchand,5230.0,14.33,88610.0,4,2741,0,5.7
TX002749,transfert,15930.0,17.04,283630.0,3,2391,1,2.1
TX002750,paiement_marchand,4300.0,19.37,59500.0,2,1083,0,5.7
TX002751,depot,21410.0,12.82,25820.0,2,1147,0,4.5
TX002752,transfert,13360.0,12.93,48140.0,4,1550,0,5.2
TX002753,retrait,53060.0,16.77,163040.0,3,552,0,0.3
TX002754,paiement_marchand,7120.0,12.88,104920.0,4,2045,0,1.0
TX002755,retrait,12560.0,15.07,99780.0,4,1249,0,0.4
TX002756,retrait,9930.0,20.93,29100.0,1,2168,0,4.7
TX002757,transfert,2210.0,9.69,67190.0,2,1704,0,4.0
TX002758,paiement_marchand,2580.0,6.05,41150.0,3,1030,0,3.9
TX002759,retrait,7650.0,10.23,105400.0,4,2776,0,1.4
TX002760,depot,26170.0,14.21,484050.0,8,2932,0,0.5
TX002761,paiement_marchand,1540.0,14.39,19840.0,3,1895,0,5.2
TX002762,transfert,5430.0,9.93,272830.0,3,1042,0,13.6
TX002763,paiement_marchand,10430.0,12.31,47580.0,5,1929,0,9.2
TX002764,transfert,4230.0,13.47,188430.0,4,2822,0,0.9
TX002765,retrait,16100.0,8.41,63670.0,8,343,0,8.8
TX002766,depot,12380.0,7.83,54300.0,3,1891,0,0.9
TX002767,paiement_marchand,3790.0,5.09,38450.0,2,1414,0,4.0
TX002768,depot,11400.0,12.86,22110.0,6,2176,0,0.5
TX002769,paiement_marchand,1000.0,13.03,38090.0,4,1026,0,13.2
TX002770,depot,22360.0,13.74,71880.0,4,740,0,4.0
TX002771,paiement_marchand,2580.0,10.65,35060.0,5,2494,1,1.2
TX002772,depot,15770.0,10.57,188990.0,3,132,0,4.6
TX002773,transfert,8100.0,9.65,48320.0,1,2498,0,1.7
TX002774,paiement_marchand,1740.0,17.19,4810.0,2,944,0,0.7
TX002775,depot,17070.0,13.61,29550.0,2,1301,0,3.4
TX002776,retrait,47300.0,13.56,59530.0,4,2133,0,0.2
TX002777,retrait,59780.0,15.12,101590.0,10,1988,0,7.4
TX002778,transfert,8600.0,10.9,139670.0,5,1313,0,6.5
TX002779,depot,4280.0,15.81,10500.0,2,2848,0,2.5
TX002780,paiement_marchand,8650.0,18.31,45670.0,5,1625,0,0.7
TX002781,transfert,5790.0,8.46,19090.0,4,759,0,2.7
TX002782,depot,6950.0,9.36,44520.0,3,242,0,15.3
TX002783,retrait,6240.0,16.31,249630.0,5,450,0,5.1
TX002784,paiement_marchand,3880.0,13.68,29200.0,5,1509,0,3.1
TX002785,depot,37390.0,13.86,66390.0,4,2539,0,2.6
TX002786,depot,10140.0,14.18,78840.0,1,351,0,4.2
TX002787,retrait,119380.0,19.36,145780.0,3,2801,0,1.3
TX002788,transfert,3960.0,12.81,87410.0,4,411,0,2.2
TX002789,depot,13150.0,12.58,29430.0,5,1754,0,0.5
TX002790,transfert,13850.0,19.59,61620.0,3,269,0,0.0
TX002791,depot,21310.0,18.72,94730.0,2,2022,0,6.3
TX002792,paiement_marchand,1220.0,15.96,64350.0,2,2132,0,4.3
TX002793,depot,6380.0,10.57,35460.0,3,572,0,2.4
TX002794,depot,24150.0,17.34,95890.0,3,2420,0,5.9
TX002795,retrait,10800.0,8.02,91410.0,4,897,0,1.1
TX002796,depot,16370.0,12.7,199320.0,4,208,0,15.7
TX002797,depot,42220.0,15.6,96090.0,5,2686,0,5.2
TX002798,depot,42080.0,11.19,81420.0,3,341,0,8.7
TX002799,transfert,19640.0,15.63,248080.0,4,2291,0,1.5
TX002800,paiement_marchand,800.0,11.13,156420.0,2,2534,0,7.7
TX002801,depot,11090.0,7.47,171920.0,4,2953,0,0.8
TX002802,depot,4420.0,14.44,40810.0,6,2755,0,7.0
TX002803,retrait,9070.0,17.08,29010.0,1,2305,0,2.4
TX002804,retrait,17210.0,13.19,232220.0,5,2432,0,1.0
TX002805,retrait,38530.0,12.18,53900.0,4,2829,0,6.7
TX002806,transfert,10110.0,12.99,34850.0,2,2647,0,7.4
TX002807,transfert,9330.0,8.93,178140.0,5,649,0,1.3
TX002808,depot,17850.0,15.14,78700.0,6,2264,0,1.8
TX002809,transfert,6620.0,15.5,53040.0,3,1379,0,0.4
TX002810,depot,4260.0,14.06,245740.0,3,2595,0,1.2
TX002811,transfert,3480.0,10.32,89090.0,5,2372,0,3.1
TX002812,transfert,17890.0,10.68,87030.0,2,2173,0,0.7
TX002813,depot,19810.0,8.7,150740.0,5,2805,0,9.8
TX002814,paiement_marchand,5830.0,12.3,185600.0,3,1523,0,1.6
TX002815,depot,10870.0,7.86,122910.0,2,824,0,4.7
TX002816,paiement_marchand,1100.0,13.94,7520.0,3,673,0,0.6
TX002817,transfert,9860.0,15.36,114330.0,9,230,0,2.4
TX002818,depot,12990.0,16.74,93940.0,3,2998,0,1.1
TX002819,retrait,11280.0,12.99,53350.0,6,2740,0,5.0
TX002820,retrait,14290.0,6.37,61160.0,6,1968,0,2.6
TX002821,depot,45500.0,13.97,157890.0,2,2118,0,0.6
TX002822,transfert,3620.0,12.79,64040.0,5,2736,0,0.7
TX002823,paiement_marchand,9710.0,14.54,23740.0,5,554,0,6.9
TX002824,depot,10910.0,11.01,25020.0,2,1921,0,0.1
TX002825,depot,83620.0,15.66,158240.0,3,1818,0,0.6
TX002826,transfert,11430.0,19.27,28920.0,4,2662,0,0.1
TX002827,depot,147100.0,17.91,381780.0,4,161,0,1.3
TX002828,retrait,4130.0,13.32,25650.0,6,1778,0,0.5
TX002829,retrait,25450.0,10.18,68910.0,4,691,0,0.8
TX002830,transfert,9400.0,6.74,60640.0,5,68,1,6.5
TX002831,transfert,25790.0,11.29,190270.0,2,1598,0,1.2
TX002832,transfert,2380.0,18.44,62320.0,3,1820,0,3.5
TX002833,depot,35100.0,16.05,89500.0,4,704,0,0.1
TX002834,retrait,36260.0,13.38,88910.0,3,2987,0,0.8
TX002835,retrait,7040.0,3.12,35950.0,5,1855,0,8.1
TX002836,retrait,32870.0,13.27,98580.0,1,379,0,2.0
TX002837,transfert,18940.0,14.3,434790.0,3,696,0,3.0
TX002838,depot,115920.0,9.19,165220.0,8,927,0,2.6
TX002839,depot,40970.0,10.43,120870.0,5,1506,0,5.1
TX002840,depot,24390.0,12.41,519080.0,7,2420,0,13.4
TX002841,paiement_marchand,3460.0,15.0,54010.0,3,1985,0,10.0
TX002842,paiement_marchand,2300.0,14.52,123820.0,4,629,0,2.9
TX002843,transfert,4090.0,10.33,31150.0,4,487,0,7.7
TX002844,retrait,122610.0,12.76,155640.0,2,1373,0,5.2
TX002845,paiement_marchand,4810.0,10.34,121760.0,2,2548,0,0.2
TX002846,retrait,76610.0,11.51,110140.0,1,1744,0,2.6
TX002847,paiement_marchand,5430.0,14.63,111960.0,2,2650,0,26.7
TX002848,depot,4120.0,23.99,91570.0,2,1796,0,3.8
TX002849,transfert,32200.0,14.48,781140.0,3,567,0,1.7
TX002850,depot,6820.0,6.97,36330.0,7,1398,0,0.1
TX002851,transfert,10640.0,11.52,1033780.0,4,354,0,2.1
TX002852,retrait,14410.0,19.78,27080.0,1,2350,0,4.0
TX002853,depot,49670.0,10.1,65970.0,4,2490,0,3.2
TX002854,retrait,21080.0,6.6,40520.0,6,2748,0,3.3
TX002855,retrait,17240.0,13.95,73330.0,3,1423,0,0.2
TX002856,retrait,10160.0,11.87,54520.0,3,2140,0,3.2
TX002857,transfert,3270.0,9.22,158500.0,2,823,0,10.4
TX002858,retrait,19640.0,10.48,91070.0,4,1585,0,1.1
TX002859,retrait,16400.0,18.31,41770.0,3,2723,0,1.9
TX002860,transfert,2080.0,16.62,167260.0,7,1607,0,9.9
TX002861,paiement_marchand,4100.0,5.97,94400.0,4,1732,0,0.3
TX002862,transfert,2320.0,20.41,98140.0,3,861,0,1.7
TX002863,retrait,6720.0,9.7,73900.0,3,1950,0,10.3
TX002864,depot,2650.0,14.14,33480.0,3,841,0,7.0
TX002865,transfert,4840.0,11.32,26960.0,3,2728,0,0.0
TX002866,transfert,10160.0,14.32,40860.0,2,1387,0,2.4
TX002867,transfert,8680.0,12.13,109960.0,3,637,0,3.8
TX002868,retrait,3230.0,14.31,35920.0,7,2640,0,2.9
TX002869,depot,8080.0,19.74,78210.0,5,1825,0,5.3
TX002870,depot,37040.0,11.43,383910.0,3,1846,0,8.6
TX002871,retrait,13680.0,17.27,33820.0,5,992,0,7.1
TX002872,transfert,15400.0,5.75,202620.0,4,126,0,5.4
TX002873,depot,13780.0,11.3,96950.0,5,386,0,7.9
TX002874,paiement_marchand,12110.0,19.53,33890.0,3,2965,0,3.6
TX002875,retrait,5190.0,6.56,51400.0,6,2734,0,1.4
TX002876,retrait,4880.0,7.67,40480.0,1,188,0,5.5
TX002877,transfert,9310.0,12.44,101210.0,5,96,0,4.2
TX002878,transfert,33010.0,15.2,132300.0,5,2505,0,4.7
TX002879,paiement_marchand,1860.0,16.44,71720.0,5,1247,0,10.5
TX002880,paiement_marchand,6080.0,13.03,115860.0,5,817,0,0.5
TX002881,transfert,14370.0,12.84,88910.0,4,2076,0,1.3
TX002882,retrait,6650.0,15.87,40380.0,3,1410,0,2.1
TX002883,paiement_marchand,13530.0,14.19,92820.0,6,849,0,1.8
TX002884,retrait,26390.0,19.23,216820.0,4,2931,0,3.2
TX002885,paiement_marchand,1460.0,9.89,71570.0,2,672,0,1.6
TX002886,transfert,5620.0,16.89,90480.0,2,1885,0,2.4
TX002887,paiement_marchand,4020.0,18.2,23710.0,3,1530,0,11.7
TX002888,transfert,28040.0,8.35,40390.0,6,695,0,0.6
TX002889,depot,12370.0,13.62,52120.0,2,2912,0,4.6
TX002890,depot,20390.0,18.34,40810.0,5,46,0,0.6
TX002891,transfert,27140.0,19.27,129280.0,7,1232,0,1.5
TX002892,transfert,21800.0,7.1,117590.0,4,2988,0,6.7
TX002893,depot,2370.0,13.38,47980.0,6,1275,0,3.2
TX002894,retrait,5550.0,17.54,75370.0,1,483,0,0.2
TX002895,depot,13340.0,14.53,89290.0,4,2974,0,8.0
TX002896,paiement_marchand,20870.0,11.87,120240.0,8,529,0,3.9
TX002897,retrait,24700.0,20.2,32110.0,4,1448,0,14.6
TX002898,retrait,4770.0,18.44,82150.0,3,2014,0,1.0
TX002899,transfert,11310.0,10.48,29690.0,7,2938,1,2.0
TX002900,depot,6150.0,6.9,25860.0,8,1473,0,7.7
TX002901,paiement_marchand,4430.0,7.15,67220.0,3,2976,0,14.1
TX002902,depot,4300.0,19.21,115330.0,5,2426,0,3.2
TX002903,depot,25950.0,16.15,189000.0,5,202,0,0.5
TX002904,transfert,14620.0,15.75,65220.0,5,1197,0,0.4
TX002905,retrait,18550.0,14.92,48210.0,4,2491,0,4.5
TX002906,transfert,11390.0,17.35,177310.0,7,179,0,6.9
TX002907,depot,16370.0,16.18,42850.0,5,1719,0,2.7
TX002908,depot,15360.0,20.81,420940.0,5,787,0,6.1
TX002909,depot,14160.0,13.45,35240.0,3,2792,0,0.2
TX002910,depot,34880.0,12.13,46140.0,1,1233,0,1.7
TX002911,retrait,14780.0,20.2,48110.0,4,1938,0,9.3
TX002912,retrait,15700.0,12.3,32990.0,3,464,0,1.9
TX002913,transfert,6490.0,16.47,30310.0,6,639,0,0.4
TX002914,retrait,23740.0,16.08,231420.0,5,2237,0,2.5
TX002915,transfert,4560.0,11.92,54760.0,6,687,0,0.2
TX002916,depot,35800.0,9.6,79080.0,2,1474,0,4.8
TX002917,retrait,11930.0,13.36,41590.0,5,515,0,0.0
TX002918,depot,19360.0,12.73,103550.0,3,281,0,2.6
TX002919,paiement_marchand,8960.0,10.41,191530.0,3,2468,0,8.1
TX002920,transfert,40020.0,14.53,116470.0,5,1627,0,6.4
TX002921,depot,26000.0,19.94,143080.0,7,1806,1,5.7
TX002922,transfert,9950.0,13.22,291110.0,5,2129,0,2.2
TX002923,depot,6480.0,19.55,64960.0,3,234,0,0.1
TX002924,transfert,16980.0,9.66,75520.0,5,397,0,1.9
TX002925,transfert,12390.0,16.12,162500.0,2,613,0,1.2
TX002926,retrait,8730.0,13.81,39960.0,6,1802,0,0.9
TX002927,paiement_marchand,7420.0,10.61,205910.0,3,2987,0,1.7
TX002928,transfert,13850.0,11.94,26480.0,5,1787,0,0.8
TX002929,paiement_marchand,2850.0,17.94,30520.0,6,2233,0,1.3
TX002930,retrait,39420.0,20.94,90530.0,5,2813,0,2.8
TX002931,depot,55110.0,11.42,67820.0,5,381,0,9.4
TX002932,retrait,14020.0,19.38,159690.0,3,1374,0,2.8
TX002933,depot,4720.0,13.73,116530.0,3,879,0,6.3
TX002934,paiement_marchand,1380.0,11.7,13300.0,9,2355,0,7.9
TX002935,depot,7860.0,5.05,264500.0,4,341,0,9.1
TX002936,paiement_marchand,1870.0,16.32,49490.0,7,2779,0,0.5
TX002937,retrait,3560.0,13.58,87540.0,3,2548,0,1.4
TX002938,retrait,12800.0,12.34,123090.0,5,739,0,4.8
TX002939,depot,30680.0,16.09,47920.0,4,2425,0,3.5
TX002940,transfert,20650.0,21.73,35810.0,6,1704,0,5.7
TX002941,paiement_marchand,2450.0,16.66,248400.0,3,272,0,2.3
TX002942,depot,14650.0,15.31,116820.0,8,699,0,0.5
TX002943,depot,42870.0,12.6,137190.0,2,2394,0,3.1
TX002944,transfert,14980.0,15.49,51920.0,4,1688,0,14.4
TX002945,depot,20190.0,16.93,31930.0,4,243,0,4.6
TX002946,depot,40120.0,8.09,77770.0,2,392,0,9.4
TX002947,paiement_marchand,1040.0,15.72,10420.0,4,952,0,5.7
TX002948,paiement_marchand,1800.0,8.65,56330.0,4,1949,0,6.4
TX002949,transfert,9600.0,10.46,86550.0,5,289,0,10.3
TX002950,depot,22590.0,19.09,93970.0,4,2540,0,0.4
TX002951,retrait,3380.0,23.99,67830.0,6,1778,0,6.3
TX002952,transfert,5460.0,8.19,20010.0,4,2367,0,2.4
TX002953,transfert,8160.0,12.68,25360.0,6,510,0,5.7
TX002954,paiement_marchand,2670.0,15.33,51000.0,3,2833,0,1.3
TX002955,transfert,2830.0,16.7,33980.0,3,2467,0,4.4
TX002956,transfert,8350.0,11.27,423950.0,8,534,0,5.6
TX002957,depot,9410.0,15.56,57700.0,2,2201,0,6.5
TX002958,retrait,15130.0,15.92,60310.0,1,2888,0,8.7
TX002959,transfert,13420.0,12.67,86280.0,5,1327,0,1.1
TX002960,paiement_marchand,3740.0,14.95,124390.0,11,207,0,13.4
TX002961,retrait,70860.0,19.13,746950.0,2,112,0,1.0
TX002962,transfert,4040.0,18.03,38030.0,4,2506,0,0.6
TX002963,retrait,7620.0,14.47,21730.0,3,727,0,0.1
TX002964,retrait,9950.0,16.08,60780.0,5,1106,0,0.4
TX002965,retrait,18530.0,13.27,96100.0,6,1927,0,1.7
TX002966,transfert,11090.0,17.1,128980.0,3,888,0,2.3
TX002967,depot,22830.0,9.72,37230.0,2,1518,0,1.3
TX002968,retrait,16540.0,22.29,163650.0,4,367,0,0.7
TX002969,retrait,11670.0,12.91,73590.0,5,573,0,1.4
TX002970,paiement_marchand,4950.0,16.95,14800.0,2,427,0,0.1
TX002971,retrait,3640.0,19.23,94900.0,7,635,0,14.9
TX002972,retrait,13180.0,17.13,44430.0,3,2570,0,1.2
TX002973,depot,5760.0,13.34,99440.0,4,2177,1,4.3
TX002974,retrait,5090.0,6.73,23210.0,1,1734,0,0.4
TX002975,paiement_marchand,10580.0,17.73,35260.0,5,1749,0,0.9
TX002976,transfert,25180.0,15.76,59750.0,4,1951,0,1.1
TX002977,paiement_marchand,8430.0,11.38,55750.0,4,2274,0,1.4
TX002978,transfert,6810.0,8.26,84240.0,4,2242,0,5.9
TX002979,transfert,4260.0,13.05,42910.0,4,2581,0,0.4
TX002980,paiement_marchand,3550.0,14.52,56990.0,5,893,0,6.9
TX002981,paiement_marchand,1990.0,10.27,125350.0,2,2977,0,8.6
TX002982,depot,2600.0,8.94,27850.0,6,2004,0,0.5
TX002983,paiement_marchand,1050.0,15.95,517360.0,2,2340,0,0.9
TX002984,transfert,7820.0,15.19,38350.0,5,652,0,3.5
TX002985,paiement_marchand,3820.0,10.77,161730.0,5,1260,0,0.7
TX002986,paiement_marchand,9100.0,20.19,352890.0,4,561,0,2.4
TX002987,retrait,36940.0,9.96,775090.0,4,1810,0,1.5
TX002988,depot,33020.0,11.35,43590.0,4,1692,0,0.3
TX002989,depot,11530.0,12.01,349260.0,4,1632,0,5.2
TX002990,transfert,12200.0,13.55,49480.0,2,2007,0,0.4
TX002991,retrait,16210.0,10.11,53570.0,3,112,0,4.9
TX002992,retrait,8230.0,13.65,37220.0,4,953,0,1.8
TX002993,paiement_marchand,3580.0,9.05,232580.0,4,373,0,1.1
TX002994,depot,8830.0,13.69,207100.0,7,2767,0,11.5
TX002995,transfert,6510.0,12.44,104260.0,3,286,0,1.2
TX002996,depot,14360.0,16.41,190510.0,4,2315,0,4.8
TX002997,paiement_marchand,780.0,15.0,43070.0,5,2349,0,7.3
TX002998,retrait,8500.0,12.69,22230.0,2,2051,0,2.7
TX002999,transfert,16920.0,8.56,250210.0,4,818,0,2.5
TX003000,depot,6810.0,17.4,92290.0,2,2993,0,1.5
TX003001,paiement_marchand,2780.0,15.89,26520.0,3,294,0,1.5
TX003002,depot,17830.0,19.0,141620.0,2,1205,0,9.7
TX003003,depot,20310.0,16.51,64320.0,2,1473,0,2.9
TX003004,transfert,11180.0,10.48,131910.0,3,1298,0,4.4
TX003005,depot,5940.0,5.36,30580.0,7,761,0,1.3
TX003006,depot,7110.0,17.6,93390.0,3,264,0,0.1
TX003007,depot,43230.0,14.88,74960.0,2,444,0,1.9
TX003008,paiement_marchand,9570.0,18.9,139630.0,3,487,0,3.5
TX003009,transfert,11980.0,15.6,55530.0,4,894,0,3.6
TX003010,depot,7640.0,9.61,16280.0,3,1221,0,4.8
TX003011,retrait,1270.0,20.56,80070.0,3,129,0,3.6
TX003012,retrait,4950.0,18.84,42180.0,5,419,0,11.8
TX003013,transfert,7270.0,10.15,266390.0,2,189,0,17.5
TX003014,transfert,22470.0,15.35,41070.0,3,2683,0,3.4
TX003015,depot,10550.0,12.97,146310.0,5,123,0,4.3
TX003016,depot,9800.0,11.7,42530.0,3,791,0,5.8
TX003017,retrait,2940.0,11.6,33540.0,3,2529,0,6.6
TX003018,paiement_marchand,4970.0,8.4,96540.0,4,383,0,1.6
TX003019,paiement_marchand,700.0,17.9,7560.0,4,2330,0,26.8
TX003020,retrait,9880.0,18.3,135440.0,6,951,0,0.6
TX003021,depot,3700.0,10.43,43810.0,5,1227,0,2.8
TX003022,paiement_marchand,4610.0,11.15,72360.0,4,1758,0,9.5
TX003023,transfert,8560.0,11.66,138170.0,2,2688,0,0.3
TX003024,transfert,20960.0,9.35,32430.0,3,1311,0,0.6
TX003025,depot,111090.0,12.5,136910.0,3,692,0,7.4
TX003026,retrait,36290.0,12.86,70580.0,4,1185,0,0.8
TX003027,depot,12460.0,16.5,98950.0,4,2496,0,3.9
TX003028,paiement_marchand,7810.0,11.95,148000.0,5,2382,0,4.0
TX003029,paiement_marchand,3160.0,15.08,125040.0,6,982,0,2.2
TX003030,paiement_marchand,3750.0,12.76,92270.0,4,1068,0,9.4
TX003031,depot,43360.0,12.03,65040.0,3,1874,0,0.3
TX003032,paiement_marchand,1070.0,19.47,170870.0,2,1625,0,2.1
TX003033,depot,47080.0,15.86,85100.0,2,1749,0,0.8
TX003034,transfert,7310.0,13.41,28340.0,3,579,0,4.4
TX003035,paiement_marchand,2650.0,19.9,135340.0,4,1356,0,5.1
TX003036,depot,19070.0,18.34,69230.0,2,753,0,2.0
TX003037,paiement_marchand,3310.0,18.2,54180.0,5,2047,0,2.3
TX003038,transfert,63540.0,17.1,118830.0,1,1510,0,0.1
TX003039,depot,15340.0,13.89,722920.0,4,1001,0,13.7
TX003040,transfert,4690.0,14.51,79840.0,6,2384,0,2.5
TX003041,depot,16910.0,2.61,72480.0,4,616,0,3.5
TX003042,depot,28410.0,15.52,340550.0,6,2577,0,10.0
TX003043,transfert,10070.0,17.8,34170.0,7,1558,0,0.8
TX003044,retrait,87410.0,21.29,170370.0,2,2694,0,3.1
TX003045,retrait,12020.0,17.63,18970.0,6,1056,0,1.1
TX003046,transfert,4680.0,14.98,461020.0,2,1336,0,9.8
TX003047,paiement_marchand,2350.0,7.6,35720.0,1,621,0,0.9
TX003048,transfert,17830.0,11.18,25520.0,50,9,0,10.0
TX003049,transfert,7720.0,19.38,125330.0,4,231,0,4.0
TX003050,transfert,4330.0,15.39,58140.0,4,568,0,18.0
TX003051,depot,7260.0,14.93,62810.0,7,2949,0,2.6
TX003052,retrait,7630.0,13.51,60840.0,4,2299,0,1.7
TX003053,paiement_marchand,1650.0,12.39,56980.0,2,1415,0,3.8
TX003054,retrait,12480.0,14.57,82370.0,7,1513,0,2.5
TX003055,paiement_marchand,35260.0,16.58,62840.0,4,524,0,0.2
TX003056,retrait,30990.0,18.71,88590.0,5,586,0,2.8
TX003057,retrait,93020.0,9.68,265280.0,2,2941,0,2.3
TX003058,depot,23530.0,12.6,390850.0,5,1054,0,3.6
TX003059,paiement_marchand,840.0,10.2,18340.0,10,561,0,9.7
TX003060,retrait,2030.0,5.28,18560.0,2,2207,0,2.3
TX003061,transfert,12450.0,10.19,84780.0,6,1824,0,0.1
TX003062,transfert,9010.0,16.23,28290.0,4,1477,0,3.2
TX003063,transfert,7590.0,15.72,49810.0,4,2693,0,0.6
TX003064,retrait,10470.0,11.81,36150.0,1,621,1,0.1
TX003065,depot,35050.0,6.91,89190.0,3,2712,0,0.0
TX003066,depot,5820.0,14.79,15430.0,4,1621,0,3.3
TX003067,transfert,2970.0,6.08,33320.0,3,2276,0,1.7
TX003068,transfert,1360.0,8.56,26810.0,4,1500,0,0.3
TX003069,retrait,6550.0,14.9,103330.0,5,2078,0,19.1
TX003070,retrait,15420.0,10.75,83200.0,5,530,0,3.3
TX003071,paiement_marchand,2840.0,13.94,161270.0,3,1298,0,3.0
TX003072,transfert,12220.0,15.51,43520.0,2,2605,0,7.0
TX003073,transfert,1810.0,17.4,41940.0,6,222,0,2.6
TX003074,depot,8450.0,9.72,36660.0,6,479,0,3.2
TX003075,retrait,21110.0,12.2,33830.0,6,2247,0,0.6
TX003076,paiement_marchand,3420.0,15.84,42660.0,5,212,0,5.1
TX003077,depot,52810.0,18.71,182920.0,5,2560,0,5.3
TX003078,depot,58270.0,11.27,103810.0,5,1470,0,2.9
TX003079,paiement_marchand,6670.0,12.39,104980.0,3,1857,0,1.8
TX003080,transfert,11050.0,13.91,57070.0,6,91,0,9.3
TX003081,paiement_marchand,9100.0,11.52,16050.0,5,279,0,0.3
TX003082,transfert,7710.0,15.86,115440.0,9,425,0,8.5
TX003083,paiement_marchand,2870.0,18.5,39350.0,3,1435,0,3.4
TX003084,transfert,16770.0,21.48,18650.0,46,9,0,1.9
TX003085,depot,53390.0,17.01,152980.0,3,1366,0,0.0
TX003086,retrait,17510.0,17.77,35670.0,2,483,0,3.7
TX003087,transfert,5900.0,13.96,68180.0,3,169,0,1.9
TX003088,depot,38820.0,13.32,127140.0,8,2172,0,2.0
TX003089,depot,50080.0,17.12,64900.0,2,1309,0,1.2
TX003090,transfert,14930.0,16.56,49910.0,4,1858,0,10.4
TX003091,retrait,24380.0,11.19,31680.0,3,1514,0,0.7
TX003092,paiement_marchand,1620.0,14.38,79770.0,4,2706,0,0.9
TX003093,retrait,17620.0,13.51,50130.0,4,2526,0,16.1
TX003094,depot,6090.0,15.15,66940.0,4,225,0,0.9
TX003095,depot,20210.0,17.66,173700.0,6,156,0,9.8
TX003096,depot,9280.0,12.12,43780.0,4,315,0,2.5
TX003097,depot,20060.0,14.58,33180.0,6,474,0,0.8
TX003098,retrait,7690.0,13.62,28540.0,5,1992,0,5.8
TX003099,paiement_marchand,1110.0,17.41,98280.0,3,1903,0,1.0
TX003100,retrait,3880.0,20.32,153010.0,4,1107,0,0.4
TX003101,paiement_marchand,6550.0,16.91,15300.0,7,1781,0,0.2
TX003102,paiement_marchand,2490.0,10.36,24490.0,6,406,0,5.9
TX003103,retrait,28080.0,9.73,147550.0,2,668,0,2.5
TX003104,retrait,22820.0,11.03,129880.0,8,1071,0,0.4
TX003105,paiement_marchand,6050.0,11.4,99600.0,2,597,0,8.4
TX003106,transfert,6330.0,15.37,13200.0,5,2136,0,5.1
TX003107,transfert,18860.0,16.79,79440.0,2,1750,0,4.8
TX003108,paiement_marchand,330.0,12.3,26600.0,4,1966,0,3.7
TX003109,retrait,17990.0,12.06,173540.0,3,129,0,4.1
TX003110,transfert,20110.0,10.25,58360.0,2,454,0,1.8
TX003111,transfert,8120.0,18.59,148460.0,2,1475,0,4.0
TX003112,transfert,4810.0,21.47,27410.0,5,1448,0,0.2
TX003113,transfert,24080.0,10.9,55440.0,3,270,0,9.2
TX003114,depot,13210.0,12.75,35070.0,3,1180,0,1.8
TX003115,depot,53130.0,9.17,92950.0,3,2496,0,0.0
TX003116,paiement_marchand,600.0,15.68,165680.0,2,2889,0,3.1
TX003117,depot,31670.0,14.47,53700.0,3,1796,0,0.9
TX003118,depot,9260.0,20.77,91000.0,6,1666,0,6.0
TX003119,transfert,2820.0,11.6,62990.0,5,666,0,2.6
TX003120,depot,16640.0,17.11,202050.0,4,2245,0,2.4
TX003121,transfert,3490.0,21.62,136560.0,3,2305,0,0.1
TX003122,depot,24920.0,16.8,79490.0,3,2260,0,8.9
TX003123,paiement_marchand,590.0,15.23,65640.0,3,1223,0,6.9
TX003124,paiement_marchand,6440.0,8.34,57690.0,6,1889,0,2.9
TX003125,transfert,17840.0,15.56,97660.0,5,974,0,1.2
TX003126,transfert,6980.0,17.38,51500.0,4,2369,0,4.0
TX003127,depot,4120.0,10.97,98400.0,8,1123,0,2.0
TX003128,transfert,9390.0,15.28,55030.0,6,1321,0,4.1
TX003129,depot,48390.0,11.29,96070.0,2,1664,0,3.4
TX003130,transfert,1970.0,11.9,276450.0,4,2835,0,2.1
TX003131,depot,37190.0,9.82,66000.0,3,2618,0,6.0
TX003132,transfert,3050.0,22.37,49500.0,7,218,0,4.4
TX003133,retrait,6470.0,7.22,44380.0,2,1543,0,7.4
TX003134,paiement_marchand,1110.0,15.74,90010.0,3,1784,0,1.8
TX003135,retrait,7890.0,13.07,258190.0,5,1123,0,0.6
TX003136,retrait,29390.0,13.5,207900.0,3,2098,1,6.1
TX003137,depot,6830.0,14.88,63500.0,3,238,0,13.2
TX003138,transfert,5330.0,16.66,59360.0,5,1419,0,4.9
TX003139,retrait,2510.0,17.32,126670.0,4,2203,0,0.1
TX003140,transfert,4550.0,5.79,187290.0,7,37,0,14.2
TX003141,depot,38000.0,12.77,168860.0,1,636,0,3.9
TX003142,paiement_marchand,1130990.0,17.15,1384100.0,6,203,0,1.6
TX003143,transfert,17920.0,16.48,202210.0,5,1082,0,1.2
TX003144,paiement_marchand,7220.0,13.51,21510.0,5,2972,0,5.0
TX003145,retrait,11990.0,19.5,69700.0,4,1819,0,5.0
TX003146,transfert,2150.0,16.24,28610.0,5,2758,0,1.5
TX003147,paiement_marchand,2700.0,20.48,13930.0,2,1456,0,2.0
TX003148,retrait,24460.0,10.3,38930.0,2,493,0,2.2
TX003149,transfert,8000.0,18.24,104720.0,1,1126,0,5.9
TX003150,retrait,1550.0,11.99,17990.0,1,427,0,0.5
TX003151,retrait,21120.0,12.54,88530.0,3,1158,0,4.6
TX003152,depot,31090.0,21.5,74660.0,3,858,0,0.4
TX003153,paiement_marchand,2470.0,18.7,152080.0,5,130,0,8.4
TX003154,transfert,18180.0,9.05,28700.0,6,49,0,6.2
TX003155,depot,10930.0,12.0,138160.0,6,682,0,9.0
TX003156,transfert,43370.0,11.89,139100.0,5,468,0,2.3
TX003157,depot,20650.0,17.04,79390.0,3,626,1,0.3
TX003158,transfert,4610.0,23.5,106710.0,1,877,0,3.7
TX003159,retrait,34250.0,19.29,196940.0,5,967,0,15.5
TX003160,transfert,81950.0,13.26,106110.0,8,1795,0,0.2
TX003161,depot,7820.0,12.89,78430.0,5,893,0,1.0
TX003162,depot,3750.0,13.21,60340.0,2,2783,0,1.8
TX003163,retrait,31280.0,12.34,137150.0,2,1934,0,0.0
TX003164,transfert,73580.0,15.38,280130.0,7,102,0,5.6
TX003165,retrait,2710.0,12.45,30650.0,2,1203,0,3.1
TX003166,depot,13080.0,16.32,33150.0,3,1514,0,7.3
TX003167,paiement_marchand,3634110.0,11.36,4220710.0,10,314,0,4.3
TX003168,transfert,7030.0,16.77,24270.0,6,1258,0,3.8
TX003169,paiement_marchand,1880.0,13.35,77420.0,3,893,0,2.8
TX003170,transfert,2890.0,7.9,28480.0,7,1168,0,1.8
TX003171,depot,15310.0,11.38,49230.0,2,1459,0,10.0
TX003172,retrait,16250.0,14.18,53430.0,7,1396,0,9.5
TX003173,paiement_marchand,5570.0,14.62,264070.0,6,2162,0,2.2
TX003174,paiement_marchand,1180.0,14.24,33650.0,2,1139,0,4.0
TX003175,paiement_marchand,5600.0,19.48,98530.0,4,2159,0,3.6
TX003176,retrait,13330.0,9.46,86350.0,4,2672,0,7.5
TX003177,paiement_marchand,5910.0,16.72,93680.0,5,572,0,9.7
TX003178,retrait,20790.0,12.74,132570.0,7,2688,0,1.0
TX003179,transfert,3740.0,10.66,900630.0,1,1081,0,2.7
TX003180,retrait,6770.0,9.49,119520.0,4,2414,0,3.7
TX003181,retrait,22360.0,8.25,43380.0,3,155,0,7.9
TX003182,depot,18360.0,12.66,37730.0,3,576,0,26.1
TX003183,paiement_marchand,4650.0,21.31,11290.0,2,1991,0,0.0
TX003184,transfert,2560.0,15.32,54670.0,3,1782,0,12.8
TX003185,transfert,2880.0,15.62,262210.0,3,610,0,5.2
TX003186,transfert,8460.0,12.98,170300.0,5,1129,0,6.3
TX003187,retrait,11920.0,14.46,184350.0,4,1128,0,0.2
TX003188,paiement_marchand,5510.0,20.75,53550.0,2,917,0,4.3
TX003189,paiement_marchand,2700100.0,14.59,3457540.0,6,196,0,0.6
TX003190,retrait,7230.0,11.06,130740.0,2,809,0,5.4
TX003191,retrait,107180.0,2.07,116760.0,2,1576,1,97.3
TX003192,transfert,5420.0,15.74,88200.0,5,359,0,0.9
TX003193,retrait,32470.0,16.02,148160.0,6,702,0,1.7
TX003194,transfert,3870.0,18.16,51440.0,4,1866,0,4.0
TX003195,retrait,12280.0,12.18,89110.0,4,537,0,13.3
TX003196,paiement_marchand,1380.0,8.86,13570.0,4,1280,0,3.0
TX003197,depot,11290.0,13.48,176920.0,5,700,0,1.3
TX003198,depot,32070.0,10.09,47340.0,2,1979,0,6.9
TX003199,retrait,2360.0,16.16,17460.0,2,2232,0,2.8
TX003200,paiement_marchand,380.0,11.05,32710.0,2,233,0,0.5
TX003201,paiement_marchand,5400.0,18.16,134180.0,3,2948,0,2.5
TX003202,paiement_marchand,1890.0,9.7,59820.0,3,2739,0,3.9
TX003203,transfert,6680.0,4.13,200700.0,3,2506,0,2.9
TX003204,transfert,5880.0,13.5,25470.0,4,1415,0,8.0
TX003205,paiement_marchand,380.0,9.48,42820.0,5,2918,0,13.0
TX003206,depot,14630.0,14.22,29610.0,1,1188,0,10.6
TX003207,transfert,3620.0,15.53,166650.0,5,900,0,4.4
TX003208,transfert,6510.0,17.72,21060.0,3,2497,1,2.1
TX003209,retrait,15700.0,10.54,153040.0,3,1116,0,4.3
TX003210,retrait,25880.0,12.5,260140.0,6,622,0,3.2
TX003211,transfert,10280.0,18.28,16040.0,3,1546,0,1.7
TX003212,retrait,10940.0,14.46,593760.0,3,66,0,1.6
TX003213,depot,17050.0,13.91,44150.0,4,2775,0,1.3
TX003214,transfert,8310.0,17.81,122710.0,4,282,0,3.9
TX003215,depot,38800.0,12.32,67280.0,4,1303,0,3.5
TX003216,transfert,3420.0,12.76,51060.0,8,1493,0,16.4
TX003217,paiement_marchand,2480.0,14.84,105990.0,6,562,0,0.7
TX003218,paiement_marchand,3620.0,16.12,178960.0,2,1061,0,0.3
TX003219,retrait,6650.0,5.96,58020.0,2,1984,0,4.5
TX003220,retrait,6920.0,20.48,57060.0,6,2780,0,0.8
TX003221,paiement_marchand,6880.0,15.41,48000.0,3,1927,0,2.5
TX003222,retrait,33300.0,17.75,124660.0,1,375,0,1.3
TX003223,paiement_marchand,3400.0,9.74,69750.0,1,167,0,1.0
TX003224,retrait,27860.0,20.32,131230.0,6,1040,0,0.4
TX003225,depot,4340.0,10.71,55580.0,5,2471,0,3.7
TX003226,depot,14170.0,9.11,44660.0,7,2989,0,0.0
TX003227,retrait,5520.0,10.0,223460.0,6,2951,0,0.3
TX003228,transfert,5340.0,16.9,19120.0,5,1041,0,4.8
TX003229,transfert,7660.0,1.79,43910.0,5,1237,0,3.0
TX003230,transfert,2990.0,16.15,58690.0,6,1655,0,1.5
TX003231,depot,6030.0,17.09,188730.0,3,1935,0,6.9
TX003232,transfert,5440.0,8.47,59370.0,5,1929,0,1.9
TX003233,retrait,12300.0,15.68,52330.0,4,1626,0,9.6
TX003234,transfert,19450.0,19.45,94260.0,3,1701,0,2.3
TX003235,paiement_marchand,7820.0,12.02,300750.0,4,2944,0,6.1
TX003236,transfert,19590.0,12.29,306170.0,5,2713,0,9.6
TX003237,paiement_marchand,1950.0,15.07,38770.0,1,2259,0,15.6
TX003238,retrait,9770.0,16.26,84870.0,2,1935,0,4.9
TX003239,depot,28110.0,10.13,50490.0,5,1804,0,0.3
TX003240,depot,8740.0,17.87,288250.0,5,1850,0,2.5
TX003241,transfert,20520.0,14.31,62860.0,2,1381,0,13.0
TX003242,transfert,11670.0,10.75,116250.0,4,2579,0,7.2
TX003243,depot,33310.0,15.08,128990.0,2,2324,0,2.4
TX003244,transfert,770.0,10.76,93980.0,4,2897,0,0.7
TX003245,paiement_marchand,1436480.0,16.62,1776810.0,7,134,0,1.6
TX003246,retrait,369890.0,2.6,397640.0,3,1967,1,161.2
TX003247,transfert,6510.0,18.77,50360.0,3,890,0,5.6
TX003248,transfert,20730.0,19.38,266910.0,4,1617,0,4.0
TX003249,depot,13300.0,9.07,34890.0,4,802,0,7.7
TX003250,paiement_marchand,1160.0,14.43,10360.0,2,205,0,0.6
TX003251,depot,9780.0,15.09,43230.0,3,1670,0,6.6
TX003252,transfert,15620.0,23.4,17630.0,47,9,0,6.8
TX003253,paiement_marchand,2050.0,5.54,70410.0,5,391,0,9.1
TX003254,paiement_marchand,3210.0,12.02,100090.0,2,2755,0,5.6
TX003255,retrait,16550.0,14.29,111940.0,2,186,0,1.1
TX003256,transfert,12570.0,14.13,112300.0,3,1826,0,0.4
TX003257,paiement_marchand,1340.0,10.03,10660.0,5,2362,0,3.6
TX003258,paiement_marchand,2830.0,11.28,159210.0,3,509,0,0.1
TX003259,transfert,19070.0,14.06,25970.0,39,7,1,1.6
TX003260,retrait,5900.0,21.04,45150.0,5,1831,0,1.0
TX003261,retrait,9660.0,8.98,29640.0,3,1017,0,4.0
TX003262,depot,17560.0,9.76,47950.0,4,1486,0,2.1
TX003263,paiement_marchand,1010.0,13.76,24110.0,4,691,0,1.3
TX003264,depot,12000.0,14.68,47220.0,4,1354,0,1.4
TX003265,depot,2270.0,7.37,106030.0,8,345,0,5.7
TX003266,transfert,47650.0,9.18,66190.0,54,11,0,0.3
TX003267,retrait,7520.0,9.76,29420.0,5,2739,0,0.9
TX003268,transfert,4680.0,13.35,13320.0,4,1080,0,3.9
TX003269,retrait,12110.0,13.49,113470.0,6,2979,0,3.3
TX003270,depot,72540.0,11.31,103400.0,3,1525,0,0.7
TX003271,retrait,4330.0,11.6,48270.0,5,1368,0,2.0
TX003272,paiement_marchand,2220.0,9.36,5550.0,5,2140,0,0.8
TX003273,paiement_marchand,2340.0,14.66,535300.0,5,682,0,4.5
TX003274,transfert,18630.0,14.06,36490.0,4,2017,0,1.1
TX003275,retrait,13040.0,12.68,87470.0,5,2172,0,2.6
TX003276,depot,12300.0,16.34,30150.0,4,412,0,7.4
TX003277,retrait,9190.0,10.05,38720.0,6,2620,0,1.9
TX003278,depot,124740.0,18.69,139400.0,5,2526,0,1.9
TX003279,transfert,83320.0,17.43,131060.0,6,675,0,7.3
TX003280,paiement_marchand,2320.0,17.2,109510.0,4,2067,0,0.1
TX003281,depot,20410.0,15.29,82740.0,3,2408,0,5.8
TX003282,retrait,23690.0,10.1,367920.0,4,2869,0,4.8
TX003283,paiement_marchand,7570.0,12.62,583010.0,3,2776,0,3.2
TX003284,paiement_marchand,7920.0,6.8,36660.0,2,1936,0,0.8
TX003285,depot,10550.0,16.84,39330.0,3,2488,0,0.7
TX003286,transfert,8380.0,9.22,55720.0,5,1714,0,3.6
TX003287,transfert,15350.0,17.19,218780.0,1,1699,0,7.9
TX003288,paiement_marchand,2400.0,16.52,68960.0,2,270,0,0.6
TX003289,retrait,15460.0,20.81,134590.0,6,694,0,1.7
TX003290,retrait,30010.0,11.86,78160.0,2,1906,0,1.5
TX003291,transfert,9900.0,7.25,69270.0,8,1694,0,8.6
TX003292,retrait,6970.0,15.8,29520.0,4,2910,0,9.8
TX003293,transfert,12430.0,20.59,36000.0,6,1305,0,0.9
TX003294,paiement_marchand,1210.0,12.21,309000.0,6,613,0,11.5
TX003295,depot,12820.0,11.88,15800.0,3,2474,0,6.0
TX003296,retrait,13390.0,7.47,69620.0,4,1276,0,1.9
TX003297,paiement_marchand,440.0,15.92,202530.0,5,2433,0,11.0
TX003298,retrait,11750.0,19.27,40880.0,4,1023,0,3.3
TX003299,retrait,13100.0,21.15,53210.0,3,98,0,1.6
TX003300,paiement_marchand,1410.0,2.51,286540.0,4,829,0,1.4
TX003301,depot,16070.0,10.11,32740.0,4,192,0,1.5
TX003302,paiement_marchand,3280.0,13.76,34430.0,3,2580,0,1.8
TX003303,retrait,16830.0,9.22,35380.0,2,2373,0,6.8
TX003304,transfert,2890.0,11.39,18250.0,2,1625,0,1.0
TX003305,paiement_marchand,2200.0,14.16,332080.0,3,2251,0,4.7
TX003306,depot,11410.0,15.36,81890.0,5,811,0,6.7
TX003307,retrait,16250.0,8.02,193990.0,4,164,0,1.8
TX003308,transfert,7090.0,7.2,23920.0,3,526,0,8.0
TX003309,depot,14400.0,14.63,133070.0,4,2436,0,0.7
TX003310,transfert,8460.0,10.62,99370.0,4,2341,0,11.3
TX003311,retrait,24890.0,16.88,117660.0,4,2659,0,3.5
TX003312,retrait,5770.0,19.78,89640.0,6,1085,0,1.2
TX003313,transfert,10570.0,15.52,32640.0,2,410,0,5.3
TX003314,transfert,10590.0,12.0,51950.0,4,1649,0,6.2
TX003315,transfert,16370.0,12.16,304950.0,5,195,0,1.6
TX003316,transfert,7460.0,14.15,68790.0,4,2759,0,7.0
TX003317,depot,10440.0,12.6,51080.0,3,2583,0,8.4
TX003318,transfert,10540.0,9.58,156420.0,4,1420,0,0.6
TX003319,transfert,4170.0,7.26,22690.0,4,2163,0,4.8
TX003320,transfert,7990.0,15.32,352120.0,1,2185,0,0.4
TX003321,paiement_marchand,1330.0,16.72,150700.0,3,2428,0,0.3
TX003322,paiement_marchand,1720.0,9.19,12600.0,3,1987,0,0.8
TX003323,transfert,13230.0,11.0,100720.0,3,590,0,1.6
TX003324,paiement_marchand,8600.0,6.91,54700.0,3,1582,0,5.1
TX003325,paiement_marchand,4550.0,13.69,248730.0,5,861,0,2.7
TX003326,transfert,24010.0,16.86,35700.0,38,5,0,10.9
TX003327,paiement_marchand,2630.0,21.74,33730.0,3,2459,0,0.7
TX003328,retrait,7500.0,16.28,337240.0,2,2726,0,2.9
TX003329,depot,63080.0,16.18,85190.0,4,1380,0,1.6
TX003330,retrait,4520.0,19.78,270930.0,3,398,0,8.0
TX003331,transfert,8180.0,8.98,180360.0,2,1103,0,3.3
TX003332,retrait,30800.0,14.81,59680.0,5,1379,0,5.5
TX003333,retrait,12640.0,10.98,36120.0,2,1059,0,4.2
TX003334,paiement_marchand,4740.0,21.79,5970.0,5,2695,0,2.8
TX003335,retrait,70640.0,17.86,122210.0,4,2702,0,2.1
TX003336,retrait,2690.0,10.64,26650.0,2,502,0,1.7
TX003337,retrait,18480.0,9.41,94510.0,4,664,0,7.8
TX003338,depot,36300.0,17.6,93210.0,5,2034,0,0.2
TX003339,depot,23610.0,17.42,84980.0,2,1805,0,0.3
TX003340,paiement_marchand,6510.0,14.98,293740.0,2,2103,0,1.1
TX003341,transfert,7390.0,17.45,142780.0,5,226,0,1.9
TX003342,depot,13120.0,10.34,20230.0,1,2306,0,1.9
TX003343,retrait,8830.0,18.37,41410.0,9,60,1,2.6
TX003344,transfert,1210.0,11.99,19180.0,4,2698,0,2.7
TX003345,transfert,5240.0,16.2,12420.0,2,336,0,0.2
TX003346,depot,19220.0,6.11,86860.0,5,1710,1,4.1
TX003347,transfert,23890.0,10.63,39230.0,4,677,0,0.2
TX003348,paiement_marchand,1290.0,9.71,50040.0,2,121,0,4.1
TX003349,depot,16860.0,13.11,117700.0,2,2990,0,0.9
TX003350,transfert,9650.0,20.08,89120.0,5,1324,0,5.8
TX003351,retrait,9840.0,14.41,75410.0,6,2561,0,3.8
TX003352,depot,32400.0,17.33,78560.0,3,2786,0,6.0
TX003353,transfert,212370.0,4.17,221980.0,6,602,1,114.9
TX003354,transfert,65980.0,11.55,69950.0,6,252,0,1.6
TX003355,retrait,9440.0,14.51,18500.0,4,2291,0,1.0
TX003356,depot,27560.0,9.98,112260.0,2,1159,0,9.1
TX003357,retrait,224350.0,2.63,244890.0,3,572,1,244.2
TX003358,retrait,17230.0,9.94,29510.0,6,1869,0,1.6
TX003359,paiement_marchand,1510.0,16.05,14190.0,3,1865,0,10.1
TX003360,retrait,28230.0,13.6,135440.0,2,1779,0,0.9
TX003361,paiement_marchand,3460.0,17.78,111220.0,7,2455,0,5.9
TX003362,depot,39800.0,20.17,76640.0,8,2383,0,1.0
TX003363,transfert,2080.0,15.21,162670.0,3,600,0,4.5
TX003364,retrait,19210.0,15.38,41570.0,4,2263,0,3.3
TX003365,retrait,30210.0,4.13,163930.0,5,845,0,1.7
TX003366,transfert,15500.0,14.31,331410.0,3,2455,0,0.3
TX003367,transfert,2460.0,13.03,23720.0,5,974,0,2.0
TX003368,transfert,14220.0,16.97,102380.0,6,1625,0,2.2
TX003369,transfert,47400.0,13.01,97620.0,4,1441,0,1.6
TX003370,paiement_marchand,4440.0,16.72,35550.0,3,2509,0,8.7
TX003371,transfert,19420.0,21.62,80220.0,4,2731,0,9.0
TX003372,transfert,10270.0,19.66,295690.0,6,800,0,5.6
TX003373,paiement_marchand,8280.0,9.32,24930.0,8,1633,0,2.4
TX003374,retrait,48410.0,11.44,82930.0,1,2775,0,0.0
TX003375,transfert,50140.0,17.87,63980.0,46,7,1,3.5
TX003376,depot,22440.0,13.69,161150.0,4,1407,0,12.7
TX003377,transfert,3300.0,9.31,516780.0,5,1250,0,5.1
TX003378,transfert,16390.0,5.02,18720.0,53,11,0,2.4
TX003379,retrait,8940.0,16.6,20790.0,4,679,0,1.9
TX003380,transfert,10950.0,12.78,50530.0,2,2532,0,0.2
TX003381,depot,33300.0,11.77,58880.0,3,1272,0,1.0
TX003382,retrait,34730.0,16.09,94300.0,3,1940,0,1.3
TX003383,retrait,3900.0,13.83,27460.0,5,1749,0,2.8
TX003384,transfert,6910.0,10.96,78890.0,7,2180,0,0.0
TX003385,transfert,24040.0,18.95,296660.0,6,2808,0,0.3
TX003386,retrait,14290.0,12.26,60160.0,4,2380,0,8.8
TX003387,paiement_marchand,1010.0,11.83,19120.0,3,1091,0,4.5
TX003388,retrait,11840.0,15.43,88690.0,3,1704,0,16.0
TX003389,paiement_marchand,4900.0,12.33,115850.0,8,1531,0,7.9
TX003390,retrait,11980.0,14.73,46500.0,5,427,0,0.3
TX003391,retrait,11070.0,16.11,24750.0,1,1676,0,0.7
TX003392,depot,12490.0,16.65,450510.0,3,1501,0,2.7
TX003393,transfert,2830.0,14.56,60580.0,5,648,0,4.0
TX003394,transfert,9310.0,19.79,26070.0,3,1148,0,4.3
TX003395,transfert,11110.0,9.52,69200.0,5,1571,0,2.6
TX003396,retrait,13770.0,7.29,419820.0,8,2485,0,1.7
TX003397,retrait,7330.0,20.48,254660.0,3,258,0,2.9
TX003398,transfert,11730.0,12.66,28730.0,2,1221,0,0.8
TX003399,retrait,12460.0,15.8,69130.0,4,2333,0,2.4
TX003400,retrait,8510.0,9.19,81110.0,5,1378,0,0.3
TX003401,transfert,16400.0,10.01,54270.0,5,920,0,0.1
TX003402,depot,29040.0,16.45,149000.0,5,1970,0,0.3
TX003403,paiement_marchand,4960.0,18.52,381100.0,5,2216,0,9.6
TX003404,retrait,25310.0,12.31,73670.0,8,762,0,2.8
TX003405,paiement_marchand,1960.0,13.73,283020.0,6,1333,0,4.7
TX003406,depot,5010.0,22.21,59800.0,4,1074,0,2.7
TX003407,retrait,2880.0,11.84,12580.0,6,1642,0,0.1
TX003408,retrait,47810.0,11.96,80040.0,4,2993,0,0.3
TX003409,paiement_marchand,1750.0,17.9,633020.0,3,1041,0,2.7
TX003410,retrait,3240.0,17.95,131080.0,4,418,0,5.9
TX003411,depot,12420.0,13.92,130770.0,3,811,0,1.1
TX003412,retrait,4610.0,7.66,36630.0,5,2485,0,3.1
TX003413,depot,8230.0,13.41,35950.0,4,237,0,1.5
TX003414,retrait,11860.0,17.78,71250.0,7,1669,0,1.2
TX003415,depot,7570.0,17.53,45320.0,3,2099,0,1.0
TX003416,transfert,5670.0,9.68,83740.0,2,2063,0,2.4
TX003417,depot,13780.0,18.06,84320.0,7,2032,0,6.7
TX003418,transfert,7360.0,17.12,183340.0,4,1722,0,13.6
TX003419,depot,13580.0,11.62,39480.0,4,2575,0,5.7
TX003420,paiement_marchand,2880.0,17.05,281050.0,2,1091,0,3.1
TX003421,depot,106040.0,16.3,214300.0,5,1601,0,2.4
TX003422,retrait,3800.0,17.15,130180.0,3,2530,0,7.6
TX003423,retrait,18420.0,14.5,52230.0,3,2683,0,0.5
TX003424,depot,5340.0,15.18,110520.0,5,1394,0,2.6
TX003425,paiement_marchand,1620.0,23.99,58390.0,5,2038,0,1.4
TX003426,retrait,6160.0,11.31,41810.0,1,1748,0,10.7
TX003427,transfert,7410.0,22.7,201790.0,6,1258,0,9.2
TX003428,depot,60380.0,6.72,1336350.0,1,1891,0,5.4
TX003429,transfert,7690.0,7.31,160980.0,2,342,0,1.0
TX003430,transfert,12950.0,11.1,40750.0,2,710,0,7.4
TX003431,retrait,11420.0,13.84,25410.0,3,2941,0,4.7
TX003432,transfert,18610.0,16.5,170330.0,5,625,0,0.6
TX003433,paiement_marchand,660.0,11.61,35410.0,3,1411,0,12.2
TX003434,retrait,11290.0,10.07,169820.0,3,782,0,2.8
TX003435,paiement_marchand,8130.0,19.0,139700.0,2,247,0,0.7
TX003436,depot,47870.0,13.37,81670.0,4,2859,0,10.8
TX003437,depot,52330.0,16.38,172410.0,4,448,0,4.2
TX003438,depot,16310.0,9.87,34040.0,7,621,0,4.6
TX003439,transfert,2120.0,15.05,7580.0,4,2769,0,2.3
TX003440,retrait,5500.0,9.33,69970.0,5,567,0,3.8
TX003441,transfert,1730.0,8.82,180720.0,6,436,0,0.7
TX003442,retrait,14170.0,18.05,75030.0,6,2726,0,2.3
TX003443,depot,9170.0,13.74,227210.0,2,2998,0,2.1
TX003444,transfert,11790.0,15.81,144980.0,4,225,0,1.3
TX003445,retrait,2290.0,19.94,59830.0,5,472,0,2.7
TX003446,paiement_marchand,3390.0,12.68,82370.0,5,2429,1,9.5
TX003447,retrait,9210.0,13.3,45470.0,1,2751,0,6.0
TX003448,retrait,7260.0,20.91,17760.0,2,2684,0,4.7
TX003449,depot,22350.0,8.17,89750.0,2,1481,0,5.5
TX003450,depot,23520.0,11.08,393940.0,4,924,0,4.3
TX003451,depot,12450.0,12.04,37050.0,2,933,0,0.1
TX003452,transfert,6830.0,13.65,130630.0,5,699,0,0.7
TX003453,retrait,12540.0,13.98,171510.0,3,706,0,3.9
TX003454,depot,18160.0,21.92,40520.0,5,676,0,2.4
TX003455,depot,12730.0,14.36,85730.0,5,1160,0,2.5
TX003456,depot,38670.0,15.3,132440.0,3,1939,0,4.9
TX003457,transfert,5930.0,18.62,43860.0,4,2583,0,0.8
TX003458,transfert,10650.0,13.89,61620.0,4,1110,0,6.4
TX003459,transfert,16080.0,13.56,50440.0,5,1704,0,1.4
TX003460,retrait,48560.0,13.57,95930.0,1,69,0,4.2
TX003461,paiement_marchand,1040.0,14.66,31450.0,6,1909,0,9.1
TX003462,transfert,10390.0,16.87,37770.0,5,1521,0,13.8
TX003463,retrait,14860.0,17.32,41470.0,5,2365,0,10.9
TX003464,transfert,8280.0,11.89,40670.0,5,1012,0,0.3
TX003465,transfert,26400.0,6.48,87500.0,7,1296,0,2.1
TX003466,transfert,3010.0,1.65,502470.0,4,590,0,3.8
TX003467,depot,13020.0,12.3,135220.0,6,1090,0,2.8
TX003468,depot,23210.0,13.8,85540.0,4,832,1,0.9
TX003469,retrait,21840.0,15.31,59110.0,5,717,1,1.9
TX003470,paiement_marchand,5390.0,18.86,78870.0,1,1343,0,1.6
TX003471,retrait,2800.0,11.85,17030.0,8,319,0,4.8
TX003472,transfert,3600.0,16.71,89160.0,4,2115,0,1.3
TX003473,transfert,2720.0,11.48,86570.0,5,1115,0,4.1
TX003474,retrait,22430.0,8.96,74460.0,4,966,0,3.9
TX003475,depot,7600.0,12.99,340720.0,3,131,1,0.4
TX003476,transfert,3020.0,17.54,63030.0,3,2915,0,1.4
TX003477,transfert,9610.0,13.63,10620.0,38,2,0,3.6
TX003478,transfert,20060.0,8.64,159970.0,3,1624,0,5.2
TX003479,depot,21630.0,11.96,91530.0,4,1545,0,5.9
TX003480,depot,3150.0,14.89,32130.0,4,1363,0,1.0
TX003481,retrait,23010.0,17.82,107140.0,3,1311,0,2.7
TX003482,depot,26860.0,12.05,142980.0,4,2057,0,2.1
TX003483,transfert,6780.0,8.61,99670.0,1,645,0,2.9
TX003484,paiement_marchand,1840.0,15.82,9730.0,5,701,0,1.4
TX003485,depot,16500.0,7.75,47390.0,5,160,0,3.9
TX003486,transfert,2640.0,11.39,136000.0,5,1244,0,2.2
TX003487,transfert,20010.0,12.26,71000.0,4,205,0,4.4
TX003488,paiement_marchand,790.0,8.15,23360.0,1,405,0,3.3
TX003489,transfert,8170.0,16.96,103000.0,7,845,0,0.6
TX003490,paiement_marchand,1850.0,15.64,161900.0,4,1605,1,6.7
TX003491,paiement_marchand,660.0,13.98,12790.0,6,2337,0,12.8
TX003492,paiement_marchand,5860.0,10.31,179120.0,5,937,0,2.3
TX003493,transfert,6410.0,11.4,159130.0,3,2036,0,0.7
TX003494,depot,4080.0,15.51,20040.0,2,1266,0,0.4
TX003495,transfert,4640.0,12.23,90910.0,5,2414,0,2.1
TX003496,transfert,3200.0,11.32,56690.0,3,2685,1,0.0
TX003497,transfert,6220.0,20.61,67960.0,6,2216,0,17.8
TX003498,retrait,26170.0,13.43,162010.0,4,877,0,1.2
TX003499,depot,29370.0,23.99,76940.0,5,2658,0,0.8
TX003500,transfert,12250.0,23.71,20300.0,3,524,0,0.9
TX003501,retrait,13410.0,15.74,44590.0,5,902,0,5.2
TX003502,transfert,630.0,14.81,42060.0,2,637,0,1.0
TX003503,transfert,4230.0,17.81,68820.0,4,683,0,3.7
TX003504,retrait,39660.0,10.34,105560.0,3,2053,0,3.6
TX003505,paiement_marchand,1170.0,14.82,18230.0,3,1376,0,2.9
TX003506,depot,15760.0,5.53,195220.0,2,2166,0,1.0
TX003507,transfert,10710.0,2.9,374120.0,4,2965,0,4.7
TX003508,transfert,3160.0,16.38,40750.0,4,928,0,2.7
TX003509,transfert,3020.0,8.08,70350.0,5,1758,0,3.7
TX003510,paiement_marchand,22530.0,11.21,134430.0,4,881,0,16.5
TX003511,retrait,10500.0,16.32,22550.0,7,1435,0,5.5
TX003512,retrait,8270.0,18.32,113010.0,9,1531,0,0.7
TX003513,transfert,5400.0,14.53,878180.0,6,1042,0,1.2
TX003514,transfert,5430.0,11.81,456440.0,4,1272,0,10.8
TX003515,paiement_marchand,1400.0,14.29,586570.0,4,2182,0,3.7
TX003516,transfert,3350.0,16.59,26660.0,4,801,0,2.0
TX003517,depot,15460.0,16.43,19460.0,3,2958,0,3.5
TX003518,depot,9560.0,12.55,126500.0,3,323,0,2.5
TX003519,paiement_marchand,14460.0,9.92,107150.0,4,1890,0,1.4
TX003520,paiement_marchand,1130.0,9.51,18660.0,3,958,0,1.2
TX003521,retrait,28600.0,13.21,83710.0,2,1492,0,1.0
TX003522,retrait,87470.0,3.43,88570.0,3,2693,1,324.4
TX003523,transfert,14170.0,20.74,91250.0,2,1747,0,0.5
TX003524,retrait,2810.0,14.63,16200.0,8,492,0,5.3
TX003525,retrait,13140.0,12.1,149690.0,5,151,0,3.2
TX003526,depot,11140.0,15.67,63920.0,3,1212,0,9.1
TX003527,retrait,9960.0,14.41,115730.0,4,866,0,1.3
TX003528,depot,5380.0,7.66,24900.0,7,987,0,0.3
TX003529,transfert,6650.0,12.25,48450.0,1,348,0,0.0
TX003530,depot,12750.0,12.62,55570.0,4,2229,0,5.1
TX003531,depot,28250.0,10.97,56920.0,5,2392,0,5.9
TX003532,transfert,2640.0,13.86,101220.0,5,1915,0,2.6
TX003533,retrait,27440.0,3.26,247970.0,5,1792,0,5.4
TX003534,transfert,6320.0,15.3,71440.0,7,1300,0,1.2
TX003535,retrait,23540.0,12.31,39510.0,4,2482,1,0.8
TX003536,transfert,19240.0,15.87,24310.0,38,1,0,3.2
TX003537,transfert,14640.0,6.13,304680.0,5,1683,0,2.4
TX003538,paiement_marchand,3830.0,11.26,229990.0,3,2255,0,11.1
TX003539,paiement_marchand,2340.0,13.7,23770.0,3,2765,0,0.5
TX003540,retrait,15600.0,19.36,164270.0,1,1279,0,7.2
TX003541,paiement_marchand,5720.0,16.01,27890.0,1,2581,0,6.6
TX003542,depot,2900.0,4.9,268330.0,1,712,0,1.5
TX003543,retrait,130940.0,13.28,140920.0,4,1964,0,2.3
TX003544,transfert,4100.0,15.74,13820.0,4,886,0,6.0
TX003545,depot,19950.0,11.47,126310.0,5,1281,0,2.8
TX003546,paiement_marchand,5100.0,19.24,32920.0,5,2652,0,2.6
TX003547,transfert,4820.0,14.5,47700.0,5,2474,0,6.0
TX003548,retrait,7230.0,18.04,73560.0,5,2498,0,1.8
TX003549,depot,10530.0,17.39,37460.0,5,1864,0,13.3
TX003550,transfert,6550.0,14.71,62730.0,2,1819,0,1.3
TX003551,paiement_marchand,11660.0,14.38,44480.0,4,2196,0,6.3
TX003552,transfert,8330.0,9.14,59260.0,5,1621,0,3.8
TX003553,depot,7930.0,14.84,112070.0,6,1977,0,2.8
TX003554,depot,11950.0,13.76,42470.0,4,1904,0,0.5
TX003555,transfert,7420.0,13.77,54600.0,1,2101,0,1.4
TX003556,depot,26790.0,9.1,113740.0,3,2762,1,0.2
TX003557,depot,23860.0,11.0,59460.0,2,2577,0,4.6
TX003558,retrait,16110.0,16.39,121320.0,3,724,0,3.6
TX003559,depot,34040.0,13.12,63970.0,2,2238,0,1.0
TX003560,paiement_marchand,2520.0,11.02,13130.0,1,1246,0,7.6
TX003561,paiement_marchand,780.0,20.01,140090.0,3,2417,0,2.0
TX003562,retrait,9030.0,18.43,50820.0,2,2308,0,2.4
TX003563,transfert,4180.0,3.61,12730.0,5,1803,0,0.1
TX003564,transfert,1760.0,18.99,37980.0,3,2688,0,1.8
TX003565,depot,10720.0,14.83,24710.0,4,2858,0,1.3
TX003566,transfert,60320.0,17.59,119360.0,3,2062,0,1.6
TX003567,depot,11440.0,14.33,57120.0,5,1299,0,9.2
TX003568,paiement_marchand,1900.0,15.2,63330.0,4,2430,0,3.9
TX003569,retrait,65050.0,14.98,236460.0,4,1719,0,1.5
TX003570,transfert,19610.0,23.99,29810.0,3,2556,0,0.5
TX003571,retrait,42140.0,14.49,153280.0,5,1506,0,5.3
TX003572,paiement_marchand,2490.0,11.96,154100.0,5,144,0,1.2
TX003573,retrait,10460.0,6.57,77960.0,3,1147,0,2.8
TX003574,transfert,12430.0,20.98,106910.0,2,2841,0,3.9
TX003575,retrait,9510.0,19.75,42030.0,5,1294,0,0.8
TX003576,retrait,25330.0,14.14,186980.0,5,2033,0,4.8
TX003577,transfert,32230.0,18.49,211640.0,3,978,0,0.8
TX003578,retrait,23090.0,10.31,41470.0,4,1069,0,4.9
TX003579,transfert,9970.0,18.29,19000.0,4,568,0,1.7
TX003580,transfert,3010.0,11.32,63620.0,4,2767,0,5.0
TX003581,paiement_marchand,1590.0,19.13,15510.0,4,474,0,7.6
TX003582,paiement_marchand,5500.0,11.04,51320.0,4,2629,0,1.9
TX003583,depot,19100.0,14.56,47850.0,4,1472,0,0.2
TX003584,paiement_marchand,4310.0,14.37,53780.0,8,1037,0,10.2
TX003585,retrait,7210.0,15.0,11300.0,2,2227,0,0.9
TX003586,retrait,3280.0,19.63,123810.0,5,498,0,0.2
TX003587,retrait,27230.0,13.99,217220.0,1,1379,0,13.2
TX003588,transfert,59420.0,13.26,225680.0,5,611,0,3.7
TX003589,transfert,18870.0,10.29,54640.0,7,1483,0,4.8
TX003590,retrait,5790.0,21.82,307100.0,3,676,0,4.6
TX003591,depot,14580.0,11.59,35830.0,6,2646,0,8.3
TX003592,paiement_marchand,3190.0,17.21,90920.0,2,2602,0,4.7
TX003593,transfert,7010.0,16.74,236610.0,7,273,0,5.4
TX003594,depot,22170.0,10.92,45470.0,6,2414,0,0.6
TX003595,transfert,11270.0,16.06,96150.0,3,1593,0,0.2
TX003596,transfert,8380.0,17.34,56490.0,6,176,1,1.4
TX003597,transfert,8220.0,15.28,22590.0,1,2664,0,19.7
TX003598,transfert,13780.0,7.87,41970.0,1,99,0,9.5
TX003599,retrait,23530.0,13.58,98000.0,3,1452,0,0.5
TX003600,paiement_marchand,5050.0,10.7,31660.0,6,805,0,5.4
TX003601,depot,16750.0,13.88,47810.0,9,2823,0,3.4
TX003602,retrait,6000.0,11.23,19610.0,3,2020,0,0.8
TX003603,transfert,8830.0,3.65,47920.0,5,2463,0,1.4
TX003604,paiement_marchand,10050.0,17.76,47070.0,3,331,0,3.2
TX003605,retrait,2040.0,23.57,31920.0,4,2247,0,0.3
TX003606,depot,67040.0,13.71,128640.0,7,2825,0,2.9
TX003607,transfert,4360.0,10.37,250010.0,7,152,0,9.5
TX003608,retrait,5340.0,13.35,157630.0,1,2833,0,0.4
TX003609,retrait,27130.0,15.24,130640.0,3,2140,0,1.0
TX003610,paiement_marchand,1530.0,12.21,8930.0,6,2956,0,0.9
TX003611,paiement_marchand,1640.0,18.89,12350.0,4,1676,0,1.4
TX003612,retrait,9750.0,23.99,21530.0,5,713,0,9.3
TX003613,retrait,8890.0,8.95,49740.0,5,715,0,1.0
TX003614,transfert,12590.0,15.69,42180.0,7,1208,0,6.6
TX003615,retrait,6300.0,10.05,98990.0,2,2322,0,2.8
TX003616,transfert,33720.0,15.08,162270.0,4,1421,0,1.8
TX003617,depot,4550.0,8.63,54640.0,3,1704,0,6.6
TX003618,paiement_marchand,4940.0,14.89,49170.0,4,1190,0,5.2
TX003619,transfert,2030.0,20.35,93980.0,3,1456,0,1.8
TX003620,retrait,10760.0,12.47,321620.0,7,1083,0,1.2
TX003621,depot,4920.0,12.26,137120.0,1,811,0,3.7
TX003622,retrait,18930.0,15.63,437750.0,2,941,0,2.6
TX003623,depot,15740.0,17.43,73090.0,6,1906,0,11.2
TX003624,retrait,8700.0,16.12,48280.0,2,2540,0,0.1
TX003625,depot,25770.0,10.77,97610.0,5,862,0,1.7
TX003626,paiement_marchand,3070.0,10.08,57860.0,6,2871,0,8.7
TX003627,retrait,39120.0,8.11,117700.0,4,1073,0,0.1
TX003628,retrait,18840.0,16.31,149960.0,7,2447,0,1.9
TX003629,depot,13590.0,12.49,179590.0,3,215,0,3.0
TX003630,paiement_marchand,2690.0,9.88,36460.0,2,733,0,7.9
TX003631,transfert,7010.0,12.3,39000.0,3,544,0,1.0
TX003632,depot,4470.0,15.36,125110.0,4,2248,0,8.1
TX003633,retrait,33170.0,11.94,45740.0,2,2065,0,3.4
TX003634,retrait,16960.0,21.69,37810.0,2,2469,1,4.8
TX003635,depot,12600.0,18.82,47560.0,6,2384,0,1.9
TX003636,transfert,2930.0,14.5,15710.0,3,648,0,1.8
TX003637,depot,9580.0,5.9,43680.0,5,1289,0,7.6
TX003638,paiement_marchand,710.0,12.05,49930.0,3,2623,0,9.2
TX003639,depot,16710.0,11.06,62220.0,2,1372,0,0.0
TX003640,transfert,8760.0,11.75,49940.0,8,2336,0,0.4
TX003641,transfert,11910.0,20.35,81810.0,7,2458,0,3.6
TX003642,transfert,9960.0,14.55,68250.0,4,1124,0,0.4
TX003643,transfert,11220.0,11.05,95240.0,5,1273,0,0.4
TX003644,transfert,11700.0,8.76,67950.0,6,178,0,2.2
TX003645,paiement_marchand,7030.0,14.78,24360.0,5,2192,0,12.9
TX003646,paiement_marchand,1690.0,12.29,315180.0,5,1048,0,3.0
TX003647,paiement_marchand,1270.0,16.08,40210.0,4,708,0,2.1
TX003648,paiement_marchand,3630.0,14.85,27720.0,4,153,0,1.4
TX003649,transfert,5590.0,13.58,117020.0,2,260,0,1.6
TX003650,paiement_marchand,4500.0,19.57,15660.0,2,1843,0,0.0
TX003651,transfert,13790.0,19.1,26930.0,6,947,0,0.4
TX003652,paiement_marchand,3740.0,8.67,42880.0,5,2030,0,10.8
TX003653,retrait,34360.0,13.5,40870.0,6,2037,0,3.4
TX003654,retrait,5020.0,8.55,26620.0,3,1879,0,6.7
TX003655,depot,12500.0,16.59,124360.0,4,1188,0,9.3
TX003656,retrait,4590.0,14.89,56590.0,3,1178,0,2.4
TX003657,depot,5910.0,18.0,19850.0,4,2751,0,4.0
TX003658,transfert,21390.0,13.54,31860.0,45,7,0,4.0
TX003659,transfert,1670.0,13.78,92310.0,2,2804,0,1.5
TX003660,retrait,2160.0,9.14,48830.0,3,2721,0,1.2
TX003661,retrait,10050.0,16.63,89180.0,3,92,0,2.6
TX003662,transfert,6010.0,17.32,25560.0,4,838,0,0.5
TX003663,depot,28660.0,21.33,310050.0,4,887,0,0.1
TX003664,retrait,28580.0,12.69,76380.0,5,2697,0,4.6
TX003665,depot,11160.0,14.43,45230.0,2,1229,0,2.7
TX003666,retrait,33940.0,20.05,54530.0,3,2817,0,0.9
TX003667,paiement_marchand,2220.0,6.33,40390.0,7,2983,0,5.4
TX003668,retrait,16190.0,12.48,39000.0,3,1539,0,12.1
TX003669,depot,10540.0,18.06,40330.0,3,303,0,1.7
TX003670,retrait,64350.0,12.38,75990.0,4,2871,0,7.0
TX003671,paiement_marchand,2660.0,11.9,120150.0,7,1692,0,1.3
TX003672,paiement_marchand,26470.0,16.14,96000.0,7,1168,0,1.4
TX003673,transfert,8520.0,18.84,236590.0,4,1803,0,0.9
TX003674,transfert,10100.0,11.08,598210.0,3,347,0,2.2
TX003675,depot,2740.0,11.97,9750.0,5,2293,0,6.6
TX003676,depot,10830.0,10.06,50110.0,4,2334,0,9.2
TX003677,paiement_marchand,13000.0,15.8,69610.0,4,677,0,1.5
TX003678,paiement_marchand,1710.0,13.46,101020.0,4,2589,0,2.4
TX003679,transfert,7940.0,17.07,356910.0,5,1868,0,0.1
TX003680,transfert,11070.0,17.21,37090.0,3,720,0,1.3
TX003681,transfert,8550.0,8.69,28740.0,5,1091,0,5.3
TX003682,retrait,26810.0,22.66,169400.0,5,113,0,1.7
TX003683,paiement_marchand,4440.0,10.05,46220.0,2,1409,0,1.6
TX003684,transfert,4480.0,15.91,66540.0,3,2158,0,13.7
TX003685,paiement_marchand,7120.0,15.19,43940.0,7,803,0,3.5
TX003686,depot,30270.0,15.14,865460.0,3,1842,0,0.7
TX003687,paiement_marchand,3050.0,14.46,32470.0,3,1708,0,3.2
TX003688,retrait,14970.0,17.27,45730.0,3,2475,0,7.5
TX003689,transfert,6860.0,13.58,25430.0,5,37,0,0.0
TX003690,transfert,8220.0,15.27,62090.0,4,2750,0,0.3
TX003691,transfert,6840.0,18.15,18860.0,2,2391,0,0.2
TX003692,depot,13930.0,12.28,28920.0,4,1133,1,0.1
TX003693,depot,8050.0,11.69,27630.0,3,1625,0,1.7
TX003694,retrait,148950.0,2.29,161080.0,2,878,1,147.3
TX003695,transfert,3010.0,17.69,125640.0,3,154,0,2.7
TX003696,depot,74720.0,21.06,131310.0,2,341,0,11.0
TX003697,transfert,10160.0,15.47,85630.0,2,923,0,0.8
TX003698,depot,65330.0,15.58,109940.0,2,1308,0,0.9
TX003699,retrait,10400.0,11.3,185600.0,1,659,0,3.9
TX003700,depot,3410.0,15.68,78520.0,4,1149,0,5.9
TX003701,transfert,4950.0,12.95,67830.0,6,2260,0,0.2
TX003702,paiement_marchand,1700.0,16.12,17590.0,6,1119,0,1.5
TX003703,retrait,9900.0,12.78,23860.0,5,2409,0,1.7
TX003704,paiement_marchand,6500.0,19.28,22670.0,6,998,0,2.5
TX003705,paiement_marchand,33240.0,17.17,185120.0,7,225,0,4.1
TX003706,transfert,9800.0,5.58,61580.0,5,573,0,6.0
TX003707,retrait,17070.0,14.12,116020.0,2,1741,0,1.8
TX003708,depot,14460.0,20.32,37610.0,4,287,0,9.1
TX003709,depot,14110.0,18.85,39260.0,4,648,0,0.2
TX003710,transfert,8870.0,17.63,79160.0,6,2755,0,1.4
TX003711,paiement_marchand,2920.0,15.56,99700.0,2,1430,0,1.6
TX003712,depot,21700.0,19.6,64470.0,2,1196,1,2.9
TX003713,retrait,8720.0,17.32,42960.0,5,2816,0,9.2
TX003714,transfert,32350.0,8.11,78610.0,3,1221,0,1.4
TX003715,depot,27610.0,12.91,43980.0,7,677,0,2.3
TX003716,transfert,58990.0,7.62,108580.0,5,624,0,3.4
TX003717,transfert,10830.0,10.6,49660.0,4,2550,0,5.1
TX003718,depot,6120.0,13.0,63210.0,4,1242,0,1.1
TX003719,retrait,9080.0,16.05,71980.0,3,2345,0,0.4
TX003720,paiement_marchand,10170.0,15.98,199470.0,10,220,0,3.3
TX003721,retrait,34610.0,19.33,68810.0,5,2049,0,1.9
TX003722,transfert,13060.0,13.19,37490.0,8,481,0,1.2
TX003723,transfert,16390.0,15.57,97060.0,3,2248,0,1.6
TX003724,depot,4780.0,19.77,22160.0,6,1228,0,1.4
TX003725,transfert,3840.0,18.47,27670.0,3,660,0,0.4
TX003726,depot,6730.0,11.06,152310.0,7,2616,0,0.5
TX003727,paiement_marchand,630.0,10.6,410800.0,7,1914,0,1.5
TX003728,depot,10140.0,20.9,81490.0,3,461,0,7.9
TX003729,retrait,15390.0,14.32,136020.0,3,1166,0,6.0
TX003730,retrait,5400.0,10.62,26620.0,7,275,0,0.7
TX003731,paiement_marchand,5460.0,14.48,37140.0,3,2432,1,0.3
TX003732,transfert,32460.0,12.05,83640.0,5,459,0,1.0
TX003733,depot,16490.0,15.1,156500.0,4,2044,0,1.5
TX003734,retrait,27720.0,15.34,45180.0,3,2722,0,5.5
TX003735,retrait,9180.0,12.36,22420.0,6,1373,0,5.2
TX003736,paiement_marchand,778410.0,14.42,1000150.0,7,38,0,1.5
TX003737,paiement_marchand,6140.0,6.77,42660.0,2,1348,0,4.2
TX003738,transfert,9280.0,15.45,53990.0,3,2064,0,5.9
TX003739,retrait,6440.0,17.89,137600.0,5,379,0,0.3
TX003740,transfert,7920.0,7.98,119990.0,4,2640,0,1.1
TX003741,depot,2890.0,16.52,100670.0,5,130,0,2.0
TX003742,retrait,44760.0,14.33,105660.0,5,2391,0,1.4
TX003743,transfert,2280.0,14.56,45210.0,5,1077,0,1.2
TX003744,paiement_marchand,3230.0,14.35,102070.0,6,2788,0,3.5
TX003745,transfert,11130.0,16.48,82430.0,4,2076,0,0.5
TX003746,depot,15050.0,8.53,53030.0,11,1583,0,2.8
TX003747,retrait,10400.0,11.07,444690.0,5,1010,0,0.4
TX003748,paiement_marchand,6940.0,20.7,26780.0,3,873,0,2.1
TX003749,transfert,2810.0,17.99,47350.0,3,1035,0,0.0
TX003750,retrait,4130.0,17.93,72900.0,4,2497,0,4.1
TX003751,retrait,7670.0,15.91,32440.0,2,2013,0,2.1
TX003752,paiement_marchand,5670.0,21.08,21050.0,7,1154,0,3.7
TX003753,depot,10430.0,18.55,136500.0,5,2046,0,2.4
TX003754,depot,17200.0,8.25,100100.0,4,2596,0,3.2
TX003755,transfert,9550.0,21.42,46660.0,5,2200,0,10.9
TX003756,paiement_marchand,1380.0,13.87,67920.0,1,2622,0,4.7
TX003757,transfert,17650.0,15.38,157440.0,3,1514,0,7.5
TX003758,paiement_marchand,8120.0,10.24,51010.0,2,1365,0,8.2
TX003759,depot,29730.0,15.58,60090.0,2,685,0,5.1
TX003760,transfert,3120.0,7.36,220480.0,8,155,0,1.3
TX003761,retrait,9850.0,16.05,46490.0,4,1487,0,2.5
TX003762,retrait,4160.0,14.18,45810.0,3,1726,0,4.6
TX003763,paiement_marchand,8920.0,14.34,65250.0,3,2057,0,6.3
TX003764,paiement_marchand,19080.0,19.24,23470.0,4,979,0,8.7
TX003765,paiement_marchand,3420.0,19.0,109550.0,3,1006,0,0.0
TX003766,depot,8500.0,13.81,168870.0,6,2490,0,6.2
TX003767,depot,12660.0,11.95,69140.0,4,2044,0,0.3
TX003768,depot,26000.0,6.53,50380.0,5,1118,0,1.0
TX003769,paiement_marchand,8000.0,17.86,59160.0,4,1991,0,13.9
TX003770,paiement_marchand,1180.0,8.04,357690.0,5,2255,0,1.9
TX003771,paiement_marchand,3700.0,18.41,36340.0,5,980,0,0.6
TX003772,depot,10050.0,19.5,41210.0,5,762,0,5.2
TX003773,paiement_marchand,24480.0,15.14,101270.0,2,653,0,4.7
TX003774,retrait,5840.0,13.83,39830.0,6,1716,0,0.7
TX003775,retrait,14660.0,9.94,133390.0,3,1159,0,2.8
TX003776,transfert,17870.0,12.31,60550.0,5,1029,0,2.2
TX003777,depot,28260.0,11.72,68220.0,5,2282,0,12.8
TX003778,depot,9340.0,13.4,179730.0,2,143,0,12.5
TX003779,paiement_marchand,1860.0,15.55,25970.0,6,491,0,10.9
TX003780,retrait,24680.0,17.79,95750.0,6,781,0,3.4
TX003781,depot,50250.0,12.58,152890.0,4,826,0,5.7
TX003782,depot,22120.0,21.25,45150.0,5,1435,0,0.9
TX003783,retrait,21780.0,17.12,194600.0,5,2150,0,1.4
TX003784,retrait,13610.0,11.35,33800.0,7,1995,0,0.2
TX003785,retrait,6450.0,16.28,102910.0,4,1369,0,0.4
TX003786,retrait,6500.0,13.12,67420.0,4,2965,0,2.1
TX003787,depot,12380.0,15.36,13250.0,6,1738,0,2.9
TX003788,depot,16330.0,15.41,44510.0,4,1440,0,3.5
TX003789,transfert,4190.0,20.26,47930.0,3,1164,0,0.3
TX003790,retrait,29850.0,13.73,426250.0,2,1761,0,4.8
TX003791,depot,20790.0,12.5,101220.0,3,1803,0,7.9
TX003792,transfert,3930.0,11.51,105540.0,2,2411,1,8.6
TX003793,retrait,25340.0,22.34,71080.0,4,2495,0,2.5
TX003794,retrait,6440.0,15.62,70780.0,1,2644,0,1.2
TX003795,depot,7920.0,13.87,90500.0,5,2483,0,1.7
TX003796,retrait,15030.0,12.67,25260.0,2,2425,0,4.0
TX003797,depot,20540.0,11.58,194940.0,3,551,0,1.8
TX003798,retrait,24030.0,14.09,49840.0,3,2288,0,0.2
TX003799,transfert,18550.0,9.62,47170.0,2,1243,0,2.2
TX003800,paiement_marchand,710.0,10.98,100280.0,5,396,0,0.2
TX003801,depot,18450.0,13.26,34830.0,4,975,0,3.7
TX003802,transfert,9670.0,16.77,25700.0,10,1437,0,2.1
TX003803,retrait,18510.0,9.27,84440.0,2,2411,0,1.2
TX003804,retrait,7210.0,12.42,289050.0,1,719,0,8.0
TX003805,transfert,4000.0,12.4,11790.0,3,1180,0,0.9
TX003806,transfert,10460.0,14.44,115040.0,3,2411,0,3.7
TX003807,depot,74110.0,10.18,109280.0,3,2718,0,3.2
TX003808,depot,14550.0,14.7,132500.0,6,57,0,2.5
TX003809,transfert,5420.0,14.15,319170.0,4,35,0,1.3
TX003810,transfert,3240.0,21.14,63910.0,3,2645,0,5.6
TX003811,paiement_marchand,8200.0,15.64,22420.0,3,436,0,7.1
TX003812,depot,11940.0,20.03,118760.0,4,1882,0,1.2
TX003813,transfert,37540.0,15.03,71310.0,4,2817,0,1.6
TX003814,transfert,17820.0,5.33,99550.0,8,2474,0,3.3
TX003815,retrait,10420.0,11.05,72430.0,6,2302,0,6.5
TX003816,paiement_marchand,4320.0,11.31,9900.0,8,2561,0,2.6
TX003817,paiement_marchand,9270.0,10.71,30260.0,5,56,0,2.0
TX003818,depot,70470.0,11.48,108180.0,3,672,0,0.7
TX003819,depot,3020.0,14.05,29410.0,3,40,0,3.5
TX003820,retrait,5960.0,15.51,19860.0,5,1066,0,3.5
TX003821,transfert,14120.0,14.84,229370.0,4,2213,0,0.0
TX003822,transfert,4680.0,11.42,128110.0,4,1198,0,2.1
TX003823,depot,32530.0,9.34,221620.0,6,588,0,3.3
TX003824,paiement_marchand,730.0,5.47,38590.0,6,1311,0,3.8
TX003825,retrait,8520.0,11.99,70420.0,3,443,0,7.6
TX003826,transfert,4940.0,15.26,58660.0,4,166,0,6.2
TX003827,retrait,2240.0,15.09,153760.0,6,2023,0,3.5
TX003828,transfert,12950.0,12.1,37270.0,5,1002,0,6.2
TX003829,paiement_marchand,2980.0,14.1,58160.0,3,62,0,6.6
TX003830,retrait,7740.0,15.99,91610.0,3,253,0,0.9
TX003831,retrait,9450.0,7.48,127540.0,4,216,0,3.6
TX003832,transfert,9610.0,13.97,76890.0,4,788,0,8.4
TX003833,paiement_marchand,1480.0,13.95,20280.0,4,2102,0,1.2
TX003834,retrait,3590.0,19.24,55300.0,2,340,0,1.3
TX003835,retrait,11750.0,18.01,29130.0,7,1170,0,3.9
TX003836,retrait,3930.0,8.96,37650.0,4,1735,0,2.0
TX003837,depot,3940.0,21.2,28810.0,5,740,0,0.6
TX003838,depot,8720.0,20.98,43690.0,5,839,0,2.9
TX003839,depot,6670.0,8.01,115000.0,2,987,0,4.4
TX003840,retrait,94500.0,10.32,211720.0,2,95,0,10.0
TX003841,transfert,3610.0,11.08,20760.0,2,2837,0,7.9
TX003842,paiement_marchand,6440.0,11.78,76560.0,4,1483,0,9.7
TX003843,transfert,3950.0,19.8,67420.0,4,1120,0,4.8
TX003844,depot,7320.0,17.2,19900.0,2,2983,0,8.3
TX003845,paiement_marchand,850.0,18.01,66340.0,5,184,0,0.9
TX003846,retrait,5650.0,19.15,46410.0,3,734,0,3.8
TX003847,retrait,13870.0,8.42,90860.0,4,2466,0,6.3
TX003848,retrait,20740.0,10.18,46690.0,5,1632,0,2.9
TX003849,transfert,7250.0,12.87,116690.0,4,2165,1,8.5
TX003850,depot,10660.0,9.55,363250.0,3,2096,0,2.3
TX003851,paiement_marchand,750.0,16.89,29410.0,1,2310,0,10.9
TX003852,retrait,17810.0,11.81,182500.0,4,1678,0,10.6
TX003853,transfert,10620.0,12.3,246190.0,7,2679,0,1.0
TX003854,depot,2860.0,12.51,35840.0,5,634,0,2.4
TX003855,retrait,16530.0,13.06,55650.0,1,2542,0,1.0
TX003856,depot,41680.0,8.22,75900.0,4,2662,0,3.0
TX003857,depot,87760.0,10.27,315720.0,6,994,0,2.4
TX003858,depot,8150.0,20.72,252490.0,7,1733,0,8.3
TX003859,transfert,20390.0,18.03,335310.0,2,2946,0,0.4
TX003860,transfert,10170.0,7.38,297700.0,3,574,0,2.9
TX003861,retrait,6280.0,15.69,31330.0,6,2742,0,1.0
TX003862,retrait,18080.0,14.17,67640.0,5,2220,0,0.7
TX003863,depot,13090.0,19.18,40290.0,8,2636,0,3.6
TX003864,depot,6790.0,16.48,55030.0,2,1328,0,0.4
TX003865,transfert,24590.0,15.38,32100.0,38,8,1,0.2
TX003866,retrait,14520.0,21.75,41990.0,6,1278,0,6.5
TX003867,retrait,3210.0,15.01,36630.0,4,1630,0,1.2
TX003868,depot,12810.0,8.26,33070.0,4,2963,0,1.9
TX003869,retrait,4420.0,3.54,45800.0,5,1724,1,0.5
TX003870,paiement_marchand,2850.0,13.49,10420.0,4,722,0,0.2
TX003871,transfert,12840.0,21.52,53570.0,3,2877,0,5.9
TX003872,depot,119800.0,17.66,137790.0,3,2195,0,4.1
TX003873,depot,10080.0,14.92,161430.0,4,595,0,6.3
TX003874,paiement_marchand,2030.0,15.84,34300.0,5,938,0,0.5
TX003875,transfert,21140.0,13.43,36560.0,3,1660,0,1.6
TX003876,retrait,15180.0,16.31,58310.0,3,1613,0,0.7
TX003877,paiement_marchand,14800.0,17.35,379140.0,5,1531,0,2.9
TX003878,transfert,1120.0,11.33,9940.0,4,2196,0,4.9
TX003879,retrait,4700.0,13.94,41710.0,4,2764,0,13.4
TX003880,paiement_marchand,2230.0,17.49,121350.0,4,221,0,4.0
TX003881,retrait,17360.0,4.41,86440.0,6,1768,0,0.4
TX003882,depot,30610.0,16.53,149270.0,5,1168,0,4.2
TX003883,depot,6930.0,12.1,63450.0,5,2873,0,0.1
TX003884,transfert,5080.0,16.72,83600.0,2,2157,0,0.8
TX003885,depot,12420.0,12.61,79480.0,6,1474,0,1.4
TX003886,transfert,12630.0,4.96,23830.0,3,997,0,0.2
TX003887,depot,27160.0,16.74,97900.0,4,1383,0,1.0
TX003888,depot,5060.0,9.91,24350.0,4,1498,0,1.2
TX003889,depot,10080.0,12.1,193740.0,4,2787,0,0.9
TX003890,retrait,7770.0,12.98,43700.0,3,1900,0,5.4
TX003891,transfert,21240.0,9.27,52500.0,3,1169,0,0.1
TX003892,retrait,15850.0,18.25,93290.0,4,1084,0,3.2
TX003893,paiement_marchand,9020.0,13.63,17310.0,2,1767,0,0.7
TX003894,retrait,6460.0,10.64,137450.0,5,285,0,3.9
TX003895,paiement_marchand,6250.0,20.5,19590.0,3,49,0,0.0
TX003896,transfert,4700.0,14.35,21020.0,5,1342,0,0.6
TX003897,transfert,3400.0,12.95,7080.0,4,2019,0,4.9
TX003898,transfert,2140.0,13.64,10410.0,2,289,0,8.3
TX003899,transfert,13800.0,18.01,24320.0,2,657,0,4.1
TX003900,transfert,11440.0,16.79,160760.0,4,1101,0,1.8
TX003901,depot,17400.0,12.22,216780.0,5,2199,0,4.5
TX003902,depot,6550.0,8.41,85100.0,2,1227,0,6.2
TX003903,depot,13990.0,14.23,36580.0,2,720,0,3.8
TX003904,depot,39650.0,12.53,256050.0,2,2730,0,1.6
TX003905,depot,14290.0,15.53,78240.0,3,200,0,0.3
TX003906,depot,10000.0,14.06,18830.0,5,2286,0,0.1
TX003907,retrait,13270.0,18.6,71530.0,5,1252,0,3.1
TX003908,depot,29140.0,13.4,107320.0,7,1699,0,10.6
TX003909,paiement_marchand,4490.0,21.51,71650.0,3,1111,0,1.9
TX003910,retrait,100040.0,2.04,109150.0,3,516,1,121.7
TX003911,paiement_marchand,1980.0,15.27,59630.0,3,2857,0,4.9
TX003912,paiement_marchand,5090.0,2.72,87670.0,3,2566,0,1.2
TX003913,paiement_marchand,4880.0,6.23,30480.0,2,819,0,15.3
TX003914,paiement_marchand,1520.0,12.49,46890.0,3,952,0,2.8
TX003915,retrait,5530.0,8.71,49790.0,2,1140,0,1.8
TX003916,retrait,4650.0,17.62,239170.0,6,845,0,12.0
TX003917,paiement_marchand,8390.0,1.03,68000.0,2,390,0,11.6
TX003918,retrait,21500.0,13.33,438760.0,6,741,0,5.7
TX003919,transfert,19550.0,6.95,70440.0,4,2037,0,4.6
TX003920,transfert,7090.0,9.24,44610.0,2,2562,0,1.7
TX003921,paiement_marchand,9980.0,7.29,243710.0,5,180,0,0.6
TX003922,depot,16720.0,12.44,102690.0,5,1670,0,1.2
TX003923,depot,9410.0,17.18,31190.0,5,2777,0,0.3
TX003924,paiement_marchand,1980.0,4.45,31240.0,3,2890,0,6.4
TX003925,depot,82040.0,4.05,180170.0,5,2118,0,3.6
TX003926,paiement_marchand,8940.0,9.8,36000.0,3,1470,0,11.5
TX003927,retrait,14790.0,11.21,78410.0,3,2234,0,0.0
TX003928,paiement_marchand,4690.0,7.93,21330.0,3,1500,0,0.5
TX003929,retrait,11210.0,17.67,312480.0,3,305,0,4.9
TX003930,depot,16650.0,16.5,86100.0,4,2523,0,3.7
TX003931,depot,12860.0,17.78,444270.0,4,2241,0,1.1
TX003932,transfert,7420.0,9.68,62140.0,3,2291,0,3.8
TX003933,retrait,5240.0,15.48,59210.0,3,907,0,1.3
TX003934,retrait,17310.0,3.65,38950.0,2,1975,1,2.6
TX003935,depot,13730.0,18.51,43940.0,4,532,0,5.2
TX003936,retrait,3960.0,8.31,86430.0,4,255,0,0.4
TX003937,transfert,13210.0,15.12,222620.0,7,1723,0,0.4
TX003938,retrait,6420.0,7.24,314490.0,7,320,0,0.1
TX003939,transfert,5600.0,14.22,15420.0,1,2393,0,12.9
TX003940,retrait,32650.0,16.63,49400.0,3,1372,0,1.4
TX003941,retrait,6310.0,10.44,44900.0,4,2654,0,3.3
TX003942,paiement_marchand,3290.0,15.48,52950.0,4,1137,0,3.7
TX003943,depot,20610.0,17.35,157570.0,2,1979,0,0.1
TX003944,transfert,21690.0,13.91,60270.0,4,1325,0,4.3
TX003945,depot,17210.0,13.69,115410.0,2,72,0,8.5
TX003946,retrait,15140.0,15.05,21510.0,4,759,0,1.5
TX003947,transfert,8410.0,12.33,201950.0,3,434,0,0.7
TX003948,depot,101990.0,13.75,106580.0,5,959,0,1.6
TX003949,paiement_marchand,1910.0,12.43,279870.0,2,1880,0,8.9
TX003950,depot,10730.0,13.85,73750.0,1,1998,0,1.4
TX003951,paiement_marchand,4200.0,16.53,172030.0,5,170,0,0.6
TX003952,paiement_marchand,2840.0,13.0,72540.0,4,1177,0,1.4
TX003953,depot,17750.0,16.82,109270.0,4,507,0,9.4
TX003954,paiement_marchand,1070.0,13.61,209350.0,4,2550,0,2.9
TX003955,retrait,281140.0,2.63,310990.0,2,1301,1,163.2
TX003956,depot,58610.0,7.12,105520.0,4,146,0,2.2
TX003957,depot,33430.0,7.1,125170.0,5,967,0,6.7
TX003958,depot,66610.0,6.28,114740.0,4,2297,0,1.5
TX003959,paiement_marchand,2780.0,17.15,46030.0,6,2979,0,3.0
TX003960,retrait,7060.0,9.86,82250.0,2,1494,0,0.0
TX003961,transfert,3270.0,17.52,120800.0,3,1085,0,22.0
TX003962,retrait,11030.0,12.32,117220.0,6,368,0,6.5
TX003963,paiement_marchand,4000.0,11.67,31520.0,2,2340,0,1.1
TX003964,transfert,4090.0,14.69,40830.0,4,238,0,2.7
TX003965,transfert,5510.0,16.53,33590.0,4,125,0,7.8
TX003966,depot,18560.0,23.99,105360.0,2,1772,0,2.4
TX003967,transfert,4480.0,12.92,73020.0,4,2007,0,1.8
TX003968,paiement_marchand,2740.0,8.95,21200.0,3,2473,0,3.2
TX003969,paiement_marchand,7310.0,16.31,47980.0,3,2115,0,1.3
TX003970,retrait,4180.0,12.5,52230.0,5,2081,0,0.9
TX003971,depot,32190.0,15.06,51240.0,3,1822,0,2.1
TX003972,transfert,161080.0,3.31,164440.0,3,791,1,97.1
TX003973,depot,69280.0,17.06,245720.0,3,2830,0,2.1
TX003974,depot,8570.0,14.68,202820.0,1,51,1,2.9
TX003975,paiement_marchand,9620.0,5.61,55890.0,1,1662,0,2.2
TX003976,paiement_marchand,1160.0,14.86,64190.0,3,856,0,2.4
TX003977,transfert,11550.0,10.58,91230.0,4,1683,0,6.0
TX003978,depot,30240.0,17.0,207500.0,3,2859,0,2.3
TX003979,transfert,11950.0,20.61,99560.0,3,1858,0,12.6
TX003980,retrait,1890.0,16.72,28730.0,4,1452,0,8.2
TX003981,depot,20560.0,12.91,302560.0,7,575,0,4.9
TX003982,depot,17980.0,17.09,159200.0,2,1999,0,0.9
TX003983,retrait,27180.0,19.83,75410.0,4,1411,1,1.2
TX003984,transfert,8160.0,15.62,209220.0,4,1498,0,6.1
TX003985,retrait,14540.0,12.23,97680.0,3,500,0,5.8
TX003986,transfert,16570.0,14.48,125330.0,5,2293,0,0.9
TX003987,retrait,24760.0,16.98,235240.0,3,2884,0,3.0
TX003988,depot,9360.0,14.31,101020.0,5,2517,0,9.3
TX003989,paiement_marchand,6160.0,14.98,20170.0,2,2929,0,0.4
TX003990,depot,19230.0,15.49,445490.0,5,125,0,4.3
TX003991,retrait,10360.0,10.52,21400.0,5,1905,0,5.0
TX003992,retrait,9690.0,11.82,29110.0,4,1230,0,4.0
TX003993,depot,15260.0,11.89,70180.0,2,1053,1,1.4
TX003994,depot,5830.0,18.4,75140.0,3,1189,0,3.7
TX003995,depot,6740.0,18.6,33330.0,3,2551,0,7.7
TX003996,paiement_marchand,13030.0,14.61,153370.0,2,342,0,3.8
TX003997,paiement_marchand,5460.0,8.1,412710.0,3,2149,0,2.0
TX003998,depot,44140.0,9.2,56860.0,4,1271,0,1.2
TX003999,transfert,9000.0,12.14,90370.0,3,1638,0,12.5
TX004000,depot,14010.0,23.67,225110.0,3,2093,0,12.4
TX004001,transfert,9400.0,13.78,27810.0,4,1790,0,1.2
TX004002,depot,22650.0,12.84,209780.0,5,2293,0,1.5
TX004003,retrait,21300.0,11.48,68830.0,5,1612,0,1.3
TX004004,paiement_marchand,1940.0,10.44,22780.0,3,439,0,6.4
TX004005,retrait,8510.0,16.99,61760.0,3,2926,0,0.3
TX004006,paiement_marchand,2300.0,7.73,66380.0,8,739,0,4.7
TX004007,paiement_marchand,1230.0,18.71,73810.0,5,1898,1,3.6
TX004008,depot,5830.0,4.54,41170.0,6,2708,0,4.5
TX004009,transfert,5380.0,15.32,59220.0,4,2259,0,1.6
TX004010,transfert,10130.0,15.27,66880.0,2,776,0,7.9
TX004011,transfert,16760.0,19.33,16770.0,46,7,0,1.7
TX004012,paiement_marchand,790.0,15.48,25920.0,5,1061,0,8.6
TX004013,depot,13670.0,13.06,41050.0,2,2119,0,2.7
TX004014,paiement_marchand,6270.0,18.4,18570.0,3,238,0,1.1
TX004015,depot,23660.0,9.23,151060.0,5,2409,0,1.9
TX004016,transfert,5610.0,14.5,43980.0,1,988,0,1.2
TX004017,paiement_marchand,6210.0,11.81,24080.0,5,1843,0,2.7
TX004018,retrait,4240.0,12.56,24050.0,3,1147,0,3.5
TX004019,transfert,16470.0,13.42,247020.0,4,1996,0,8.2
TX004020,transfert,4040.0,19.58,264790.0,7,1060,0,8.8
TX004021,depot,14900.0,13.4,120470.0,4,210,0,6.0
TX004022,transfert,7550.0,19.42,21270.0,4,1646,0,0.3
TX004023,paiement_marchand,14570.0,8.37,70840.0,3,1544,0,6.6
TX004024,paiement_marchand,3370.0,18.09,132940.0,7,605,0,6.7
TX004025,depot,20410.0,11.45,75520.0,5,2380,0,2.1
TX004026,paiement_marchand,1780.0,17.78,22610.0,6,209,0,11.2
TX004027,retrait,9840.0,8.09,22220.0,5,1005,0,2.7
TX004028,paiement_marchand,3110.0,11.13,31820.0,5,1712,0,1.2
TX004029,transfert,2560.0,15.85,145060.0,6,2806,0,0.0
TX004030,retrait,6670.0,19.66,99260.0,3,584,0,0.7
TX004031,paiement_marchand,2170.0,13.02,67020.0,3,339,1,17.8
TX004032,paiement_marchand,14420.0,6.42,196260.0,6,2879,0,14.7
TX004033,paiement_marchand,1630.0,15.41,25740.0,4,2159,0,0.3
TX004034,paiement_marchand,690.0,10.48,57790.0,2,2367,0,4.0
TX004035,retrait,19360.0,19.37,128580.0,5,633,0,3.8
TX004036,retrait,6280.0,9.75,49080.0,4,1539,0,0.1
TX004037,depot,27810.0,9.76,48200.0,4,830,0,1.2
TX004038,retrait,27180.0,14.76,69890.0,3,1377,0,1.8
TX004039,depot,36320.0,12.47,269310.0,2,2173,1,3.1
TX004040,paiement_marchand,4310.0,8.76,81790.0,1,2399,0,0.1
TX004041,retrait,10790.0,16.22,69330.0,6,1091,0,0.0
TX004042,retrait,35630.0,14.03,144320.0,4,1932,0,3.4
TX004043,depot,40440.0,20.88,73240.0,4,745,0,0.1
TX004044,depot,27240.0,13.01,49320.0,3,938,0,2.9
TX004045,retrait,7070.0,5.34,177880.0,1,2808,0,7.2
TX004046,retrait,13280.0,21.38,84880.0,3,2420,0,0.6
TX004047,transfert,9460.0,17.75,40710.0,4,1766,0,2.6
TX004048,paiement_marchand,1270.0,15.88,57640.0,3,117,0,3.8
TX004049,depot,14270.0,18.09,47160.0,3,1392,0,12.9
TX004050,transfert,8490.0,16.76,28080.0,3,2486,0,2.8
TX004051,paiement_marchand,5060.0,15.22,7870.0,4,506,0,2.1
TX004052,paiement_marchand,3230.0,14.73,254340.0,6,2952,0,2.3
TX004053,paiement_marchand,7680.0,16.5,125180.0,8,2520,0,2.9
TX004054,depot,12010.0,17.94,163360.0,7,1576,0,0.4
TX004055,depot,8780.0,13.07,13540.0,3,2533,0,7.9
TX004056,transfert,24150.0,12.26,153580.0,4,2208,0,0.4
TX004057,retrait,4220.0,11.25,14110.0,4,606,0,0.1
TX004058,depot,9400.0,9.73,112070.0,4,1997,0,1.9
TX004059,retrait,8610.0,15.81,106710.0,4,2828,0,0.5
TX004060,transfert,38650.0,15.02,174490.0,3,93,0,0.4
TX004061,depot,7930.0,19.81,88540.0,2,1798,0,5.4
TX004062,transfert,9770.0,10.58,24220.0,3,588,0,0.4
TX004063,depot,28350.0,13.45,85660.0,3,1683,0,2.4
TX004064,depot,47280.0,12.34,64280.0,7,215,0,11.0
TX004065,retrait,6920.0,13.15,33200.0,5,1291,0,0.3
TX004066,transfert,10580.0,12.61,334710.0,2,1746,0,4.6
TX004067,depot,17320.0,15.0,143000.0,2,2941,0,3.1
TX004068,depot,10450.0,18.02,38920.0,4,1081,0,2.0
TX004069,retrait,10030.0,14.55,100820.0,3,690,0,3.2
TX004070,paiement_marchand,13500.0,16.18,42950.0,3,2823,0,3.7
TX004071,transfert,9300.0,10.98,159290.0,3,479,0,6.9
TX004072,retrait,7100.0,12.95,123880.0,5,2880,0,13.2
TX004073,transfert,7000.0,13.51,142540.0,4,84,0,2.5
TX004074,retrait,7460.0,21.41,145650.0,2,875,0,1.6
TX004075,paiement_marchand,1630.0,11.34,302430.0,3,1255,0,1.4
TX004076,retrait,18290.0,10.26,61790.0,6,524,0,11.0
TX004077,depot,19650.0,11.76,63180.0,1,576,0,0.2
TX004078,retrait,30930.0,11.7,88780.0,6,397,0,4.6
TX004079,depot,7120.0,13.17,62960.0,5,2672,0,11.9
TX004080,retrait,11890.0,22.41,64290.0,3,1796,0,0.7
TX004081,paiement_marchand,2730.0,6.93,524720.0,3,2831,0,1.9
TX004082,retrait,7060.0,9.94,151040.0,3,2799,0,1.4
TX004083,retrait,20970.0,16.16,27040.0,5,2036,0,1.0
TX004084,retrait,357930.0,4.09,389720.0,5,2897,1,200.1
TX004085,retrait,4820.0,11.58,287080.0,1,2398,0,15.0
TX004086,depot,9290.0,20.51,33820.0,2,203,0,1.6
TX004087,paiement_marchand,2150880.0,13.2,2720160.0,4,275,0,0.9
TX004088,depot,6690.0,13.19,21090.0,4,862,0,2.9
TX004089,transfert,10160.0,7.49,85620.0,5,2030,0,1.7
TX004090,depot,28410.0,14.86,38090.0,2,978,0,2.7
TX004091,retrait,5420.0,11.59,31130.0,4,119,0,5.3
TX004092,transfert,5030.0,14.77,63740.0,4,2954,0,7.7
TX004093,paiement_marchand,5270.0,13.73,103030.0,3,1912,0,0.0
TX004094,transfert,6550.0,13.4,40480.0,3,2006,0,0.7
TX004095,depot,12650.0,17.91,55190.0,2,2645,0,7.1
TX004096,transfert,3450.0,9.72,21160.0,8,2667,0,3.2
TX004097,depot,35920.0,7.2,359690.0,2,2441,0,0.7
TX004098,depot,12400.0,17.6,137100.0,7,654,0,7.2
TX004099,depot,6750.0,20.38,30410.0,3,2550,0,2.3
TX004100,transfert,5420.0,17.6,41900.0,5,2963,0,0.7
TX004101,transfert,10940.0,14.8,46690.0,3,935,0,5.8
TX004102,depot,15510.0,21.1,30100.0,1,767,0,1.4
TX004103,retrait,12140.0,10.88,71430.0,2,1169,0,4.9
TX004104,transfert,9320.0,10.81,315580.0,5,559,0,4.9
TX004105,retrait,6670.0,16.34,43370.0,6,2342,0,7.4
TX004106,paiement_marchand,4340.0,14.6,27530.0,5,2428,0,0.7
TX004107,paiement_marchand,1570.0,15.99,98990.0,3,141,0,1.6
TX004108,depot,14480.0,17.74,197980.0,6,466,0,1.4
TX004109,retrait,11020.0,11.15,21700.0,4,1996,0,2.5
TX004110,transfert,10370.0,16.31,31410.0,4,385,0,1.1
TX004111,transfert,4950.0,16.28,45960.0,9,1603,1,2.2
TX004112,paiement_marchand,3230.0,13.76,71720.0,7,628,0,0.3
TX004113,depot,31880.0,7.77,150540.0,5,1782,0,3.9
TX004114,retrait,44790.0,12.71,63040.0,3,2496,0,4.7
TX004115,paiement_marchand,2110.0,15.3,76570.0,5,919,0,0.1
TX004116,paiement_marchand,1040.0,16.37,38950.0,2,2540,0,0.9
TX004117,paiement_marchand,7310.0,13.06,99430.0,4,2267,0,2.7
TX004118,transfert,8250.0,16.79,42730.0,2,1218,0,1.7
TX004119,transfert,9970.0,21.85,61770.0,6,1645,0,0.9
TX004120,retrait,7570.0,14.27,116030.0,4,467,0,1.4
TX004121,retrait,7030.0,18.55,82350.0,8,510,0,0.6
TX004122,transfert,5760.0,18.5,134240.0,6,412,0,5.0
TX004123,depot,11510.0,15.77,535100.0,4,99,0,12.9
TX004124,depot,11630.0,14.85,87820.0,7,456,0,1.1
TX004125,transfert,14000.0,16.87,74570.0,2,2744,0,5.7
TX004126,depot,10540.0,12.99,22580.0,3,2716,0,2.7
TX004127,transfert,3000.0,12.69,28510.0,5,667,0,4.6
TX004128,retrait,20810.0,16.74,61260.0,4,238,0,5.5
TX004129,retrait,6420.0,16.18,202730.0,4,1784,0,2.5
TX004130,depot,64590.0,14.49,93090.0,6,1685,0,1.9
TX004131,transfert,22070.0,11.65,43880.0,10,1721,0,0.0
TX004132,depot,31090.0,11.32,54980.0,2,2308,1,3.3
TX004133,paiement_marchand,2210.0,12.53,19350.0,3,605,0,0.2
TX004134,paiement_marchand,8380.0,11.73,41360.0,3,1583,0,1.8
TX004135,depot,32980.0,17.62,73460.0,6,427,0,0.2
TX004136,retrait,14270.0,4.63,51830.0,1,408,0,2.8
TX004137,transfert,12180.0,12.98,144610.0,6,1692,0,1.3
TX004138,depot,6160.0,10.67,138440.0,4,588,0,0.2
TX004139,depot,21020.0,14.78,172830.0,7,827,0,9.7
TX004140,transfert,16850.0,18.13,84530.0,4,1441,0,3.7
TX004141,paiement_marchand,1240.0,17.99,45890.0,3,1105,0,3.1
TX004142,retrait,17840.0,22.04,106730.0,5,2792,1,0.8
TX004143,retrait,37640.0,11.96,96530.0,3,2243,0,11.2
TX004144,transfert,83270.0,8.94,112980.0,3,278,0,8.9
TX004145,depot,2430.0,15.16,23070.0,6,2297,0,3.2
TX004146,retrait,20850.0,18.14,126440.0,6,2352,0,4.7
TX004147,depot,15890.0,11.08,111520.0,3,2099,0,1.7
TX004148,depot,8720.0,14.67,31720.0,2,2561,0,9.1
TX004149,depot,13400.0,11.79,27630.0,4,1059,0,1.1
TX004150,paiement_marchand,2090.0,14.0,70140.0,2,504,0,14.2
TX004151,depot,13110.0,17.61,170010.0,3,2955,0,1.9
TX004152,depot,23130.0,16.78,78480.0,2,2815,0,23.2
TX004153,depot,8140.0,12.46,138420.0,4,1043,0,1.1
TX004154,depot,10440.0,16.5,207000.0,3,124,0,2.4
TX004155,transfert,5830.0,11.46,67370.0,3,2854,0,0.3
TX004156,transfert,6330.0,9.47,26300.0,5,2642,0,0.7
TX004157,retrait,22320.0,14.04,46660.0,4,2528,0,3.8
TX004158,paiement_marchand,1200.0,19.31,232770.0,6,1221,0,1.1
TX004159,paiement_marchand,1500.0,15.35,215050.0,3,327,0,0.6
TX004160,retrait,19450.0,13.23,29890.0,6,2749,0,1.1
TX004161,retrait,6540.0,16.81,122900.0,4,2781,0,1.5
TX004162,retrait,26980.0,23.35,31270.0,4,2720,0,4.7
TX004163,transfert,6070.0,11.34,117880.0,3,60,0,0.2
TX004164,paiement_marchand,12060.0,14.56,61320.0,6,1376,0,12.8
TX004165,depot,15250.0,15.08,172590.0,5,2787,0,0.8
TX004166,transfert,7360.0,12.61,159810.0,2,1838,0,4.1
TX004167,depot,2180.0,9.17,353570.0,6,2452,0,3.9
TX004168,transfert,4810.0,15.65,55110.0,4,1649,0,2.9
TX004169,transfert,1270.0,6.96,46040.0,3,588,0,2.7
TX004170,depot,17400.0,13.74,276990.0,3,1402,0,3.8
TX004171,paiement_marchand,2270.0,16.16,31510.0,4,2615,0,0.2
TX004172,retrait,36700.0,12.84,230920.0,3,2137,0,3.5
TX004173,retrait,48060.0,16.44,107230.0,8,114,0,2.5
TX004174,transfert,5010.0,15.93,104790.0,3,382,0,0.3
TX004175,retrait,7710.0,11.17,19900.0,4,1148,0,3.8
TX004176,paiement_marchand,2380.0,11.02,289110.0,2,156,0,8.9
TX004177,paiement_marchand,2600.0,8.78,64290.0,3,1171,0,1.1
TX004178,depot,8540.0,17.79,41270.0,3,1247,0,1.3
TX004179,paiement_marchand,2160.0,9.12,74810.0,4,1488,0,10.5
TX004180,transfert,2900.0,9.2,24360.0,5,363,0,1.5
TX004181,depot,5000.0,10.64,119790.0,3,2094,1,11.2
TX004182,transfert,15260.0,13.3,19260.0,46,10,0,2.0
TX004183,retrait,2460.0,14.75,162760.0,5,1588,0,8.8
TX004184,paiement_marchand,1740.0,9.91,74840.0,1,496,0,4.1
TX004185,transfert,11260.0,19.58,40370.0,4,578,0,1.2
TX004186,transfert,9920.0,19.72,50630.0,6,306,0,5.4
TX004187,retrait,9870.0,13.08,40270.0,2,2157,0,3.9
TX004188,transfert,2920.0,5.67,53970.0,4,1102,0,14.3
TX004189,transfert,3450.0,11.68,22680.0,5,303,0,5.3
TX004190,transfert,10020.0,11.55,55110.0,5,810,0,2.3
TX004191,transfert,13370.0,11.76,42420.0,5,2587,0,3.7
TX004192,depot,4250.0,23.99,21260.0,3,2101,0,5.3
TX004193,depot,23580.0,15.56,56850.0,3,2149,0,1.7
TX004194,paiement_marchand,3410.0,12.06,238300.0,3,2826,0,9.6
TX004195,retrait,2750.0,23.24,19070.0,8,890,0,0.5
TX004196,retrait,44620.0,17.02,137080.0,2,2435,0,2.9
TX004197,transfert,11470.0,14.8,38730.0,5,2664,0,3.7
TX004198,transfert,4380.0,17.14,35410.0,2,1592,0,2.5
TX004199,retrait,4580.0,12.52,33880.0,6,1949,0,3.8
TX004200,transfert,5290.0,18.13,41330.0,5,680,0,5.2
TX004201,retrait,4680.0,8.81,314170.0,8,2453,0,3.7
TX004202,paiement_marchand,2930.0,19.55,323820.0,4,1170,0,0.4
TX004203,retrait,16380.0,9.99,34140.0,3,492,0,1.8
TX004204,transfert,9610.0,18.67,31420.0,5,1640,0,3.4
TX004205,retrait,17040.0,17.01,276190.0,4,2163,0,1.0
TX004206,retrait,14570.0,5.27,137920.0,2,199,0,11.2
TX004207,transfert,5210.0,7.12,37790.0,2,2099,0,5.1
TX004208,depot,4380.0,6.77,100100.0,4,1190,1,1.0
TX004209,retrait,17440.0,13.8,75040.0,4,60,0,5.4
TX004210,depot,21870.0,11.59,77060.0,5,388,0,8.9
TX004211,transfert,6990.0,6.93,129840.0,6,483,0,1.1
TX004212,transfert,5130.0,15.92,320450.0,5,1247,0,3.0
TX004213,retrait,32430.0,10.09,144700.0,4,583,0,4.9
TX004214,retrait,9530.0,16.4,46800.0,2,444,0,7.6
TX004215,transfert,3230.0,11.71,37650.0,2,2958,0,7.7
TX004216,paiement_marchand,15100.0,8.24,121300.0,4,453,0,2.3
TX004217,depot,73830.0,14.76,348560.0,2,2493,0,2.6
TX004218,transfert,2490.0,14.48,427670.0,3,928,0,8.7
TX004219,depot,12320.0,13.29,101020.0,3,1442,0,1.9
TX004220,transfert,18210.0,10.33,62260.0,4,2237,0,2.0
TX004221,depot,3160.0,9.78,352970.0,3,1279,0,1.3
TX004222,paiement_marchand,4290.0,12.26,70310.0,6,902,0,0.0
TX004223,paiement_marchand,6320.0,16.15,273450.0,2,2797,0,6.0
TX004224,retrait,19600.0,12.78,44540.0,6,2146,0,4.8
TX004225,transfert,6250.0,7.27,39630.0,3,276,0,3.0
TX004226,depot,5690.0,10.72,55160.0,2,1961,0,6.7
TX004227,transfert,7730.0,9.78,21450.0,3,2394,0,6.3
TX004228,transfert,8360.0,12.68,23750.0,7,1275,0,9.4
TX004229,transfert,11810.0,7.86,73010.0,4,1743,0,6.4
TX004230,retrait,3570.0,12.86,56560.0,2,2594,0,1.4
TX004231,retrait,7100.0,19.02,29270.0,5,848,0,5.1
TX004232,retrait,32660.0,13.83,64580.0,5,560,0,16.2
TX004233,transfert,4040.0,12.94,9180.0,3,210,0,3.3
TX004234,transfert,26670.0,16.91,261520.0,3,1812,0,4.4
TX004235,retrait,12340.0,18.24,171430.0,4,1752,0,1.3
TX004236,depot,24550.0,17.7,202030.0,6,2623,0,8.3
TX004237,transfert,15130.0,16.86,18680.0,6,1281,0,1.0
TX004238,paiement_marchand,3710.0,12.35,90490.0,3,847,0,9.2
TX004239,paiement_marchand,4290.0,9.3,31770.0,8,1239,1,1.0
TX004240,retrait,1620.0,12.95,43680.0,3,1446,0,8.9
TX004241,transfert,4020.0,12.3,15130.0,3,1832,0,4.9
TX004242,depot,14960.0,10.77,41040.0,4,486,0,8.2
TX004243,transfert,4030.0,23.88,141690.0,4,1678,0,3.1
TX004244,transfert,8940.0,17.28,27190.0,5,1290,0,2.9
TX004245,transfert,1760.0,15.76,93670.0,7,617,0,1.8
TX004246,retrait,2570.0,9.82,32530.0,5,2122,0,2.4
TX004247,retrait,12360.0,7.2,84800.0,3,2458,0,2.0
TX004248,transfert,1880.0,11.15,574730.0,4,580,0,0.1
TX004249,transfert,10020.0,18.68,214980.0,6,2229,0,2.2
TX004250,paiement_marchand,3220.0,20.86,213680.0,2,2700,1,12.0
TX004251,depot,12790.0,10.78,45950.0,5,2448,0,1.5
TX004252,retrait,7360.0,15.01,38790.0,6,1792,0,0.1
TX004253,paiement_marchand,1240.0,13.23,72910.0,2,1564,0,4.3
TX004254,paiement_marchand,5720.0,17.46,61390.0,7,1114,0,2.1
TX004255,retrait,5460.0,15.25,168530.0,10,2766,0,2.5
TX004256,paiement_marchand,1870.0,12.41,40230.0,4,625,0,3.5
TX004257,depot,8230.0,20.68,188350.0,4,1784,0,6.7
TX004258,depot,34480.0,18.02,155390.0,7,2118,0,0.4
TX004259,depot,16410.0,21.84,52600.0,4,628,0,3.9
TX004260,transfert,1270.0,12.26,12100.0,1,1304,0,13.6
TX004261,retrait,22970.0,22.32,40180.0,4,2049,0,0.7
TX004262,paiement_marchand,4700.0,18.78,18930.0,3,1853,0,0.3
TX004263,depot,23010.0,14.92,204560.0,4,2884,0,8.3
TX004264,retrait,6870.0,9.16,42520.0,4,2979,0,7.0
TX004265,transfert,5600.0,16.72,30110.0,2,1254,0,0.3
TX004266,retrait,11550.0,16.09,21590.0,2,1930,0,2.9
TX004267,transfert,500.0,17.94,393750.0,4,2872,0,2.5
TX004268,retrait,6170.0,10.34,18200.0,4,2251,0,0.7
TX004269,paiement_marchand,1950.0,11.64,230850.0,5,278,0,1.3
TX004270,depot,21690.0,14.54,73410.0,3,150,0,8.4
TX004271,transfert,8230.0,9.07,655840.0,2,347,0,2.5
TX004272,paiement_marchand,3350.0,10.43,49780.0,5,2149,0,1.9
TX004273,retrait,26510.0,16.71,192250.0,3,960,0,2.2
TX004274,retrait,48660.0,21.47,127420.0,2,1736,0,10.5
TX004275,depot,12920.0,11.34,61020.0,2,1041,0,5.1
TX004276,transfert,29700.0,14.65,119960.0,4,2486,0,5.9
TX004277,depot,8110.0,10.02,73320.0,3,667,0,4.0
TX004278,retrait,5230.0,14.73,30140.0,4,2167,0,3.4
TX004279,depot,11590.0,14.69,100610.0,5,255,0,4.7
TX004280,retrait,13310.0,21.78,182530.0,2,2417,0,0.7
TX004281,retrait,9220.0,9.12,81420.0,4,1966,0,2.7
TX004282,depot,38850.0,14.77,84270.0,3,646,0,2.0
TX004283,transfert,3780.0,11.59,52060.0,3,1031,0,5.5
TX004284,depot,14680.0,11.22,72640.0,3,859,0,2.5
TX004285,depot,11870.0,17.93,237860.0,6,2032,0,2.7
TX004286,depot,16700.0,16.3,59290.0,3,815,0,3.2
TX004287,transfert,5840.0,6.71,33860.0,5,1494,0,5.8
TX004288,transfert,12380.0,6.65,341590.0,7,1346,0,10.7
TX004289,retrait,15990.0,15.22,334710.0,4,726,0,1.1
TX004290,transfert,5150.0,9.79,125860.0,3,2131,0,3.9
TX004291,retrait,4920.0,19.51,34290.0,3,1400,0,1.7
TX004292,depot,35740.0,15.99,58720.0,3,2188,0,7.8
TX004293,retrait,69090.0,11.09,128100.0,4,845,0,8.2
TX004294,depot,9210.0,22.14,96200.0,3,2851,0,1.4
TX004295,transfert,10790.0,20.96,50210.0,3,363,0,4.2
TX004296,depot,22900.0,18.31,55760.0,6,764,0,3.1
TX004297,transfert,11690.0,13.44,52570.0,3,2197,0,0.8
TX004298,depot,35920.0,9.85,117500.0,6,1327,0,2.8
TX004299,retrait,19910.0,13.45,223740.0,3,751,0,2.6
TX004300,depot,21150.0,15.17,61700.0,3,681,0,1.6
TX004301,paiement_marchand,5820.0,16.42,110240.0,2,2181,0,0.5
TX004302,transfert,13610.0,8.35,136690.0,4,952,0,6.6
TX004303,retrait,17960.0,12.66,40190.0,5,2026,0,5.9
TX004304,paiement_marchand,13630.0,19.41,152490.0,4,48,0,0.1
TX004305,transfert,750.0,12.4,36870.0,4,2047,0,1.4
TX004306,paiement_marchand,1470.0,10.96,9800.0,6,1865,0,2.6
TX004307,retrait,12260.0,13.45,106620.0,5,593,0,2.6
TX004308,transfert,1860.0,10.88,43560.0,3,829,0,0.3
TX004309,transfert,9840.0,12.59,130680.0,5,2594,0,1.2
TX004310,transfert,10020.0,14.85,111920.0,4,433,0,4.8
TX004311,transfert,4600.0,19.53,64510.0,6,350,0,8.5
TX004312,transfert,7140.0,19.04,120620.0,4,1427,0,3.1
TX004313,transfert,15950.0,12.36,42480.0,3,2711,0,2.6
TX004314,paiement_marchand,1580.0,10.12,57380.0,4,2779,0,4.8
TX004315,retrait,3620.0,12.41,203150.0,2,781,0,0.1
TX004316,paiement_marchand,6180.0,17.12,136790.0,6,864,0,2.6
TX004317,transfert,6190.0,10.74,93560.0,1,1549,0,16.1
TX004318,retrait,16070.0,15.93,64090.0,6,924,0,3.3
TX004319,paiement_marchand,4320.0,11.73,75970.0,1,1053,0,6.1
TX004320,retrait,9630.0,13.49,63460.0,5,2003,0,4.4
TX004321,retrait,23110.0,3.67,48480.0,6,246,0,0.1
TX004322,depot,30260.0,10.94,118250.0,4,2281,0,1.3
TX004323,paiement_marchand,1230.0,18.89,92880.0,1,2526,0,1.7
TX004324,retrait,10710.0,10.54,119890.0,4,456,0,0.7
TX004325,paiement_marchand,11320.0,12.75,20560.0,5,1293,0,4.1
TX004326,depot,22910.0,10.97,493090.0,2,1499,0,1.2
TX004327,transfert,3500.0,16.94,70810.0,3,1312,0,0.3
TX004328,transfert,13420.0,9.21,46420.0,4,452,0,6.0
TX004329,transfert,149090.0,3.55,156580.0,4,2404,1,311.2
TX004330,retrait,13910.0,13.27,51080.0,2,815,0,10.6
TX004331,paiement_marchand,12800.0,12.66,42150.0,5,741,0,0.3
TX004332,paiement_marchand,2470.0,17.61,29490.0,4,2345,0,0.8
TX004333,transfert,8240.0,18.98,15540.0,5,1980,0,0.3
TX004334,transfert,2780.0,9.36,34780.0,6,650,0,0.9
TX004335,paiement_marchand,6990.0,18.31,193310.0,2,2360,1,5.1
TX004336,transfert,10000.0,20.23,35430.0,3,1817,0,0.4
TX004337,paiement_marchand,17600.0,10.29,61260.0,5,1837,1,1.1
TX004338,depot,24610.0,16.32,105580.0,3,1838,1,3.0
TX004339,transfert,5000.0,11.92,118870.0,4,1130,0,6.5
TX004340,retrait,182530.0,4.1,183740.0,4,861,1,274.3
TX004341,transfert,10300.0,13.89,240500.0,6,1055,0,4.0
TX004342,retrait,17670.0,16.27,116450.0,7,729,0,6.2
TX004343,transfert,27800.0,18.84,811060.0,6,1215,0,0.9
TX004344,paiement_marchand,2990.0,16.13,33240.0,2,1043,0,1.0
TX004345,paiement_marchand,5120.0,14.82,88690.0,2,378,0,15.2
TX004346,transfert,9790.0,16.87,346390.0,4,2123,0,0.2
TX004347,paiement_marchand,280.0,11.14,131330.0,3,2363,0,0.5
TX004348,transfert,40840.0,16.43,306090.0,3,852,0,3.6
TX004349,retrait,10680.0,17.33,117090.0,2,940,1,28.5
TX004350,transfert,16060.0,9.32,21650.0,6,1798,0,1.8
TX004351,retrait,11780.0,15.72,45830.0,4,1499,0,1.1
TX004352,transfert,7700.0,12.64,118720.0,5,798,0,4.7
TX004353,depot,14130.0,8.95,39280.0,5,1833,0,11.4
TX004354,transfert,8670.0,17.64,38250.0,3,2706,0,3.2
TX004355,retrait,51720.0,9.51,84680.0,3,158,0,4.8
TX004356,paiement_marchand,10630.0,16.44,163430.0,3,74,0,3.6
TX004357,transfert,60690.0,17.74,126840.0,1,2022,0,4.8
TX004358,depot,24150.0,15.46,46930.0,4,1558,0,6.5
TX004359,transfert,12480.0,19.16,95300.0,5,194,0,1.9
TX004360,retrait,11710.0,22.42,167610.0,4,455,0,1.4
TX004361,depot,34620.0,13.15,190430.0,4,2078,0,0.1
TX004362,transfert,10020.0,23.89,28730.0,3,2405,0,2.5
TX004363,retrait,29520.0,13.06,73860.0,4,1403,0,5.8
TX004364,paiement_marchand,3240.0,17.05,39080.0,2,2008,0,2.0
TX004365,transfert,4870.0,13.31,62080.0,2,2474,0,8.5
TX004366,transfert,3590.0,18.51,43790.0,5,2398,0,0.5
TX004367,paiement_marchand,800.0,12.05,18620.0,3,653,0,5.6
TX004368,depot,12320.0,14.61,310020.0,6,2945,0,8.7
TX004369,paiement_marchand,5500.0,15.2,32780.0,2,2393,0,12.9
TX004370,depot,11840.0,12.01,58520.0,3,402,0,4.8
TX004371,transfert,21430.0,11.11,55660.0,2,1784,0,4.6
TX004372,transfert,2140.0,21.28,40710.0,2,42,0,0.4
TX004373,transfert,1180.0,16.81,27980.0,6,1876,0,10.8
TX004374,depot,17450.0,10.7,233980.0,3,1741,0,0.9
TX004375,transfert,19550.0,14.73,41250.0,5,94,0,3.2
TX004376,depot,4450.0,14.96,91210.0,3,671,0,5.3
TX004377,paiement_marchand,2100.0,14.01,11010.0,2,2644,0,2.1
TX004378,transfert,12010.0,4.75,35650.0,2,1527,0,3.3
TX004379,depot,12460.0,19.87,63530.0,4,697,0,10.0
TX004380,retrait,5960.0,16.45,49840.0,7,2577,0,7.5
TX004381,transfert,4160.0,9.13,24530.0,5,1659,0,6.4
TX004382,transfert,14900.0,17.81,47040.0,3,2436,0,11.6
TX004383,transfert,17090.0,15.85,79090.0,6,1472,0,0.7
TX004384,depot,7120.0,6.98,62240.0,6,1515,0,6.9
TX004385,depot,19180.0,15.26,89150.0,3,1236,0,2.2
TX004386,transfert,7480.0,9.61,47240.0,3,1524,0,2.1
TX004387,transfert,6220.0,21.27,79590.0,4,1390,0,3.1
TX004388,transfert,16900.0,12.12,59460.0,3,960,0,0.8
TX004389,retrait,10520.0,14.28,74910.0,6,337,0,0.5
TX004390,transfert,2450.0,10.55,66010.0,3,1490,0,2.4
TX004391,depot,10270.0,18.79,145620.0,3,2854,0,4.5
TX004392,retrait,10170.0,11.27,207050.0,5,2877,0,11.3
TX004393,retrait,19630.0,13.91,122080.0,3,99,0,4.8
TX004394,transfert,1370.0,17.23,39190.0,2,1370,0,5.0
TX004395,retrait,24360.0,11.58,74260.0,4,2317,0,4.4
TX004396,depot,24110.0,15.12,57080.0,4,848,0,0.4
TX004397,retrait,14560.0,16.39,307410.0,2,1666,0,0.3
TX004398,retrait,20840.0,13.85,94170.0,5,1544,0,12.8
TX004399,retrait,14790.0,14.22,48730.0,1,2846,0,0.9
TX004400,transfert,9040.0,5.14,17900.0,4,1259,0,1.4
TX004401,depot,12380.0,16.71,427530.0,3,1318,0,1.8
TX004402,depot,20170.0,16.87,551430.0,2,51,0,13.0
TX004403,transfert,13820.0,3.39,33250.0,7,1830,0,0.0
TX004404,transfert,8980.0,5.48,69320.0,4,1314,0,0.1
TX004405,retrait,9230.0,11.78,461200.0,4,170,0,0.1
TX004406,retrait,360510.0,1.64,396870.0,4,2180,1,233.3
TX004407,transfert,25440.0,11.81,91180.0,2,1778,0,0.7
TX004408,paiement_marchand,4770.0,10.93,233480.0,8,1037,0,5.3
TX004409,paiement_marchand,3810.0,16.25,342870.0,2,1957,0,0.7
TX004410,transfert,3070.0,6.03,60740.0,5,1399,0,2.7
TX004411,paiement_marchand,3060.0,13.8,44860.0,5,2285,0,7.7
TX004412,transfert,6310.0,7.7,20890.0,6,2301,0,2.7
TX004413,depot,8320.0,20.8,27250.0,3,455,0,2.8
TX004414,depot,5140.0,14.15,122830.0,4,173,0,1.1
TX004415,transfert,12460.0,4.97,76470.0,2,187,0,0.9
TX004416,paiement_marchand,3380.0,8.76,33280.0,4,1657,0,4.1
TX004417,retrait,26350.0,9.19,70960.0,3,2208,0,0.1
TX004418,transfert,3970.0,13.1,251960.0,7,500,0,0.6
TX004419,transfert,2300.0,17.37,25020.0,5,2687,0,1.8
TX004420,transfert,14450.0,17.31,115590.0,5,2251,0,4.3
TX004421,transfert,5180.0,11.34,168060.0,5,1887,0,18.4
TX004422,depot,13740.0,9.68,64140.0,6,1693,0,0.6
TX004423,transfert,12580.0,15.45,80730.0,4,2179,0,2.2
TX004424,depot,40400.0,14.1,170600.0,6,2264,0,4.3
TX004425,transfert,5680.0,6.75,35480.0,8,2135,0,10.5
TX004426,depot,3240.0,12.48,93150.0,2,1136,0,2.8
TX004427,paiement_marchand,1580.0,10.72,38830.0,4,1021,0,0.6
TX004428,depot,57600.0,8.4,108450.0,2,240,0,6.1
TX004429,depot,34660.0,10.11,50330.0,3,533,0,12.2
TX004430,retrait,277300.0,2.71,300610.0,2,1247,1,191.9
TX004431,transfert,9690.0,13.9,121590.0,3,1438,0,2.2
TX004432,retrait,37270.0,11.51,162780.0,4,1443,0,1.6
TX004433,depot,12640.0,15.19,188850.0,3,2773,0,3.6
TX004434,transfert,10850.0,13.61,95880.0,6,2396,0,2.1
TX004435,transfert,27850.0,16.22,61020.0,7,530,0,0.9
TX004436,depot,13200.0,23.45,39260.0,7,232,0,5.1
TX004437,depot,7140.0,20.88,66120.0,5,1702,0,4.9
TX004438,depot,2750.0,7.92,124300.0,1,508,0,2.2
TX004439,retrait,7140.0,9.67,45020.0,2,659,0,6.1
TX004440,depot,7160.0,14.21,137020.0,2,379,0,2.5
TX004441,depot,25480.0,13.73,118010.0,3,1273,1,1.5
TX004442,depot,23650.0,10.28,90370.0,6,854,0,5.0
TX004443,retrait,13250.0,23.99,25120.0,6,2252,0,6.6
TX004444,retrait,34210.0,11.79,52860.0,5,759,0,2.4
TX004445,retrait,34580.0,15.02,170010.0,6,763,0,10.5
TX004446,retrait,21780.0,22.12,47950.0,4,2335,0,3.3
TX004447,transfert,940.0,19.46,29100.0,3,593,0,3.9
TX004448,paiement_marchand,2670.0,12.42,39750.0,4,2388,0,2.4
TX004449,depot,17940.0,16.62,82530.0,2,105,0,6.6
TX004450,depot,11280.0,23.83,86430.0,5,2895,0,0.3
TX004451,transfert,11210.0,13.98,26680.0,2,1282,0,1.4
TX004452,depot,11400.0,10.25,189170.0,4,770,0,10.1
TX004453,paiement_marchand,4340.0,17.78,11460.0,1,287,0,0.1
TX004454,retrait,27030.0,13.54,188180.0,4,2140,0,6.0
TX004455,paiement_marchand,3360.0,16.84,11110.0,4,1290,0,0.2
TX004456,retrait,20950.0,15.77,52890.0,6,2607,0,2.7
TX004457,depot,5400.0,13.68,83420.0,4,2283,0,0.8
TX004458,transfert,7520.0,9.65,216000.0,4,1393,0,4.3
TX004459,transfert,4820.0,8.16,74910.0,5,444,0,4.0
TX004460,depot,6140.0,8.94,281010.0,6,1459,0,24.2
TX004461,paiement_marchand,5310.0,14.99,72730.0,3,835,0,6.7
TX004462,transfert,6540.0,16.76,55660.0,4,1924,0,16.6
TX004463,transfert,5770.0,15.5,52260.0,1,2217,0,0.1
TX004464,paiement_marchand,5920.0,19.38,258380.0,6,1926,0,18.9
TX004465,transfert,2910.0,13.1,195500.0,4,1815,0,8.4
TX004466,depot,23780.0,15.08,69520.0,2,53,0,0.2
TX004467,paiement_marchand,3010.0,15.23,151250.0,4,460,0,3.6
TX004468,retrait,20550.0,20.4,49050.0,5,889,0,1.5
TX004469,paiement_marchand,3600.0,13.93,36400.0,1,1949,0,0.2
TX004470,depot,18230.0,6.73,32370.0,3,1358,0,7.9
TX004471,paiement_marchand,1250.0,18.47,167010.0,4,1429,0,6.2
TX004472,retrait,19700.0,6.47,65790.0,4,835,0,1.2
TX004473,transfert,4160.0,17.98,67550.0,6,49,0,7.4
TX004474,transfert,5710.0,9.29,40740.0,4,1063,0,7.6
TX004475,retrait,10090.0,3.7,17180.0,3,1973,0,7.7
TX004476,paiement_marchand,3470.0,12.7,97840.0,4,2014,0,2.4
TX004477,retrait,4880.0,7.83,23350.0,8,2732,0,0.8
TX004478,paiement_marchand,1130.0,15.62,23520.0,5,551,0,3.6
TX004479,depot,34240.0,16.62,79880.0,3,1882,0,3.1
TX004480,transfert,24810.0,4.2,901460.0,9,750,1,6.2
TX004481,depot,14400.0,13.85,65570.0,4,608,0,1.0
TX004482,paiement_marchand,3890.0,17.22,16980.0,5,2307,0,1.7
TX004483,depot,11370.0,12.19,33850.0,6,1773,0,1.4
TX004484,retrait,48900.0,11.54,183890.0,4,2222,0,1.7
TX004485,depot,31410.0,13.41,197780.0,4,2681,0,0.2
TX004486,depot,8270.0,13.26,37560.0,4,2150,0,0.1
TX004487,retrait,15220.0,12.36,129180.0,3,2678,0,8.5
TX004488,transfert,10400.0,12.1,45620.0,5,2756,0,0.2
TX004489,paiement_marchand,4550.0,10.97,25640.0,3,2319,0,1.9
TX004490,paiement_marchand,7880.0,5.05,513770.0,2,1774,0,2.9
TX004491,retrait,1740.0,9.3,67780.0,3,1247,0,12.9
TX004492,retrait,24710.0,13.71,41260.0,2,840,0,0.7
TX004493,transfert,36210.0,13.82,138710.0,4,1302,0,1.1
TX004494,depot,33330.0,13.7,131960.0,3,684,0,5.2
TX004495,paiement_marchand,1160.0,14.73,13830.0,3,773,0,2.3
TX004496,retrait,2930.0,12.25,90910.0,5,945,0,0.6
TX004497,depot,3270.0,13.06,57680.0,4,2505,0,6.7
TX004498,depot,15680.0,15.84,186220.0,3,2498,0,1.0
TX004499,transfert,23690.0,11.36,33500.0,4,2200,0,0.1
TX004500,paiement_marchand,4750.0,19.64,20770.0,7,383,0,1.6
TX004501,transfert,9180.0,10.84,52720.0,3,2733,0,0.7
TX004502,retrait,37400.0,16.65,91440.0,4,2593,0,5.8
TX004503,transfert,31720.0,13.07,69850.0,4,989,0,2.7
TX004504,depot,110100.0,15.79,219020.0,5,1986,0,3.0
TX004505,depot,8420.0,13.05,928740.0,3,957,0,3.7
TX004506,retrait,10640.0,18.83,451520.0,2,616,0,0.4
TX004507,paiement_marchand,16300.0,23.99,138750.0,6,1513,0,3.1
TX004508,depot,21020.0,14.99,116680.0,6,1048,0,3.4
TX004509,transfert,12820.0,20.85,56500.0,2,2113,0,4.7
TX004510,transfert,4770.0,8.56,54670.0,5,1689,0,2.2
TX004511,transfert,4480.0,14.78,86880.0,5,2535,0,3.8
TX004512,paiement_marchand,2820.0,19.38,74390.0,1,119,0,0.1
TX004513,depot,4580.0,10.89,128200.0,5,2163,0,1.1
TX004514,retrait,6150.0,12.2,65440.0,5,653,0,0.6
TX004515,retrait,10240.0,10.09,140950.0,4,1562,0,5.6
TX004516,transfert,2650.0,18.37,62810.0,2,2137,1,3.0
TX004517,paiement_marchand,3350.0,10.72,45450.0,6,1182,0,1.7
TX004518,depot,17340.0,16.55,45560.0,4,183,0,0.9
TX004519,paiement_marchand,1690.0,14.46,58110.0,2,1989,0,1.2
TX004520,depot,7300.0,15.76,51830.0,3,2778,0,4.0
TX004521,paiement_marchand,3050.0,13.45,100820.0,2,2230,0,2.5
TX004522,transfert,10160.0,19.13,20610.0,5,1647,0,0.7
TX004523,depot,25120.0,19.13,105750.0,4,574,0,13.5
TX004524,depot,16600.0,13.81,389120.0,4,179,0,5.2
TX004525,transfert,7330.0,17.12,72890.0,3,2781,0,3.0
TX004526,depot,21300.0,17.0,72190.0,1,2112,0,4.3
TX004527,transfert,17370.0,20.95,66750.0,6,661,0,10.8
TX004528,depot,7570.0,15.22,286710.0,7,2250,0,1.8
TX004529,transfert,4450.0,15.99,53500.0,4,1292,0,4.5
TX004530,paiement_marchand,2790.0,16.22,295490.0,3,2710,1,2.9
TX004531,depot,19910.0,10.0,350080.0,1,2029,0,4.8
TX004532,retrait,18410.0,4.8,37000.0,6,1108,0,4.2
TX004533,paiement_marchand,1740.0,11.14,31050.0,3,2941,0,7.7
TX004534,paiement_marchand,3830.0,10.31,124750.0,4,2390,0,0.5
TX004535,transfert,2200.0,8.09,131420.0,2,2024,0,5.4
TX004536,depot,6690.0,16.2,57880.0,5,274,0,8.1
TX004537,paiement_marchand,4210.0,11.12,61920.0,5,2928,0,7.4
TX004538,transfert,7440.0,13.47,99830.0,2,723,0,0.1
TX004539,transfert,12730.0,16.25,474790.0,2,338,0,2.1
TX004540,transfert,3520.0,8.51,50750.0,7,491,0,8.6
TX004541,depot,19730.0,7.59,78290.0,4,2389,0,1.6
TX004542,transfert,3120.0,8.6,44920.0,5,982,0,0.3
TX004543,retrait,6760.0,13.12,51030.0,4,2960,0,8.1
TX004544,transfert,6560.0,9.1,100630.0,2,2419,0,4.0
TX004545,paiement_marchand,6710.0,14.19,91940.0,4,282,0,13.1
TX004546,paiement_marchand,10660.0,15.09,268500.0,2,1793,0,5.4
TX004547,retrait,10880.0,13.75,77540.0,3,1349,0,0.4
TX004548,paiement_marchand,4670.0,9.71,84820.0,6,1037,0,3.4
TX004549,retrait,11530.0,9.69,89870.0,4,1345,0,9.8
TX004550,retrait,13170.0,10.51,47050.0,2,707,0,0.3
TX004551,depot,12800.0,14.71,40870.0,7,1590,0,6.0
TX004552,depot,35910.0,10.17,370850.0,3,1747,0,4.7
TX004553,retrait,3540.0,12.8,258810.0,5,1986,0,0.6
TX004554,paiement_marchand,1060.0,15.17,127630.0,2,1104,0,2.8
TX004555,depot,15390.0,10.33,330680.0,7,1069,0,8.7
TX004556,retrait,1300.0,11.98,117130.0,4,1149,0,0.6
TX004557,depot,38190.0,13.73,483900.0,5,1121,0,3.6
TX004558,transfert,10880.0,17.33,464950.0,6,449,0,1.0
TX004559,retrait,38080.0,16.22,108710.0,6,1275,0,0.1
TX004560,depot,28920.0,10.94,69390.0,4,2611,0,2.1
TX004561,retrait,1830.0,11.33,73560.0,5,1940,0,3.1
TX004562,transfert,5700.0,13.39,68660.0,3,2539,0,10.3
TX004563,retrait,24450.0,15.81,165490.0,4,1403,0,2.4
TX004564,paiement_marchand,3060.0,23.31,9660.0,6,2766,0,10.1
TX004565,retrait,18540.0,9.73,37940.0,4,1330,0,4.3
TX004566,paiement_marchand,2140.0,18.17,8280.0,6,2999,0,7.3
TX004567,retrait,17130.0,7.57,24090.0,3,88,0,0.7
TX004568,retrait,13790.0,16.58,72550.0,2,1150,0,11.0
TX004569,depot,28060.0,13.52,79080.0,5,2528,0,3.7
TX004570,depot,6810.0,9.56,443770.0,4,517,0,0.8
TX004571,depot,7740.0,19.37,83800.0,6,2437,0,8.6
TX004572,paiement_marchand,1690.0,15.8,38420.0,3,764,0,4.3
TX004573,transfert,37730.0,18.29,50150.0,6,1243,0,2.1
TX004574,depot,25900.0,17.58,83020.0,2,2918,0,13.7
TX004575,transfert,24960.0,12.02,72220.0,6,2310,0,3.5
TX004576,retrait,8530.0,10.51,31660.0,6,813,0,0.5
TX004577,paiement_marchand,2210.0,13.57,20570.0,8,1798,0,0.5
TX004578,paiement_marchand,2280.0,10.57,47720.0,3,186,0,0.7
TX004579,retrait,65370.0,16.32,206160.0,5,1633,0,3.9
TX004580,transfert,8350.0,22.68,227060.0,6,204,0,0.7
TX004581,transfert,31640.0,8.91,79150.0,7,1773,0,0.2
TX004582,depot,7010.0,6.81,255050.0,4,2426,0,2.3
TX004583,paiement_marchand,5180.0,7.05,57020.0,2,2469,0,3.5
TX004584,paiement_marchand,620.0,9.77,115400.0,2,2232,0,0.7
TX004585,retrait,18110.0,6.51,125590.0,2,1575,0,3.1
TX004586,retrait,13410.0,17.12,42430.0,2,2338,0,4.6
TX004587,retrait,32160.0,15.28,87660.0,2,2894,0,0.5
TX004588,depot,12950.0,10.21,26070.0,3,132,0,3.3
TX004589,transfert,2960.0,10.95,68810.0,5,348,0,0.2
TX004590,transfert,6850.0,15.59,20260.0,2,326,0,1.9
TX004591,depot,14980.0,9.94,28370.0,5,1531,0,6.7
TX004592,retrait,11580.0,15.08,157320.0,1,152,0,3.8
TX004593,transfert,11690.0,16.89,31250.0,3,459,0,10.2
TX004594,transfert,4820.0,10.99,135330.0,3,2820,0,3.4
TX004595,depot,4630.0,19.83,565850.0,3,483,0,2.9
TX004596,retrait,28440.0,15.73,126000.0,5,2341,0,2.0
TX004597,paiement_marchand,990.0,13.2,93860.0,5,2660,0,8.4
TX004598,transfert,3590.0,12.56,267120.0,4,1138,0,8.9
TX004599,transfert,7800.0,12.86,220400.0,4,679,0,0.5
TX004600,transfert,5520.0,19.88,35590.0,3,495,0,4.9
TX004601,paiement_marchand,2900.0,12.58,143820.0,2,1701,0,3.3
TX004602,retrait,4200.0,15.37,152550.0,2,2167,0,1.0
TX004603,paiement_marchand,1020.0,12.68,33940.0,4,1161,0,2.2
TX004604,retrait,22090.0,16.13,177120.0,3,1868,0,0.7
TX004605,transfert,2210.0,18.61,55800.0,3,158,0,1.2
TX004606,transfert,26240.0,20.61,73960.0,5,1987,0,1.3
TX004607,depot,13710.0,10.22,80000.0,4,383,0,5.0
TX004608,paiement_marchand,980.0,20.42,47970.0,3,2758,0,5.5
TX004609,depot,101710.0,17.49,181110.0,5,859,0,2.1
TX004610,retrait,53740.0,11.51,76460.0,3,1725,0,4.0
TX004611,depot,10360.0,18.31,43310.0,4,739,0,0.4
TX004612,transfert,8900.0,11.12,48720.0,2,1039,0,1.8
TX004613,retrait,8260.0,22.19,46690.0,3,1194,0,0.7
TX004614,depot,7530.0,5.2,35490.0,2,457,0,1.4
TX004615,depot,19190.0,15.19,33710.0,6,554,0,0.7
TX004616,retrait,19160.0,14.49,30940.0,3,1583,0,3.3
TX004617,paiement_marchand,1240.0,9.89,184610.0,4,2671,0,1.5
TX004618,paiement_marchand,4110.0,15.12,71270.0,4,1699,0,5.6
TX004619,transfert,7310.0,22.41,136880.0,3,1799,0,1.1
TX004620,retrait,17270.0,14.78,106460.0,5,2633,0,3.8
TX004621,paiement_marchand,1070.0,16.03,63320.0,3,1766,0,2.1
TX004622,paiement_marchand,750.0,11.79,42400.0,2,935,0,0.6
TX004623,paiement_marchand,4440.0,12.26,52690.0,5,2715,0,3.2
TX004624,transfert,10560.0,10.84,30710.0,4,862,0,0.3
TX004625,transfert,4820.0,15.68,17520.0,4,2418,0,8.8
TX004626,retrait,13910.0,7.55,73620.0,3,1796,0,1.2
TX004627,transfert,8890.0,11.43,159800.0,3,634,0,5.2
TX004628,depot,12360.0,14.2,21430.0,3,879,0,2.9
TX004629,depot,5330.0,13.31,364320.0,6,2494,0,0.0
TX004630,retrait,7870.0,8.7,80320.0,2,972,0,3.1
TX004631,retrait,87800.0,16.94,116450.0,5,339,0,1.1
TX004632,transfert,9630.0,10.99,922600.0,3,1886,0,0.2
TX004633,retrait,68300.0,8.26,119660.0,8,1045,0,0.9
TX004634,retrait,38520.0,19.28,65370.0,4,392,0,3.6
TX004635,transfert,5030.0,14.17,53040.0,3,1630,0,7.5
TX004636,retrait,55720.0,8.73,111350.0,4,2435,0,10.0
TX004637,depot,55100.0,4.91,118290.0,3,607,0,5.9
TX004638,transfert,8960.0,8.46,100010.0,1,375,0,2.7
TX004639,depot,80190.0,14.25,126510.0,1,1287,0,1.8
TX004640,paiement_marchand,2580.0,17.7,118390.0,4,620,0,2.2
TX004641,retrait,5560.0,17.13,39560.0,2,1654,0,10.9
TX004642,retrait,33620.0,9.6,93500.0,3,2981,0,0.8
TX004643,retrait,12500.0,10.46,357700.0,1,2731,0,3.3
TX004644,depot,7480.0,8.39,199420.0,2,2363,0,4.2
TX004645,paiement_marchand,2630.0,15.54,44590.0,4,2173,0,7.6
TX004646,depot,19520.0,11.48,65900.0,3,1775,0,1.5
TX004647,paiement_marchand,1830.0,20.85,210190.0,3,865,0,1.5
TX004648,retrait,6540.0,12.92,195740.0,2,1357,0,17.2
TX004649,transfert,16060.0,16.13,299830.0,1,862,0,1.9
TX004650,paiement_marchand,1730.0,7.82,25400.0,5,1968,0,1.7
TX004651,paiement_marchand,10470.0,10.06,53840.0,3,1427,0,2.5
TX004652,transfert,5340.0,15.2,39070.0,5,1767,0,4.8
TX004653,retrait,12970.0,9.24,76540.0,2,748,0,0.2
TX004654,paiement_marchand,6990.0,10.5,1194200.0,5,2581,0,9.3
TX004655,transfert,1390.0,19.33,161730.0,4,86,0,8.1
TX004656,paiement_marchand,1090.0,13.04,31650.0,1,1131,0,2.4
TX004657,retrait,4930.0,11.06,160230.0,5,781,0,13.7
TX004658,transfert,3270.0,8.7,18070.0,4,2931,1,6.4
TX004659,transfert,11280.0,12.89,53180.0,6,2495,0,3.3
TX004660,transfert,10450.0,12.25,113810.0,4,1288,0,2.8
TX004661,depot,18790.0,13.29,54870.0,4,2077,0,1.5
TX004662,depot,25400.0,11.48,154680.0,2,1232,0,3.6
TX004663,depot,15580.0,16.67,51040.0,5,652,0,5.0
TX004664,paiement_marchand,1140.0,12.65,37290.0,8,736,0,0.3
TX004665,retrait,6380.0,7.91,45110.0,2,1002,0,18.8
TX004666,paiement_marchand,1510.0,18.77,1020570.0,6,692,0,3.9
TX004667,paiement_marchand,640.0,14.68,58780.0,5,2176,0,3.9
TX004668,paiement_marchand,6270.0,15.2,35720.0,2,2512,0,6.3
TX004669,transfert,4690.0,8.35,29110.0,3,2658,0,2.3
TX004670,depot,16810.0,12.6,39820.0,2,707,0,0.7
TX004671,retrait,36410.0,17.01,106900.0,5,2622,0,3.8
TX004672,paiement_marchand,5500.0,4.7,55240.0,3,1458,0,3.7
TX004673,retrait,5890.0,14.04,157720.0,6,2751,0,0.3
TX004674,transfert,12010.0,11.91,51850.0,3,1420,1,0.9
TX004675,retrait,53570.0,5.54,74410.0,3,2845,0,2.6
TX004676,transfert,18860.0,11.79,87290.0,4,326,0,4.6
TX004677,transfert,5000.0,21.49,35440.0,5,1107,0,6.1
TX004678,paiement_marchand,2630.0,13.67,360790.0,4,169,0,2.5
TX004679,transfert,10590.0,16.79,178300.0,2,2383,0,3.6
TX004680,paiement_marchand,3870.0,10.52,173720.0,5,2739,0,0.5
TX004681,retrait,3860.0,13.12,67720.0,5,1577,0,0.4
TX004682,retrait,7800.0,11.29,69900.0,2,1560,0,3.9
TX004683,transfert,14050.0,6.98,109090.0,5,1795,0,5.8
TX004684,depot,36550.0,13.09,202260.0,5,2928,0,0.9
TX004685,paiement_marchand,5710.0,10.51,40390.0,3,93,0,5.3
TX004686,retrait,37340.0,17.13,293840.0,4,1448,0,0.1
TX004687,depot,16240.0,19.61,67150.0,3,535,0,4.1
TX004688,depot,9760.0,9.8,196600.0,4,2825,0,0.6
TX004689,depot,28550.0,18.48,61660.0,2,2853,0,1.1
TX004690,transfert,2460.0,13.32,65550.0,3,2433,0,2.5
TX004691,transfert,4130.0,13.69,48130.0,4,127,0,1.3
TX004692,paiement_marchand,2500.0,8.91,36330.0,2,350,0,2.2
TX004693,paiement_marchand,1710.0,19.18,44760.0,5,1808,0,6.5
TX004694,retrait,8970.0,11.77,49480.0,2,2932,0,2.4
TX004695,depot,3920.0,13.91,41620.0,2,947,0,0.9
TX004696,paiement_marchand,1380.0,15.33,28050.0,4,2087,0,2.3
TX004697,transfert,7910.0,11.39,68120.0,8,961,0,7.7
TX004698,transfert,6810.0,16.46,136250.0,1,2942,0,8.6
TX004699,paiement_marchand,1820.0,12.26,98920.0,3,1242,0,0.9
TX004700,transfert,15280.0,12.83,139120.0,2,580,0,0.8
TX004701,depot,17410.0,12.25,111140.0,3,2782,0,0.7
TX004702,depot,3390.0,17.52,73420.0,2,597,0,0.3
TX004703,transfert,6280.0,14.27,100340.0,5,701,1,2.1
TX004704,transfert,10330.0,14.84,77490.0,4,1413,0,7.7
TX004705,depot,35480.0,9.59,179390.0,4,2522,0,7.1
TX004706,transfert,6710.0,11.09,246380.0,8,155,0,3.9
TX004707,depot,13210.0,11.49,87830.0,6,2451,0,0.1
TX004708,retrait,4490.0,15.0,63260.0,7,1383,0,1.2
TX004709,transfert,16260.0,23.04,55200.0,3,337,0,1.0
TX004710,depot,6490.0,20.19,38160.0,4,616,0,2.8
TX004711,depot,3860.0,18.28,224420.0,3,712,0,7.5
TX004712,paiement_marchand,1890.0,20.58,247630.0,1,2169,0,1.5
TX004713,retrait,16490.0,14.27,29260.0,3,1240,0,0.8
TX004714,depot,8140.0,17.2,43890.0,5,2881,0,0.3
TX004715,depot,10210.0,11.66,225340.0,7,2176,0,3.6
TX004716,retrait,5250.0,13.53,283360.0,2,1807,0,14.2
TX004717,transfert,7440.0,16.65,111250.0,5,102,0,3.7
TX004718,paiement_marchand,3470.0,20.75,13020.0,6,202,0,1.5
TX004719,paiement_marchand,1350.0,10.23,40690.0,4,30,0,1.7
TX004720,paiement_marchand,3300.0,18.78,43980.0,2,515,0,18.8
TX004721,retrait,5120.0,15.61,158100.0,5,1056,0,0.6
TX004722,paiement_marchand,8400.0,11.59,49720.0,5,1947,0,12.6
TX004723,transfert,7920.0,8.43,399580.0,2,1250,0,8.2
TX004724,retrait,12330.0,16.95,390860.0,4,1568,0,8.9
TX004725,retrait,13860.0,16.4,1894320.0,2,2679,0,0.9
TX004726,retrait,17540.0,13.23,82810.0,4,2610,0,1.8
TX004727,depot,13430.0,18.09,54610.0,6,195,0,2.3
TX004728,retrait,13700.0,15.82,53790.0,2,1267,0,3.1
TX004729,paiement_marchand,10370.0,15.25,50920.0,3,1321,0,3.8
TX004730,paiement_marchand,7350.0,21.25,84580.0,3,2954,1,0.8
TX004731,depot,121130.0,8.71,136110.0,7,1377,0,0.6
TX004732,retrait,5110.0,15.63,19460.0,2,2660,0,3.2
TX004733,transfert,3790.0,10.74,44760.0,7,2976,0,1.6
TX004734,paiement_marchand,2740.0,16.76,179770.0,5,1034,0,1.8
TX004735,depot,23870.0,14.38,108820.0,2,1566,1,7.9
TX004736,transfert,6240.0,9.84,41950.0,2,579,0,0.7
TX004737,transfert,7530.0,14.12,28700.0,5,1708,0,0.9
TX004738,paiement_marchand,1180.0,16.45,321080.0,2,1711,1,2.6
TX004739,depot,22850.0,20.98,146990.0,2,2551,0,1.6
TX004740,depot,11190.0,12.81,37310.0,5,737,0,7.1
TX004741,paiement_marchand,2320.0,10.1,160910.0,6,796,0,1.6
TX004742,retrait,6850.0,13.14,139500.0,5,2943,0,4.7
TX004743,paiement_marchand,6270.0,10.29,34380.0,6,674,0,3.6
TX004744,paiement_marchand,7470.0,16.66,74940.0,4,1901,1,2.0
TX004745,transfert,30650.0,12.03,92840.0,2,2711,0,2.0
TX004746,retrait,8890.0,13.49,12140.0,1,2542,0,6.6
TX004747,retrait,12510.0,13.1,134850.0,6,352,0,5.2
TX004748,depot,14830.0,22.19,48240.0,5,2761,0,4.1
TX004749,depot,12080.0,18.17,213470.0,4,667,0,6.9
TX004750,retrait,5350.0,15.35,182420.0,4,961,0,3.4
TX004751,retrait,18230.0,13.08,112670.0,3,1535,0,1.0
TX004752,depot,3420.0,11.94,64540.0,2,330,0,2.1
TX004753,retrait,18870.0,14.59,104260.0,4,2942,1,0.1
TX004754,transfert,14210.0,15.04,33410.0,4,855,0,12.9
TX004755,depot,32740.0,11.89,159870.0,5,2607,0,0.9
TX004756,transfert,2950.0,9.74,58290.0,3,1176,0,23.0
TX004757,paiement_marchand,910.0,16.5,105820.0,4,713,0,7.5
TX004758,transfert,9550.0,18.83,225180.0,5,1930,0,0.1
TX004759,transfert,3340.0,18.68,93230.0,4,797,1,3.5
TX004760,retrait,59430.0,7.07,153500.0,3,1845,0,9.6
TX004761,paiement_marchand,6110.0,16.38,29560.0,9,795,0,6.1
TX004762,retrait,24230.0,17.18,163530.0,4,629,0,3.3
TX004763,depot,18600.0,17.23,88390.0,6,1709,0,2.7
TX004764,depot,48200.0,17.92,64460.0,3,68,0,0.4
TX004765,retrait,10350.0,13.13,42870.0,4,2129,0,1.0
TX004766,retrait,5110.0,17.2,400460.0,3,1892,0,4.9
TX004767,retrait,27520.0,6.38,76350.0,10,1197,0,2.4
TX004768,depot,11540.0,21.28,193920.0,3,43,0,2.3
TX004769,retrait,52540.0,14.1,71270.0,3,1501,0,2.1
TX004770,depot,2710.0,8.53,22180.0,3,1138,0,1.1
TX004771,paiement_marchand,15320.0,14.09,32720.0,5,2800,0,0.0
TX004772,paiement_marchand,830.0,9.34,53600.0,2,444,0,0.4
TX004773,retrait,7340.0,16.65,120710.0,5,1597,0,5.4
TX004774,retrait,20070.0,8.5,110380.0,6,1043,0,2.7
TX004775,transfert,15520.0,14.57,206950.0,5,947,0,6.0
TX004776,depot,10520.0,14.77,87360.0,7,1980,0,0.4
TX004777,retrait,25670.0,12.4,63100.0,4,1724,0,6.1
TX004778,transfert,4880.0,17.62,42060.0,8,733,0,3.4
TX004779,depot,15450.0,9.47,102910.0,6,1883,0,1.9
TX004780,depot,25080.0,17.38,75960.0,3,637,0,18.3
TX004781,depot,24630.0,10.71,39730.0,3,1272,0,4.7
TX004782,retrait,6580.0,7.84,56280.0,3,451,0,15.4
TX004783,paiement_marchand,3430.0,12.0,55060.0,2,2339,0,1.2
TX004784,paiement_marchand,4030.0,16.84,24290.0,4,1334,0,1.9
TX004785,retrait,17630.0,10.94,152580.0,2,2827,0,2.0
TX004786,depot,3100.0,18.83,334850.0,9,988,0,12.0
TX004787,depot,13580.0,18.91,161440.0,4,2432,0,2.4
TX004788,transfert,3300.0,13.01,28780.0,6,239,0,1.4
TX004789,depot,18420.0,17.66,162680.0,4,295,0,3.0
TX004790,retrait,7580.0,2.42,757890.0,2,334,0,0.6
TX004791,paiement_marchand,2480.0,14.45,49130.0,5,1430,0,3.2
TX004792,paiement_marchand,2900.0,18.45,35660.0,4,1064,0,1.9
TX004793,transfert,3850.0,12.64,73460.0,5,971,0,3.3
TX004794,transfert,17790.0,13.99,291200.0,6,2243,0,0.1
TX004795,paiement_marchand,2880.0,14.73,10050.0,2,1837,0,3.1
TX004796,retrait,3290.0,14.91,105920.0,4,1956,0,4.9
TX004797,retrait,15070.0,15.16,79910.0,3,2928,0,9.0
TX004798,retrait,24390.0,10.48,42080.0,5,1461,0,1.0
TX004799,retrait,9160.0,6.36,29870.0,3,2212,0,0.8
TX004800,depot,9650.0,15.24,195960.0,3,1293,0,0.9
TX004801,depot,8160.0,6.31,128110.0,3,2341,0,1.2
TX004802,depot,65890.0,14.69,210850.0,2,1659,0,6.2
TX004803,depot,8960.0,17.86,32090.0,2,1991,0,1.1
TX004804,retrait,15910.0,11.98,40690.0,2,1310,0,9.1
TX004805,transfert,5780.0,7.53,80600.0,1,1905,0,3.5
TX004806,transfert,3130.0,16.43,80050.0,5,1667,0,2.3
TX004807,retrait,4160.0,16.63,26560.0,4,1820,0,4.2
TX004808,transfert,6000.0,9.44,116560.0,6,1747,0,0.5
TX004809,transfert,13930.0,16.94,184210.0,6,2888,0,1.5
TX004810,transfert,12190.0,19.14,24250.0,3,1932,0,3.2
TX004811,transfert,10610.0,17.97,213800.0,6,2988,0,0.6
TX004812,transfert,1390.0,14.05,22180.0,6,284,0,0.3
TX004813,paiement_marchand,3640.0,19.49,177350.0,3,1384,0,4.8
TX004814,transfert,13930.0,16.77,31330.0,2,2891,0,0.6
TX004815,transfert,21230.0,12.5,276780.0,4,437,0,5.8
TX004816,transfert,4090.0,19.82,246010.0,3,1311,0,6.4
TX004817,retrait,12450.0,8.37,69080.0,4,203,0,1.2
TX004818,transfert,19330.0,18.39,111820.0,4,1856,1,11.6
TX004819,paiement_marchand,5440.0,8.81,11010.0,3,1717,0,1.7
TX004820,retrait,3500.0,12.05,88170.0,4,160,0,2.5
TX004821,transfert,5710.0,8.77,266460.0,3,617,0,8.3
TX004822,transfert,3050.0,13.6,122070.0,4,2224,0,4.9
TX004823,retrait,8350.0,9.74,36840.0,9,2298,0,0.9
TX004824,retrait,12270.0,11.67,49870.0,6,823,0,5.4
TX004825,transfert,11420.0,17.73,112730.0,1,1929,0,9.5
TX004826,paiement_marchand,3130.0,15.77,47630.0,5,1356,0,7.2
TX004827,transfert,4840.0,21.94,21250.0,4,687,0,3.4
TX004828,retrait,9230.0,18.81,77300.0,5,895,0,5.7
TX004829,retrait,15560.0,17.22,35300.0,5,1126,0,9.1
TX004830,retrait,20770.0,8.77,94720.0,5,2013,0,0.4
TX004831,paiement_marchand,1930.0,10.65,57090.0,3,2747,0,1.8
TX004832,retrait,16330.0,14.41,27710.0,4,1433,0,0.6
TX004833,retrait,27100.0,20.63,70880.0,5,2123,0,2.6
TX004834,retrait,24510.0,10.54,96180.0,4,45,0,2.4
TX004835,depot,4290.0,7.35,160620.0,4,94,0,2.8
TX004836,transfert,22150.0,3.83,478760.0,5,2792,1,3.6
TX004837,retrait,3090.0,13.81,65290.0,7,1876,0,10.1
TX004838,retrait,51460.0,13.12,135640.0,3,2691,0,10.6
TX004839,transfert,5150.0,8.57,111940.0,4,2536,0,4.1
TX004840,transfert,14810.0,9.56,215840.0,5,1332,0,14.1
TX004841,retrait,9400.0,11.45,42160.0,2,223,0,2.8
TX004842,retrait,5310.0,20.94,66580.0,5,1521,0,13.8
TX004843,retrait,56330.0,11.21,93070.0,4,1738,0,2.6
TX004844,paiement_marchand,7450.0,10.68,87450.0,4,206,0,0.9
TX004845,transfert,11850.0,11.18,58100.0,7,2130,0,0.6
TX004846,depot,47080.0,9.52,74890.0,6,1550,0,1.3
TX004847,depot,2240.0,13.45,71730.0,4,537,0,1.1
TX004848,depot,6190.0,11.65,341740.0,3,712,0,5.2
TX004849,transfert,3720.0,13.99,39470.0,3,852,0,0.4
TX004850,transfert,5900.0,12.54,55310.0,2,1233,0,5.5
TX004851,paiement_marchand,3040.0,9.01,40930.0,4,93,0,2.0
TX004852,paiement_marchand,2380.0,13.86,105610.0,2,756,0,0.7
TX004853,retrait,8060.0,19.92,139640.0,4,525,0,0.1
TX004854,depot,3590.0,18.82,33020.0,5,2157,0,2.2
TX004855,paiement_marchand,4120.0,13.96,120050.0,6,125,0,4.2
TX004856,retrait,26980.0,13.1,321650.0,4,1593,0,2.4
TX004857,depot,26520.0,16.76,49830.0,5,1273,0,0.4
TX004858,depot,3350.0,13.66,158550.0,3,508,0,1.1
TX004859,transfert,2100.0,12.58,92810.0,6,2192,0,5.7
TX004860,paiement_marchand,9950.0,12.8,41110.0,4,1626,0,0.0
TX004861,retrait,21000.0,10.36,41660.0,7,323,0,2.5
TX004862,paiement_marchand,4500.0,15.15,64930.0,3,566,0,6.2
TX004863,transfert,4910.0,23.02,52830.0,3,1195,0,0.6
TX004864,transfert,7780.0,12.38,43670.0,4,2687,0,1.2
TX004865,retrait,13000.0,18.55,63760.0,3,2817,1,4.0
TX004866,retrait,60860.0,13.74,283370.0,2,1676,0,6.3
TX004867,depot,14180.0,14.35,33400.0,4,2364,0,3.2
TX004868,depot,5360.0,14.25,30440.0,4,2698,0,2.2
TX004869,depot,1370.0,15.22,11100.0,6,2913,0,2.0
TX004870,retrait,38850.0,15.43,504130.0,2,1509,0,0.8
TX004871,retrait,21200.0,18.77,89240.0,4,1270,0,0.0
TX004872,depot,6830.0,11.22,39150.0,5,590,0,3.5
TX004873,transfert,5330.0,6.9,30630.0,3,1070,0,1.6
TX004874,depot,22070.0,18.87,94650.0,3,811,0,2.8
TX004875,depot,30150.0,12.27,89410.0,6,229,0,5.0
TX004876,depot,15530.0,8.69,34760.0,3,1588,0,14.2
TX004877,transfert,4760.0,17.45,108280.0,4,2703,0,4.3
TX004878,retrait,68320.0,8.56,298470.0,6,607,0,1.3
TX004879,paiement_marchand,3860.0,22.96,127130.0,5,1102,0,7.3
TX004880,depot,86160.0,14.24,99560.0,3,1176,0,0.7
TX004881,retrait,13970.0,13.34,381600.0,2,1645,0,1.5
TX004882,paiement_marchand,760.0,18.43,60270.0,6,2928,0,7.0
TX004883,paiement_marchand,3090.0,16.39,155810.0,2,1696,1,4.2
TX004884,depot,64230.0,15.75,92770.0,3,257,0,6.2
TX004885,transfert,15330.0,12.4,1011220.0,5,988,1,3.9
TX004886,retrait,12120.0,11.18,152330.0,5,2352,0,0.7
TX004887,retrait,14770.0,10.35,222240.0,3,2818,0,7.3
TX004888,depot,10640.0,11.92,94420.0,5,997,0,5.7
TX004889,paiement_marchand,2960.0,6.47,70570.0,4,2552,0,2.2
TX004890,retrait,12710.0,14.75,58470.0,2,656,0,1.8
TX004891,paiement_marchand,1459680.0,10.71,1539700.0,13,152,0,1.4
TX004892,paiement_marchand,650.0,8.43,72600.0,5,2562,0,2.6
TX004893,depot,11550.0,6.59,62990.0,7,916,0,1.8
TX004894,paiement_marchand,2490.0,17.48,69130.0,2,1695,0,9.0
TX004895,paiement_marchand,5330.0,17.82,25460.0,5,2533,0,2.1
TX004896,retrait,17690.0,15.2,91210.0,4,2296,0,2.1
TX004897,paiement_marchand,1420.0,16.01,108250.0,2,2536,0,2.8
TX004898,depot,25970.0,14.36,58910.0,5,1483,0,4.2
TX004899,paiement_marchand,6120.0,15.39,122930.0,5,1880,0,0.3
TX004900,transfert,2920.0,14.04,201710.0,2,130,0,5.3
TX004901,transfert,17190.0,16.52,145840.0,3,1643,0,0.9
TX004902,transfert,32940.0,13.76,47180.0,3,1632,0,2.2
TX004903,depot,6220.0,13.08,37000.0,3,400,0,4.3
TX004904,retrait,8880.0,14.84,63100.0,6,617,0,0.1
TX004905,transfert,22240.0,9.41,30000.0,4,1047,0,2.2
TX004906,transfert,5570.0,10.13,19690.0,4,2819,0,6.1
TX004907,depot,4850.0,7.74,57530.0,7,2732,0,8.0
TX004908,transfert,3630.0,14.55,70570.0,6,1392,0,0.9
TX004909,depot,4300.0,14.2,45180.0,6,2954,0,8.2
TX004910,retrait,10910.0,14.71,70530.0,6,730,0,0.2
TX004911,retrait,3910.0,10.53,17960.0,5,1440,0,6.5
TX004912,transfert,2560.0,12.98,32740.0,5,355,0,0.8
TX004913,transfert,8280.0,11.23,71370.0,6,659,0,13.5
TX004914,retrait,10120.0,15.88,43040.0,3,615,0,5.8
TX004915,depot,2920.0,19.7,23180.0,4,2043,0,1.2
TX004916,transfert,11510.0,15.14,66750.0,5,1079,0,2.1
TX004917,paiement_marchand,2630.0,14.9,68770.0,7,1578,0,9.0
TX004918,depot,41080.0,21.62,56840.0,5,2364,0,2.4
TX004919,retrait,5000.0,14.66,65930.0,4,1510,0,9.6
TX004920,transfert,11220.0,14.88,75220.0,4,288,0,6.7
TX004921,paiement_marchand,750.0,8.56,448320.0,5,822,0,0.5
TX004922,paiement_marchand,3580.0,18.54,81660.0,2,2732,0,2.1
TX004923,depot,13460.0,10.87,72740.0,6,171,0,3.6
TX004924,depot,5160.0,16.47,44670.0,4,1854,0,5.0
TX004925,retrait,19880.0,17.88,54270.0,3,835,0,3.6
TX004926,transfert,6980.0,16.62,48250.0,6,563,0,17.3
TX004927,paiement_marchand,900.0,13.54,60780.0,4,281,0,0.5
TX004928,transfert,5530.0,15.71,23680.0,3,854,0,1.4
TX004929,retrait,16850.0,15.4,47840.0,2,89,0,0.0
TX004930,paiement_marchand,3930.0,13.26,64570.0,4,2098,0,2.8
TX004931,depot,13360.0,13.16,116380.0,2,1800,0,2.1
TX004932,retrait,9480.0,19.16,31720.0,5,1881,0,1.2
TX004933,depot,20430.0,20.32,140260.0,5,689,0,1.4
TX004934,paiement_marchand,8240.0,15.38,127850.0,4,462,0,4.2
TX004935,paiement_marchand,1450.0,9.09,11630.0,7,418,0,17.8
TX004936,paiement_marchand,4630.0,14.85,82130.0,4,2373,0,10.8
TX004937,transfert,7650.0,17.88,20390.0,1,2459,0,4.4
TX004938,paiement_marchand,4660.0,21.49,102890.0,5,1170,0,0.5
TX004939,depot,6080.0,17.06,48610.0,2,1544,0,1.2
TX004940,paiement_marchand,1390.0,18.51,206830.0,2,190,0,20.8
TX004941,retrait,2170.0,6.0,36230.0,4,546,0,1.0
TX004942,depot,4850.0,6.72,68190.0,6,781,0,5.1
TX004943,paiement_marchand,1210.0,19.2,142090.0,6,1234,0,3.0
TX004944,paiement_marchand,1630.0,19.01,62360.0,5,2175,0,1.7
TX004945,transfert,7950.0,8.31,22980.0,1,827,0,0.1
TX004946,paiement_marchand,5390.0,11.59,125290.0,2,2054,0,0.4
TX004947,depot,4840.0,12.29,121880.0,5,716,0,10.1
TX004948,transfert,3350.0,14.38,163370.0,6,1637,0,4.9
TX004949,depot,135370.0,12.06,151560.0,2,2365,0,3.6
TX004950,depot,12790.0,17.32,113470.0,4,2204,0,1.0
TX004951,retrait,21950.0,19.92,62070.0,6,2007,0,8.4
TX004952,depot,97890.0,14.65,114780.0,5,53,0,1.6
TX004953,transfert,10790.0,9.47,85330.0,5,763,0,5.0
TX004954,depot,12550.0,18.17,28240.0,1,2003,0,2.6
TX004955,retrait,14110.0,11.01,428630.0,1,2329,0,5.2
TX004956,depot,8570.0,13.87,21450.0,3,2973,0,2.8
TX004957,paiement_marchand,980.0,19.28,24220.0,4,1873,0,4.0
TX004958,paiement_marchand,7110.0,12.89,31120.0,2,881,0,2.5
TX004959,retrait,5020.0,12.68,206630.0,4,2435,0,0.1
TX004960,retrait,3330.0,12.73,22550.0,6,523,0,4.4
TX004961,retrait,14890.0,18.44,147410.0,3,2599,0,3.1
TX004962,transfert,18600.0,15.35,38440.0,3,2613,0,2.4
TX004963,retrait,2770.0,11.57,33590.0,2,2691,0,5.1
TX004964,paiement_marchand,10370.0,7.92,532210.0,2,826,0,1.5
TX004965,transfert,22770.0,9.26,199630.0,7,253,0,0.6
TX004966,retrait,15350.0,12.45,116830.0,3,2911,0,1.7
TX004967,transfert,680.0,15.12,10000.0,2,1044,0,3.7
TX004968,depot,24930.0,16.61,250840.0,4,666,0,4.8
TX004969,depot,4050.0,21.04,22730.0,2,2073,0,1.3
TX004970,transfert,10930.0,8.67,69340.0,2,1230,0,0.6
TX004971,paiement_marchand,450.0,7.92,10520.0,3,1116,0,0.2
TX004972,paiement_marchand,2810.0,17.25,231210.0,2,921,1,3.3
TX004973,depot,4750.0,21.58,42720.0,5,2580,0,3.9
TX004974,transfert,10050.0,12.6,52840.0,3,1595,0,1.3
TX004975,transfert,406600.0,3.93,418390.0,2,653,1,264.3
TX004976,paiement_marchand,3810.0,15.31,77300.0,5,645,0,5.2
TX004977,depot,17230.0,20.23,114920.0,4,1737,0,3.8
TX004978,retrait,13050.0,14.89,197260.0,1,881,0,5.7
TX004979,paiement_marchand,5570.0,13.02,194090.0,6,2736,0,6.6
TX004980,retrait,5830.0,12.42,37370.0,5,1801,0,0.2
TX004981,retrait,4370.0,17.65,61770.0,3,788,0,2.8
TX004982,retrait,24880.0,10.49,84520.0,4,1316,0,9.9
TX004983,depot,44780.0,21.11,56330.0,4,2747,0,1.1
TX004984,retrait,11940.0,18.25,147160.0,2,201,0,0.9
TX004985,retrait,8490.0,15.16,222290.0,1,2321,0,6.5
TX004986,transfert,15440.0,13.29,178690.0,5,276,0,2.7
TX004987,paiement_marchand,3230.0,16.6,97140.0,3,489,0,0.1
TX004988,paiement_marchand,8980.0,15.42,146870.0,3,1154,0,6.9
TX004989,depot,15560.0,18.61,277100.0,3,2757,0,1.2
TX004990,transfert,6580.0,19.38,308580.0,3,2377,0,3.1
TX004991,depot,11150.0,14.22,41480.0,1,1515,0,5.0
TX004992,transfert,3270.0,9.45,26770.0,1,1497,0,2.9
TX004993,retrait,6970.0,14.2,35760.0,1,2024,0,1.8
TX004994,paiement_marchand,20110.0,11.75,107540.0,2,175,0,16.4
TX004995,depot,2900.0,14.59,93590.0,3,2488,0,4.7
TX004996,transfert,11080.0,16.99,244380.0,6,1034,0,4.9
TX004997,paiement_marchand,1090.0,18.1,48410.0,4,1817,0,6.7
TX004998,depot,12950.0,18.32,70550.0,1,1288,0,2.9
TX004999,paiement_marchand,5670.0,7.65,175660.0,3,2005,0,4.8
TX005000,retrait,4830.0,14.83,94500.0,4,1741,0,0.2
TX005001,retrait,5550.0,15.32,353700.0,3,2993,0,2.5
TX005002,paiement_marchand,6190.0,17.83,106110.0,7,2245,0,5.4
TX005003,transfert,19960.0,7.17,41810.0,4,365,0,4.5
TX005004,retrait,30030.0,16.26,66710.0,1,1819,0,3.6
TX005005,paiement_marchand,9920.0,14.87,109830.0,7,1463,0,4.7
TX005006,transfert,3340.0,20.0,137820.0,7,1048,0,10.6
TX005007,depot,11310.0,13.14,126690.0,3,2088,0,6.4
TX005008,retrait,1050.0,14.31,61250.0,3,1285,0,8.4
TX005009,depot,5170.0,7.39,35740.0,4,1359,0,0.4
TX005010,retrait,11810.0,20.48,193590.0,5,493,0,0.3
TX005011,transfert,9720.0,12.42,71680.0,3,1906,0,8.6
TX005012,transfert,5410.0,13.17,144570.0,5,1784,0,0.9
TX005013,retrait,3210.0,11.37,124460.0,2,911,0,4.9
TX005014,transfert,3940.0,15.15,39770.0,1,2909,0,0.9
TX005015,retrait,3750.0,12.14,71320.0,5,362,0,0.4
TX005016,paiement_marchand,2040.0,17.73,23910.0,3,1269,0,3.7
TX005017,paiement_marchand,670.0,12.0,575680.0,4,2815,0,2.6
TX005018,paiement_marchand,4450.0,7.32,127440.0,3,938,0,5.0
TX005019,paiement_marchand,4270.0,18.8,31440.0,2,2329,1,9.0
TX005020,transfert,9110.0,10.82,51410.0,4,2648,0,8.1
TX005021,depot,19820.0,14.08,46710.0,6,1505,0,3.4
TX005022,depot,21880.0,11.28,69570.0,5,1429,0,0.8
TX005023,transfert,4060.0,16.89,209430.0,3,2627,0,4.4
TX005024,paiement_marchand,1231400.0,14.37,1569610.0,3,250,0,2.4
TX005025,paiement_marchand,2550.0,12.25,27640.0,1,841,0,0.9
TX005026,retrait,20710.0,13.06,58100.0,2,847,0,0.6
TX005027,paiement_marchand,3170.0,15.39,65730.0,3,2378,0,1.5
TX005028,transfert,17700.0,17.29,51100.0,10,875,0,6.7
TX005029,retrait,47040.0,16.86,84790.0,3,2787,0,5.5
TX005030,retrait,70490.0,9.34,81690.0,4,621,0,2.6
TX005031,paiement_marchand,2580.0,19.47,11160.0,4,2916,0,0.8
TX005032,depot,16800.0,18.11,413490.0,4,1232,0,2.2
TX005033,transfert,10360.0,16.8,60800.0,5,1902,0,3.2
TX005034,retrait,14940.0,22.48,71480.0,4,2457,0,0.9
TX005035,paiement_marchand,6090.0,18.39,502720.0,9,2118,0,1.8
TX005036,transfert,7280.0,11.01,76180.0,2,907,0,2.6
TX005037,depot,34590.0,8.23,74140.0,6,2941,0,2.3
TX005038,transfert,14500.0,19.75,63590.0,8,153,0,7.9
TX005039,transfert,35490.0,20.9,79530.0,8,2478,0,13.4
TX005040,depot,12420.0,15.12,24820.0,4,1700,0,9.9
TX005041,depot,7510.0,15.64,45680.0,7,717,0,3.5
TX005042,transfert,4610.0,15.53,52720.0,2,2758,0,10.2
TX005043,depot,1590.0,15.5,85460.0,2,706,0,0.3
TX005044,paiement_marchand,5130.0,13.65,120940.0,5,1030,0,3.3
TX005045,paiement_marchand,1790.0,18.08,43050.0,2,498,0,7.4
TX005046,depot,12520.0,14.63,171760.0,7,1116,0,0.6
TX005047,retrait,3890.0,18.84,66230.0,5,1076,0,9.6
TX005048,retrait,6110.0,15.51,262820.0,4,1944,0,2.4
TX005049,paiement_marchand,1320.0,19.72,86590.0,2,2333,0,7.4
TX005050,transfert,5860.0,10.84,17030.0,3,1763,0,7.1
TX005051,transfert,4490.0,5.97,89480.0,4,2457,0,0.6
TX005052,retrait,10520.0,12.42,71420.0,4,50,0,0.2
TX005053,depot,9650.0,18.03,38490.0,4,1392,0,0.6
TX005054,depot,15330.0,15.8,46900.0,3,254,1,3.3
TX005055,transfert,4200.0,13.15,42020.0,5,1178,0,0.4
TX005056,retrait,12100.0,15.2,32940.0,4,1707,0,6.4
TX005057,depot,8790.0,22.08,82360.0,5,52,0,2.7
TX005058,transfert,40180.0,10.62,65270.0,2,1008,0,0.4
TX005059,retrait,6570.0,13.91,48080.0,5,2856,0,2.7
TX005060,paiement_marchand,1192010.0,12.25,1475150.0,6,243,0,2.2
TX005061,depot,15200.0,11.86,70840.0,6,955,0,0.6
TX005062,paiement_marchand,4150.0,13.16,315930.0,3,810,0,0.2
TX005063,retrait,8690.0,21.44,65340.0,4,2475,0,6.5
TX005064,transfert,29970.0,15.7,133300.0,5,1165,0,7.6
TX005065,transfert,8270.0,11.3,19110.0,2,1477,0,1.1
TX005066,transfert,15850.0,15.28,94950.0,3,84,0,4.2
TX005067,depot,69330.0,11.54,183900.0,3,1346,0,1.3
TX005068,transfert,5020.0,20.55,21540.0,2,1324,0,9.8
TX005069,depot,18670.0,8.38,28120.0,5,477,0,0.8
TX005070,depot,6410.0,10.07,100190.0,2,1344,0,16.2
TX005071,transfert,5740.0,16.72,16450.0,4,2784,0,2.5
TX005072,transfert,23100.0,15.06,56720.0,2,1999,0,10.9
TX005073,transfert,5390.0,18.92,91230.0,4,851,0,3.1
TX005074,retrait,7900.0,15.82,18750.0,4,933,0,2.9
TX005075,paiement_marchand,1540.0,12.02,238040.0,2,2666,0,5.8
TX005076,transfert,37000.0,12.1,94800.0,1,451,0,0.6
TX005077,paiement_marchand,3500.0,5.57,103350.0,7,1118,0,8.1
TX005078,depot,28390.0,7.69,100170.0,6,2674,0,12.3
TX005079,transfert,7630.0,9.24,16900.0,8,1554,0,7.5
TX005080,transfert,4200.0,16.84,32560.0,3,1883,0,1.0
TX005081,transfert,16910.0,11.79,28330.0,5,340,0,3.6
TX005082,transfert,2520.0,12.44,54420.0,6,1191,0,7.2
TX005083,retrait,13350.0,14.39,52110.0,3,2096,0,3.4
TX005084,depot,38220.0,11.83,73250.0,7,326,0,0.4
TX005085,transfert,4050.0,12.07,129090.0,5,1682,0,1.4
TX005086,paiement_marchand,7020.0,10.03,144240.0,4,1450,0,3.4
TX005087,depot,16730.0,17.44,86200.0,3,2835,0,0.9
TX005088,transfert,4350.0,7.24,44680.0,5,402,0,2.9
TX005089,transfert,1190.0,15.96,356410.0,1,2680,0,6.9
TX005090,retrait,49100.0,17.0,78450.0,4,1839,0,1.9
TX005091,depot,25380.0,8.02,38310.0,3,1584,0,4.1
TX005092,depot,25180.0,20.03,953190.0,4,1345,0,0.2
TX005093,transfert,4430.0,13.44,61090.0,3,1342,0,0.5
TX005094,transfert,2250.0,15.97,120450.0,4,1923,0,0.3
TX005095,transfert,15260.0,11.89,81270.0,4,2467,0,0.5
TX005096,retrait,52620.0,16.33,198070.0,7,742,1,0.7
TX005097,paiement_marchand,2020.0,13.78,45350.0,5,2778,0,3.1
TX005098,paiement_marchand,2700.0,19.65,111240.0,2,2649,0,5.4
TX005099,transfert,7620.0,10.39,39830.0,5,1569,0,6.9
TX005100,transfert,8670.0,16.8,65270.0,4,217,1,4.3
TX005101,transfert,2400.0,13.13,108430.0,1,2186,0,2.5
TX005102,depot,5920.0,23.99,15910.0,6,822,0,2.8
TX005103,depot,10310.0,13.27,110730.0,2,1207,0,3.3
TX005104,transfert,13350.0,16.8,65800.0,3,83,0,15.1
TX005105,depot,7570.0,15.47,386600.0,4,1037,0,0.5
TX005106,transfert,20160.0,12.53,48070.0,4,592,0,5.0
TX005107,retrait,15000.0,19.41,134610.0,1,733,0,0.6
TX005108,depot,9000.0,6.8,56950.0,4,257,0,3.8
TX005109,depot,16530.0,15.96,67790.0,2,1260,0,1.1
TX005110,paiement_marchand,1820.0,12.01,43670.0,4,2313,0,0.7
TX005111,retrait,248080.0,1.34,272000.0,4,418,1,355.4
TX005112,depot,1100.0,15.16,25760.0,3,308,0,3.8
TX005113,transfert,11180.0,12.49,90680.0,7,1987,0,5.2
TX005114,depot,16020.0,16.38,26630.0,4,493,0,6.6
TX005115,paiement_marchand,2010.0,12.03,149650.0,2,2635,0,1.3
TX005116,depot,34450.0,12.72,93620.0,4,2649,0,6.1
TX005117,transfert,37080.0,19.02,60500.0,4,1551,0,0.4
TX005118,retrait,60350.0,17.28,189730.0,4,2040,0,6.5
TX005119,transfert,2930.0,22.5,99990.0,1,2031,1,10.4
TX005120,transfert,6280.0,20.18,43870.0,4,59,0,2.3
TX005121,depot,23380.0,16.84,135890.0,3,2300,0,2.9
TX005122,depot,19700.0,13.79,105420.0,2,2767,0,6.2
TX005123,paiement_marchand,23970.0,16.16,303500.0,3,2623,0,0.5
TX005124,paiement_marchand,2680.0,10.42,139830.0,6,748,0,2.1
TX005125,paiement_marchand,12100.0,19.91,64920.0,2,2987,0,1.2
TX005126,retrait,24960.0,16.2,298900.0,5,1615,0,1.2
TX005127,depot,19150.0,18.02,87500.0,4,435,0,1.7
TX005128,transfert,31500.0,15.46,54950.0,5,1630,0,9.3
TX005129,retrait,2610.0,12.67,25870.0,4,2948,0,7.0
TX005130,retrait,3630.0,3.59,379410.0,5,758,0,10.2
TX005131,paiement_marchand,7140.0,16.01,28110.0,1,1710,0,4.1
TX005132,transfert,4910.0,12.38,110790.0,3,455,0,1.1
TX005133,paiement_marchand,1090.0,11.31,98410.0,1,2357,1,2.1
TX005134,paiement_marchand,820.0,19.24,19080.0,2,2784,0,7.3
TX005135,retrait,55790.0,15.23,95310.0,4,991,0,1.1
TX005136,retrait,1740.0,18.48,30720.0,2,214,0,2.2
TX005137,retrait,3150.0,17.76,38650.0,6,590,0,0.2
TX005138,paiement_marchand,1170.0,11.53,40330.0,3,952,0,12.8
TX005139,paiement_marchand,1710.0,17.85,11600.0,6,39,0,13.2
TX005140,paiement_marchand,910.0,16.55,56570.0,5,66,0,1.5
TX005141,depot,21550.0,13.76,67640.0,3,132,0,7.7
TX005142,paiement_marchand,28590.0,13.48,37460.0,10,2266,0,15.7
TX005143,paiement_marchand,6520.0,10.87,24630.0,3,1608,0,4.6
TX005144,paiement_marchand,2050.0,15.46,29260.0,3,1791,0,4.0
TX005145,depot,2320.0,14.43,22040.0,5,2237,1,0.3
TX005146,paiement_marchand,6780.0,11.1,41120.0,2,1911,0,2.2
TX005147,retrait,8620.0,14.96,92850.0,3,2097,0,4.1
TX005148,retrait,10920.0,12.08,29620.0,9,1017,0,2.2
TX005149,retrait,30300.0,13.47,254810.0,5,720,0,3.2
TX005150,depot,43010.0,21.79,58810.0,4,1000,0,0.4
TX005151,depot,55480.0,11.09,169480.0,5,2700,0,0.7
TX005152,paiement_marchand,470.0,23.99,50990.0,3,355,0,2.6
TX005153,transfert,16930.0,15.42,69950.0,4,2171,0,0.7
TX005154,retrait,28440.0,15.39,84320.0,6,1416,0,0.4
TX005155,transfert,2620.0,15.56,112610.0,9,1698,0,1.6
TX005156,transfert,6310.0,17.2,40970.0,4,164,0,10.0
TX005157,paiement_marchand,530.0,18.9,54030.0,2,2679,0,1.3
TX005158,retrait,8430.0,6.07,17520.0,3,206,0,10.9
TX005159,depot,54290.0,8.42,159720.0,3,2644,0,1.6
TX005160,retrait,8380.0,14.04,48120.0,3,43,0,5.4
TX005161,transfert,10330.0,8.69,26510.0,4,493,0,6.5
TX005162,retrait,6920.0,17.37,131650.0,4,929,0,14.0
TX005163,depot,13420.0,18.54,435250.0,2,1133,0,1.4
TX005164,transfert,3480.0,15.57,46880.0,3,1912,0,7.0
TX005165,retrait,87030.0,17.89,136570.0,2,2639,0,5.7
TX005166,transfert,7010.0,18.06,62300.0,5,1412,0,3.8
TX005167,depot,29760.0,16.9,105980.0,3,2819,0,0.6
TX005168,depot,25730.0,20.4,203240.0,5,536,0,8.1
TX005169,depot,40250.0,18.49,169570.0,6,367,0,6.2
TX005170,paiement_marchand,6780.0,6.73,210490.0,1,1720,0,3.7
TX005171,paiement_marchand,2370.0,7.14,13430.0,4,352,0,4.4
TX005172,transfert,15450.0,11.99,51790.0,3,676,0,2.9
TX005173,transfert,9340.0,11.03,81830.0,2,1304,0,5.0
TX005174,retrait,9340.0,16.6,54920.0,4,385,0,0.2
TX005175,depot,12680.0,18.86,43230.0,5,1416,0,3.6
TX005176,retrait,10350.0,21.37,40640.0,2,2595,0,9.9
TX005177,transfert,5830.0,14.54,226400.0,5,389,0,0.0
TX005178,transfert,19170.0,17.71,71460.0,7,1584,0,1.3
TX005179,retrait,54830.0,8.22,111130.0,10,2953,0,11.4
TX005180,paiement_marchand,1700.0,11.26,31570.0,4,1669,0,6.3
TX005181,paiement_marchand,2190.0,11.13,136870.0,4,378,0,3.4
TX005182,transfert,3800.0,15.81,69110.0,6,2364,0,4.1
TX005183,depot,13730.0,13.42,32410.0,6,2376,0,4.6
TX005184,depot,2870.0,12.09,282520.0,3,2475,0,1.0
TX005185,depot,20640.0,16.55,114210.0,5,403,1,3.0
TX005186,transfert,6740.0,15.23,22780.0,3,1802,0,2.4
TX005187,retrait,9470.0,15.43,71090.0,4,2860,0,7.5
TX005188,depot,86390.0,10.6,185350.0,8,1767,0,20.2
TX005189,paiement_marchand,3940.0,19.18,60450.0,4,1577,0,6.6
TX005190,transfert,2550.0,18.01,87520.0,4,1842,0,2.0
TX005191,retrait,4480.0,14.09,57660.0,4,2178,0,2.9
TX005192,paiement_marchand,3340.0,10.49,178690.0,5,2889,0,1.5
TX005193,transfert,800.0,15.97,301780.0,4,2136,0,3.5
TX005194,retrait,12820.0,17.11,145020.0,6,2945,0,1.4
TX005195,paiement_marchand,1360.0,16.13,153310.0,4,843,0,1.3
TX005196,retrait,24500.0,12.51,77000.0,5,2004,0,0.0
TX005197,transfert,8860.0,14.28,50670.0,5,1759,0,8.6
TX005198,transfert,2030.0,16.17,112310.0,2,2637,0,4.2
TX005199,transfert,12530.0,19.31,46730.0,6,2643,0,2.3
TX005200,transfert,14970.0,11.34,953020.0,4,2494,0,6.8
TX005201,depot,45070.0,11.9,96720.0,5,84,0,0.6
TX005202,transfert,10830.0,10.7,20480.0,2,606,0,0.2
TX005203,transfert,23290.0,10.58,193080.0,6,2772,0,0.4
TX005204,transfert,35770.0,15.3,346050.0,1,1983,0,0.6
TX005205,transfert,4210.0,14.82,206500.0,5,1504,0,4.5
TX005206,transfert,6070.0,14.93,88140.0,3,253,0,0.8
TX005207,retrait,15370.0,11.52,115230.0,4,479,0,3.0
TX005208,transfert,11580.0,18.58,222150.0,5,806,0,3.7
TX005209,transfert,22740.0,16.63,36010.0,5,343,0,2.0
TX005210,retrait,17900.0,2.26,279400.0,8,1047,0,3.0
TX005211,paiement_marchand,13030.0,10.95,42590.0,2,727,0,13.9
TX005212,retrait,24040.0,15.7,107230.0,4,2258,0,7.6
TX005213,paiement_marchand,3910.0,8.55,49120.0,3,425,0,3.7
TX005214,depot,16070.0,10.62,24570.0,5,273,0,1.0
TX005215,transfert,11590.0,17.18,165750.0,3,81,0,2.5
TX005216,depot,16390.0,12.89,50770.0,4,1648,0,5.1
TX005217,depot,25270.0,12.06,129080.0,5,2637,0,0.6
TX005218,depot,18630.0,14.32,99620.0,5,2273,0,1.5
TX005219,transfert,29520.0,14.98,184360.0,3,598,0,1.6
TX005220,depot,15030.0,13.49,105050.0,4,606,0,3.3
TX005221,paiement_marchand,2780.0,15.68,41050.0,2,79,0,0.2
TX005222,paiement_marchand,2400.0,17.04,107800.0,4,916,0,0.9
TX005223,depot,13450.0,8.95,61050.0,1,696,0,2.3
TX005224,depot,5100.0,14.87,89730.0,2,650,0,16.5
TX005225,transfert,3050.0,12.12,25720.0,3,1750,0,2.1
TX005226,retrait,22720.0,16.49,76170.0,2,2174,0,0.8
TX005227,depot,24430.0,13.95,72920.0,5,2846,0,2.2
TX005228,transfert,6160.0,11.14,82800.0,1,1798,0,1.2
TX005229,transfert,2630.0,11.65,119630.0,2,1502,0,8.2
TX005230,paiement_marchand,1960.0,17.05,31560.0,5,250,0,4.6
TX005231,transfert,5520.0,9.8,44320.0,3,2410,0,14.0
TX005232,retrait,22430.0,8.93,120260.0,3,1384,0,4.5
TX005233,depot,8050.0,14.09,23960.0,3,1412,0,1.4
TX005234,paiement_marchand,5000.0,16.72,299090.0,4,1735,0,4.4
TX005235,transfert,2340.0,17.43,41020.0,7,775,0,4.2
TX005236,depot,21160.0,16.08,197900.0,4,2333,0,11.7
TX005237,depot,23590.0,15.21,67430.0,4,1944,0,11.7
TX005238,paiement_marchand,4720.0,18.68,127510.0,6,361,0,1.1
TX005239,transfert,6850.0,10.19,169910.0,3,568,0,5.1
TX005240,transfert,15570.0,5.85,28240.0,4,220,0,0.7
TX005241,retrait,5870.0,19.76,84600.0,6,1104,0,15.8
TX005242,transfert,4880.0,15.84,69360.0,3,2874,0,11.9
TX005243,paiement_marchand,3320.0,21.29,35220.0,2,2036,1,9.6
TX005244,depot,40380.0,14.46,102280.0,2,1680,0,3.6
TX005245,retrait,4210.0,13.49,170790.0,2,2069,0,0.8
TX005246,retrait,17980.0,15.44,84410.0,2,2785,0,6.0
TX005247,depot,29580.0,15.44,88440.0,4,2127,0,2.4
TX005248,paiement_marchand,3180.0,15.91,51350.0,3,1761,0,3.5
TX005249,depot,2970.0,10.51,35180.0,4,316,0,4.3
TX005250,depot,37110.0,11.17,43910.0,3,1267,0,0.4
TX005251,transfert,21300.0,23.52,273620.0,3,951,0,3.0
TX005252,transfert,20350.0,4.84,156060.0,5,840,0,6.2
TX005253,paiement_marchand,8840.0,17.11,84110.0,1,2054,0,9.9
TX005254,paiement_marchand,1730.0,12.43,54140.0,4,1024,0,0.6
TX005255,depot,22580.0,21.23,68830.0,5,797,0,0.8
TX005256,paiement_marchand,17690.0,12.01,67770.0,4,1194,0,0.3
TX005257,depot,23870.0,12.4,140250.0,2,1015,0,2.4
TX005258,depot,19200.0,8.14,102720.0,2,2328,0,1.2
TX005259,depot,5740.0,15.66,85460.0,6,1740,0,1.7
TX005260,depot,21710.0,13.78,47740.0,5,1516,0,1.1
TX005261,depot,15820.0,12.98,85660.0,5,2289,0,9.5
TX005262,depot,3290.0,18.17,174640.0,2,1650,0,2.2
TX005263,transfert,49370.0,2.88,52050.0,5,502,1,308.5
TX005264,paiement_marchand,1800.0,13.58,141080.0,3,379,0,0.9
TX005265,retrait,4090.0,16.58,31090.0,4,2113,0,1.5
TX005266,paiement_marchand,7160.0,12.96,36460.0,5,2540,0,4.4
TX005267,transfert,300440.0,3.74,321320.0,4,857,1,232.7
TX005268,retrait,7560.0,2.48,12530.0,4,1058,0,1.0
TX005269,depot,4570.0,15.39,106280.0,4,1454,0,5.9
TX005270,depot,5830.0,4.75,37860.0,3,746,0,7.2
TX005271,paiement_marchand,2760.0,10.26,62580.0,7,764,0,1.6
TX005272,depot,36510.0,15.41,76430.0,1,1235,0,2.5
TX005273,depot,9760.0,14.91,465180.0,3,609,0,5.5
TX005274,depot,8750.0,11.47,71560.0,3,174,1,0.3
TX005275,transfert,13950.0,13.84,244630.0,1,1635,0,2.7
TX005276,retrait,33120.0,20.51,62080.0,5,1831,0,1.6
TX005277,transfert,2310.0,8.41,167250.0,6,1452,0,2.6
TX005278,depot,20060.0,23.99,117870.0,4,2505,0,1.6
TX005279,transfert,2410.0,14.61,16680.0,1,590,0,5.1
TX005280,transfert,2910.0,18.59,141720.0,3,2214,0,1.7
TX005281,transfert,18130.0,6.61,63910.0,7,380,0,3.3
TX005282,transfert,3040.0,17.99,40070.0,5,1091,0,3.6
TX005283,paiement_marchand,1650.0,15.64,250880.0,5,1948,0,8.1
TX005284,depot,14100.0,14.56,84410.0,5,1556,0,3.8
TX005285,transfert,15420.0,14.04,53050.0,5,585,0,3.3
TX005286,transfert,9040.0,23.99,1237330.0,3,2433,0,0.1
TX005287,transfert,1920.0,13.71,92540.0,2,35,0,3.1
TX005288,paiement_marchand,2350.0,17.07,63380.0,4,656,0,5.4
TX005289,transfert,8790.0,11.72,519620.0,4,726,0,2.7
TX005290,depot,37570.0,14.34,117370.0,2,2582,0,6.7
TX005291,retrait,8890.0,11.01,70430.0,5,2800,0,1.1
TX005292,transfert,13010.0,13.68,16760.0,50,4,0,9.2
TX005293,retrait,43990.0,20.87,136000.0,5,751,0,0.5
TX005294,depot,16850.0,20.1,67120.0,3,2405,0,1.0
TX005295,transfert,13840.0,6.46,59800.0,4,1952,0,1.7
TX005296,depot,9060.0,15.08,96530.0,1,605,0,0.8
TX005297,depot,36820.0,11.83,54080.0,8,2091,0,0.4
TX005298,retrait,15370.0,15.6,38550.0,6,179,0,0.3
TX005299,retrait,8020.0,16.5,50530.0,5,1734,0,11.0
TX005300,paiement_marchand,9340.0,8.43,33210.0,2,908,0,1.1
TX005301,retrait,17140.0,15.06,86740.0,1,2657,0,12.6
TX005302,retrait,14030.0,15.27,188200.0,4,1392,0,1.6
TX005303,transfert,19340.0,17.41,58040.0,2,2204,0,3.6
TX005304,retrait,13860.0,18.96,61250.0,3,901,0,4.5
TX005305,paiement_marchand,6090.0,10.37,71850.0,3,975,0,0.1
TX005306,paiement_marchand,6060.0,16.16,614600.0,3,177,0,3.2
TX005307,retrait,33700.0,13.59,108670.0,4,1108,0,0.2
TX005308,paiement_marchand,10650.0,15.9,136390.0,5,1116,0,1.6
TX005309,depot,82220.0,10.42,173340.0,1,2432,0,0.6
TX005310,paiement_marchand,2610.0,11.39,87470.0,7,1336,0,6.5
TX005311,retrait,8450.0,16.4,17520.0,5,1910,0,0.8
TX005312,paiement_marchand,1850.0,12.17,34970.0,3,2965,0,0.4
TX005313,transfert,3270.0,14.94,86220.0,6,1550,0,2.9
TX005314,retrait,3710.0,14.28,79910.0,6,1367,0,5.7
TX005315,paiement_marchand,590.0,11.99,102880.0,2,2482,0,12.4
TX005316,depot,3330.0,13.92,84960.0,1,2518,0,7.1
TX005317,transfert,9890.0,17.86,62780.0,3,1808,0,1.6
TX005318,transfert,487030.0,1.53,500940.0,4,875,1,104.5
TX005319,depot,8800.0,13.23,103790.0,2,582,0,5.7
TX005320,transfert,5730.0,9.5,13230.0,4,804,0,4.4
TX005321,depot,80150.0,17.6,102850.0,6,1215,0,2.3
TX005322,depot,64620.0,9.25,102830.0,4,1183,0,1.3
TX005323,paiement_marchand,1850.0,12.07,36390.0,3,1718,0,1.5
TX005324,retrait,152950.0,1.98,164500.0,3,1308,1,266.4
TX005325,depot,86510.0,14.52,99000.0,3,2809,0,3.1
TX005326,depot,13450.0,19.96,29490.0,6,451,0,8.7
TX005327,retrait,42760.0,13.92,287070.0,4,2643,0,5.6
TX005328,retrait,9720.0,13.23,151150.0,2,125,0,0.0
TX005329,transfert,10770.0,13.22,37950.0,3,537,0,0.9
TX005330,depot,20840.0,15.91,96650.0,3,48,0,2.1
TX005331,retrait,4530.0,7.71,21880.0,5,2514,0,1.1
TX005332,retrait,7650.0,19.06,23660.0,1,872,0,2.2
TX005333,depot,29700.0,5.5,43930.0,4,399,0,1.3
TX005334,depot,5670.0,10.06,236200.0,4,783,1,5.0
TX005335,depot,12510.0,11.53,140260.0,4,467,0,4.2
TX005336,transfert,5090.0,22.53,83780.0,4,1173,0,3.9
TX005337,depot,25420.0,17.29,57690.0,2,1621,0,5.6
TX005338,retrait,8280.0,8.85,34830.0,1,291,0,13.9
TX005339,transfert,8220.0,22.05,49760.0,2,373,0,0.4
TX005340,retrait,4170.0,12.53,165550.0,4,1600,0,0.4
TX005341,retrait,51370.0,15.2,82600.0,4,2415,0,1.0
TX005342,retrait,9850.0,20.43,81340.0,5,1958,0,19.1
TX005343,paiement_marchand,5000.0,7.86,2015440.0,3,1874,0,5.0
TX005344,paiement_marchand,4460.0,18.55,365000.0,5,2782,0,0.8
TX005345,paiement_marchand,1640.0,13.42,147820.0,5,2820,0,1.5
TX005346,paiement_marchand,7680.0,17.55,64250.0,5,2076,0,4.7
TX005347,depot,23670.0,9.74,25790.0,5,194,0,8.2
TX005348,retrait,19020.0,18.17,51660.0,3,1723,0,3.3
TX005349,depot,17820.0,18.62,97110.0,4,2181,0,0.0
TX005350,retrait,16280.0,11.63,103100.0,2,730,0,1.4
TX005351,depot,14410.0,6.33,72370.0,2,2227,0,8.0
TX005352,retrait,8490.0,8.64,34260.0,3,2553,0,1.2
TX005353,retrait,33460.0,17.29,209610.0,2,1649,0,6.5
TX005354,paiement_marchand,2590.0,4.6,156070.0,5,1255,0,0.4
TX005355,retrait,6970.0,13.24,95830.0,2,1868,0,9.4
TX005356,retrait,24370.0,18.1,46890.0,4,774,0,4.1
TX005357,transfert,8600.0,13.01,16610.0,3,1058,0,0.8
TX005358,transfert,64730.0,8.7,107200.0,2,525,0,13.7
TX005359,paiement_marchand,7540.0,12.11,48250.0,4,2870,0,12.1
TX005360,transfert,6560.0,7.46,48890.0,8,2142,0,10.5
TX005361,transfert,13860.0,10.86,73420.0,3,1693,0,6.3
TX005362,depot,46120.0,10.9,101590.0,2,2703,0,1.6
TX005363,paiement_marchand,6690.0,11.33,188030.0,5,2160,0,2.6
TX005364,transfert,13910.0,16.65,330070.0,3,1615,0,1.2
TX005365,retrait,6350.0,15.34,95920.0,5,2411,0,19.4
TX005366,transfert,6710.0,19.34,10860.0,5,1861,0,3.2
TX005367,transfert,8390.0,8.76,183480.0,3,595,0,0.4
TX005368,depot,8160.0,14.0,141930.0,4,105,0,3.2
TX005369,depot,16530.0,11.62,62720.0,4,136,0,2.5
TX005370,depot,90060.0,17.94,315990.0,3,1231,0,6.5
TX005371,retrait,37260.0,10.24,152500.0,4,2528,0,2.6
TX005372,retrait,4370.0,14.29,283870.0,5,814,0,2.6
TX005373,paiement_marchand,1330.0,11.24,131150.0,7,1758,0,3.0
TX005374,transfert,2120.0,9.29,97730.0,6,48,0,8.3
TX005375,paiement_marchand,1340.0,20.83,60010.0,6,465,0,5.1
TX005376,retrait,11020.0,17.9,86040.0,3,667,0,3.7
TX005377,transfert,14400.0,16.49,75420.0,4,140,0,0.3
TX005378,paiement_marchand,3360.0,12.62,529570.0,3,603,0,1.1
TX005379,transfert,2180.0,6.98,77340.0,3,1562,0,4.4
TX005380,paiement_marchand,2900.0,18.04,158400.0,5,2323,0,0.7
TX005381,retrait,18830.0,13.8,212320.0,5,1816,0,3.1
TX005382,depot,9890.0,10.89,84520.0,6,2735,0,2.5
TX005383,transfert,16730.0,15.49,29110.0,4,2914,0,5.1
TX005384,transfert,4860.0,20.87,77940.0,7,1935,0,0.2
TX005385,paiement_marchand,11110.0,13.14,189500.0,3,828,0,3.2
TX005386,paiement_marchand,5820.0,21.4,179270.0,4,2612,0,2.9
TX005387,transfert,7880.0,10.45,132260.0,2,1546,0,7.5
TX005388,depot,11860.0,12.01,148150.0,4,1173,0,0.4
TX005389,transfert,1750.0,22.69,109610.0,4,995,0,3.6
TX005390,retrait,7600.0,15.21,124370.0,3,992,0,5.2
TX005391,transfert,24660.0,15.92,139520.0,4,832,0,16.4
TX005392,depot,26980.0,7.84,52640.0,6,1875,0,9.3
TX005393,retrait,1660.0,17.55,31300.0,4,2100,0,10.0
TX005394,retrait,16120.0,17.84,317260.0,3,2634,0,7.0
TX005395,transfert,5810.0,15.2,46530.0,4,2573,0,0.8
TX005396,paiement_marchand,2700.0,15.53,89520.0,1,647,0,6.7
TX005397,transfert,16300.0,19.4,47360.0,3,2091,0,9.6
TX005398,depot,11960.0,14.33,26280.0,4,1750,0,0.0
TX005399,retrait,17150.0,15.22,146470.0,6,1559,0,2.0
TX005400,depot,2810.0,15.29,7930.0,4,1031,0,7.4
TX005401,depot,19200.0,16.23,122690.0,2,502,0,1.5
TX005402,depot,16480.0,9.81,260450.0,2,2290,0,6.1
TX005403,paiement_marchand,3770.0,10.26,33540.0,2,1741,0,7.5
TX005404,depot,16130.0,14.73,35570.0,3,1512,1,4.6
TX005405,paiement_marchand,4970.0,12.49,143200.0,5,2280,0,0.0
TX005406,transfert,7350.0,13.95,31270.0,3,2377,0,4.0
TX005407,paiement_marchand,4530.0,19.83,293580.0,6,1530,1,3.7
TX005408,retrait,12470.0,10.34,88870.0,3,2782,0,0.3
TX005409,paiement_marchand,2680.0,10.55,13510.0,7,1834,0,1.2
TX005410,retrait,4710.0,11.77,224640.0,4,1697,0,5.5
TX005411,transfert,3020.0,10.94,71430.0,2,851,0,7.9
TX005412,paiement_marchand,2930.0,16.47,57640.0,3,1281,0,6.3
TX005413,transfert,15070.0,10.96,40920.0,8,2793,0,3.0
TX005414,retrait,30610.0,17.17,43510.0,5,1387,0,2.6
TX005415,paiement_marchand,1650.0,15.67,291960.0,3,1929,0,2.3
TX005416,retrait,5570.0,7.26,23870.0,6,1686,0,3.6
TX005417,paiement_marchand,1190.0,12.79,132940.0,5,1662,0,5.1
TX005418,depot,57090.0,13.77,132440.0,6,2903,0,5.3
TX005419,paiement_marchand,3150.0,9.32,41970.0,3,367,0,1.9
TX005420,transfert,2120.0,20.24,108630.0,4,668,0,1.7
TX005421,retrait,3690.0,10.47,88100.0,6,2208,0,5.5
TX005422,depot,26830.0,2.99,43510.0,2,392,0,1.0
TX005423,paiement_marchand,6700.0,7.66,39400.0,7,224,0,8.9
TX005424,depot,13720.0,13.56,27840.0,4,2366,0,5.5
TX005425,depot,5660.0,17.24,457610.0,2,1871,0,3.3
TX005426,paiement_marchand,2640.0,8.85,34680.0,6,993,0,0.0
TX005427,transfert,6320.0,18.5,123150.0,2,2431,0,1.9
TX005428,transfert,4570.0,8.88,61090.0,6,321,0,2.8
TX005429,transfert,7540.0,8.34,17940.0,3,1182,0,9.8
TX005430,retrait,21270.0,13.78,38790.0,5,2071,0,3.2
TX005431,retrait,9550.0,15.63,37760.0,5,2012,0,1.8
TX005432,retrait,8560.0,14.2,36040.0,7,2703,1,5.2
TX005433,transfert,5530.0,7.61,31720.0,4,60,0,15.2
TX005434,transfert,6260.0,16.57,61040.0,5,892,0,2.5
TX005435,transfert,12550.0,15.76,51430.0,5,1718,1,8.3
TX005436,transfert,3750.0,19.71,79130.0,3,2370,0,7.8
TX005437,retrait,8100.0,3.74,20520.0,8,713,0,4.1
TX005438,depot,14400.0,17.93,85310.0,4,1090,0,8.4
TX005439,transfert,7060.0,11.75,56520.0,4,1845,0,4.2
TX005440,transfert,980.0,10.61,39770.0,5,2260,0,7.0
TX005441,depot,11730.0,15.68,43620.0,2,2796,0,8.8
TX005442,depot,30080.0,16.68,75700.0,6,2016,0,1.2
TX005443,depot,19450.0,10.84,214300.0,3,1870,0,12.8
TX005444,depot,7610.0,11.05,76400.0,5,1633,0,2.6
TX005445,depot,12200.0,10.23,95480.0,5,310,0,8.7
TX005446,depot,7270.0,11.45,62670.0,4,1300,0,4.8
TX005447,retrait,21070.0,9.7,65950.0,3,2491,0,4.7
TX005448,transfert,8690.0,7.59,19190.0,3,2654,0,1.9
TX005449,depot,3890.0,11.35,36680.0,4,1836,0,0.0
TX005450,retrait,2290.0,14.68,6480.0,3,1479,0,3.2
TX005451,transfert,23670.0,11.14,135380.0,4,1239,0,3.1
TX005452,paiement_marchand,2760.0,14.96,18790.0,2,709,0,1.1
TX005453,paiement_marchand,2510.0,4.7,37920.0,3,2763,0,2.2
TX005454,depot,11560.0,11.78,67230.0,4,433,0,1.2
TX005455,depot,16900.0,19.63,96030.0,5,2861,0,0.5
TX005456,depot,10990.0,6.51,76390.0,3,2657,0,2.2
TX005457,transfert,5950.0,14.46,133440.0,3,1160,0,4.4
TX005458,retrait,11150.0,11.92,71300.0,1,1111,0,15.4
TX005459,transfert,7190.0,14.5,194970.0,2,718,0,2.4
TX005460,transfert,17010.0,16.79,37870.0,4,2424,0,0.1
TX005461,transfert,7770.0,13.33,25400.0,4,217,0,4.1
TX005462,retrait,42660.0,11.13,98440.0,3,1073,0,0.5
TX005463,transfert,29120.0,13.91,461970.0,4,431,0,3.9
TX005464,depot,12450.0,13.31,75360.0,3,2087,0,2.0
TX005465,depot,6740.0,14.17,76030.0,3,1833,0,3.3
TX005466,depot,11460.0,13.82,343930.0,6,109,0,1.7
TX005467,transfert,7230.0,9.38,102480.0,2,1919,0,0.6
TX005468,depot,22050.0,11.27,116400.0,3,2416,1,6.0
TX005469,transfert,4630.0,16.46,55010.0,1,2662,0,1.3
TX005470,transfert,3630.0,21.23,72140.0,6,1437,0,6.7
TX005471,transfert,5210.0,10.46,94620.0,4,1612,0,10.1
TX005472,transfert,6500.0,10.09,88840.0,5,1553,0,3.7
TX005473,transfert,2530.0,19.23,148710.0,3,525,1,0.1
TX005474,depot,17340.0,11.0,87750.0,4,1728,0,12.3
TX005475,transfert,4180.0,12.22,290990.0,4,373,0,5.0
TX005476,depot,9030.0,11.99,75990.0,4,2911,0,10.3
TX005477,transfert,12110.0,18.57,62000.0,3,520,0,5.1
TX005478,depot,22970.0,20.77,103800.0,4,2778,0,3.4
TX005479,depot,64060.0,13.45,94410.0,5,2225,0,3.1
TX005480,transfert,15930.0,20.29,16300.0,45,9,0,4.1
TX005481,retrait,11750.0,14.1,78080.0,4,1664,0,6.8
TX005482,retrait,28680.0,13.89,31900.0,3,2317,0,2.6
TX005483,depot,57340.0,21.33,88400.0,5,2943,0,0.9
TX005484,retrait,7400.0,21.03,46160.0,5,1445,0,10.1
TX005485,transfert,5610.0,10.95,12070.0,6,1795,0,1.9
TX005486,transfert,3830.0,7.48,65230.0,3,2448,1,5.3
TX005487,retrait,28890.0,5.77,238730.0,2,1313,0,3.3
TX005488,transfert,1960.0,7.6,76510.0,4,2184,0,2.1
TX005489,transfert,6230.0,10.99,42530.0,6,969,0,3.6
TX005490,retrait,26410.0,20.45,113070.0,2,81,0,1.7
TX005491,transfert,9880.0,21.17,99890.0,6,219,0,1.2
TX005492,transfert,2450.0,16.2,17450.0,2,2610,0,6.0
TX005493,depot,18250.0,14.91,69070.0,2,300,0,12.4
TX005494,transfert,12240.0,17.74,76270.0,3,2053,0,2.9
TX005495,retrait,5650.0,17.77,27620.0,2,2772,0,3.6
TX005496,paiement_marchand,7110.0,17.96,30300.0,3,2915,0,1.4
TX005497,paiement_marchand,4440.0,11.4,13580.0,5,2945,0,1.5
TX005498,retrait,7300.0,12.7,97790.0,2,77,0,1.3
TX005499,retrait,13720.0,11.63,123210.0,5,1094,0,1.2
TX005500,transfert,8060.0,21.06,39370.0,5,961,0,4.2
TX005501,transfert,12920.0,19.26,367620.0,8,465,0,9.0
TX005502,transfert,16910.0,12.94,163350.0,2,1471,0,0.6
TX005503,transfert,7100.0,13.99,40900.0,2,2580,0,10.7
TX005504,paiement_marchand,2760.0,13.64,27320.0,2,99,0,6.6
TX005505,retrait,13780.0,15.79,27400.0,3,2560,0,3.6
TX005506,depot,47510.0,12.91,162220.0,2,729,0,14.5
TX005507,depot,26590.0,12.39,85080.0,4,2340,0,1.5
TX005508,transfert,5720.0,23.99,22970.0,4,1153,0,3.7
TX005509,paiement_marchand,14640.0,16.64,254720.0,4,2376,0,1.0
TX005510,transfert,6800.0,8.78,59710.0,6,1031,0,0.5
TX005511,paiement_marchand,20420.0,15.04,43340.0,6,2702,0,4.9
TX005512,retrait,20670.0,19.18,55820.0,5,784,0,9.5
TX005513,transfert,5390.0,17.97,181090.0,6,1929,0,2.0
TX005514,transfert,5580.0,19.87,79940.0,4,1654,0,2.0
TX005515,retrait,22580.0,7.77,61990.0,5,2878,0,2.4
TX005516,transfert,93790.0,1.56,102690.0,2,2719,1,158.3
TX005517,transfert,14300.0,11.75,39290.0,7,1402,0,1.2
TX005518,depot,1310.0,16.76,72240.0,4,1605,0,1.1
TX005519,depot,16120.0,13.82,90280.0,5,310,0,7.1
TX005520,retrait,3720.0,14.61,34310.0,3,1603,0,0.1
TX005521,transfert,8600.0,11.07,153100.0,4,1286,0,0.8
TX005522,paiement_marchand,4880.0,16.05,32560.0,3,645,0,3.4
TX005523,retrait,6200.0,18.2,23070.0,2,1292,0,0.4
TX005524,depot,25960.0,15.59,146070.0,5,1889,0,0.9
TX005525,paiement_marchand,4760.0,15.96,74760.0,3,1585,1,4.4
TX005526,paiement_marchand,1820.0,14.19,97400.0,1,2710,0,2.4
TX005527,paiement_marchand,7320.0,17.95,93740.0,4,896,0,1.5
TX005528,transfert,7220.0,8.79,31050.0,3,1855,0,0.4
TX005529,retrait,3510.0,5.56,75730.0,2,2451,0,0.2
TX005530,transfert,6760.0,9.5,24200.0,5,501,0,0.6
TX005531,paiement_marchand,1010.0,14.51,67900.0,4,347,0,0.5
TX005532,retrait,5560.0,7.48,143530.0,1,988,0,0.8
TX005533,depot,28630.0,16.64,124360.0,3,575,0,1.1
TX005534,paiement_marchand,8210.0,10.91,89810.0,2,2729,0,0.9
TX005535,transfert,3350.0,23.99,18200.0,5,438,0,4.1
TX005536,retrait,2380.0,12.69,194260.0,3,2751,0,2.4
TX005537,retrait,2910.0,18.91,315330.0,5,965,1,0.8
TX005538,retrait,17490.0,21.08,146420.0,4,1287,0,1.1
TX005539,retrait,9240.0,11.46,33000.0,3,346,0,5.4
TX005540,paiement_marchand,4290.0,15.69,125320.0,7,2134,0,0.2
TX005541,depot,6350.0,15.55,34480.0,5,2559,0,1.3
TX005542,depot,37910.0,15.6,170090.0,3,1853,0,1.9
TX005543,paiement_marchand,1910.0,13.68,49050.0,4,2404,0,1.5
TX005544,retrait,15480.0,4.69,39660.0,6,1734,0,6.1
TX005545,transfert,27870.0,17.54,49580.0,2,1759,0,2.2
TX005546,depot,21410.0,12.59,456440.0,4,234,0,1.1
TX005547,depot,13200.0,17.02,44820.0,9,1992,0,7.5
TX005548,retrait,1160.0,10.53,153240.0,2,1490,0,2.1
TX005549,retrait,20680.0,7.81,131730.0,6,2240,0,1.6
TX005550,depot,34740.0,18.74,59250.0,2,492,0,5.4
TX005551,paiement_marchand,1571030.0,10.47,1979490.0,6,48,0,3.5
TX005552,retrait,14420.0,8.97,197850.0,2,2322,0,4.7
TX005553,transfert,5550.0,13.85,50640.0,4,1795,0,15.7
TX005554,retrait,10050.0,14.03,132970.0,2,1250,0,4.4
TX005555,transfert,9350.0,12.09,39270.0,2,2405,0,0.6
TX005556,retrait,2160.0,15.17,135310.0,5,1903,0,4.6
TX005557,transfert,10840.0,14.07,109820.0,3,2981,0,1.4
TX005558,transfert,7710.0,17.6,52050.0,5,2214,0,7.5
TX005559,paiement_marchand,8220.0,16.25,191980.0,5,600,0,5.9
TX005560,retrait,10420.0,10.33,18620.0,2,2255,0,14.2
TX005561,paiement_marchand,1580.0,6.78,20490.0,2,1009,0,3.9
TX005562,depot,10280.0,19.41,47920.0,3,1721,0,2.4
TX005563,paiement_marchand,1040.0,10.74,71740.0,1,311,0,0.5
TX005564,transfert,9400.0,12.06,26220.0,6,2037,0,1.3
TX005565,transfert,11840.0,7.68,323750.0,3,1371,0,6.4
TX005566,paiement_marchand,3230.0,10.59,128310.0,5,1902,0,0.2
TX005567,depot,6990.0,15.14,110480.0,1,1748,0,3.5
TX005568,transfert,6670.0,17.43,79810.0,4,583,0,2.6
TX005569,depot,18080.0,14.95,44370.0,1,857,0,1.8
TX005570,paiement_marchand,1320.0,10.89,44810.0,1,1370,0,1.2
TX005571,depot,13650.0,9.66,97740.0,3,2830,0,12.6
TX005572,depot,200870.0,10.88,345660.0,8,411,0,9.4
TX005573,depot,5390.0,6.05,117000.0,3,391,0,1.2
TX005574,depot,5860.0,15.29,200470.0,7,228,0,0.6
TX005575,depot,10980.0,18.92,208220.0,3,2816,0,6.5
TX005576,retrait,12040.0,11.01,188650.0,3,1055,0,0.9
TX005577,paiement_marchand,1160.0,16.82,16220.0,4,2119,0,1.1
TX005578,transfert,5830.0,12.39,150970.0,1,2580,0,5.0
TX005579,transfert,10430.0,13.44,58760.0,1,1829,0,4.5
TX005580,depot,12710.0,18.31,42040.0,5,1804,1,3.1
TX005581,depot,26370.0,8.35,117830.0,7,2504,0,1.9
TX005582,retrait,7850.0,4.93,52470.0,3,2823,0,0.9
TX005583,depot,12490.0,10.6,123530.0,3,2292,0,7.6
TX005584,transfert,10520.0,10.18,46170.0,6,901,0,4.9
TX005585,transfert,3760.0,17.58,144500.0,3,2188,0,5.1
TX005586,paiement_marchand,2540.0,19.23,67750.0,2,1027,0,6.0
TX005587,retrait,31850.0,13.59,211970.0,6,2969,0,2.1
TX005588,transfert,7350.0,10.08,36040.0,4,2549,0,9.9
TX005589,retrait,24160.0,12.87,149240.0,3,2103,0,10.9
TX005590,transfert,12110.0,12.02,31040.0,3,2497,0,2.9
TX005591,retrait,19860.0,13.17,50430.0,2,2099,0,0.6
TX005592,retrait,53560.0,7.77,126620.0,5,2395,0,3.5
TX005593,retrait,10070.0,11.52,44430.0,2,2196,0,0.7
TX005594,transfert,1960.0,20.34,318380.0,2,2479,0,4.3
TX005595,transfert,23270.0,8.09,30580.0,4,1147,0,1.2
TX005596,retrait,14940.0,13.16,92870.0,4,1329,0,10.8
TX005597,depot,6600.0,17.56,14090.0,2,1146,0,9.3
TX005598,transfert,11420.0,19.65,29580.0,4,1065,0,1.9
TX005599,transfert,11680.0,11.28,35830.0,7,497,0,2.6
TX005600,depot,20760.0,9.83,71570.0,4,1136,0,1.0
TX005601,transfert,12090.0,4.2,69200.0,4,2070,0,4.1
TX005602,depot,23680.0,19.38,174500.0,6,1841,0,1.7
TX005603,depot,6860.0,14.1,15440.0,3,878,0,5.9
TX005604,transfert,4570.0,20.31,41130.0,5,2812,0,3.8
TX005605,depot,10560.0,15.28,143060.0,2,885,0,14.3
TX005606,retrait,19340.0,4.8,147690.0,1,1158,0,1.0
TX005607,retrait,13910.0,14.06,337540.0,6,2559,0,1.8
TX005608,transfert,9580.0,18.71,66690.0,6,188,0,7.1
TX005609,transfert,3160.0,10.59,10960.0,6,2931,1,0.2
TX005610,retrait,7550.0,12.76,47390.0,2,698,0,0.5
TX005611,retrait,1780.0,14.61,137690.0,5,778,0,1.0
TX005612,paiement_marchand,2780.0,17.74,118720.0,4,111,0,3.6
TX005613,retrait,18900.0,15.63,33150.0,3,1553,0,4.6
TX005614,retrait,5390.0,12.67,18610.0,4,104,0,3.8
TX005615,depot,1490.0,9.24,159630.0,3,2791,0,2.5
TX005616,depot,5210.0,13.05,34810.0,2,363,0,3.0
TX005617,retrait,7500.0,14.03,21070.0,5,1773,0,3.4
TX005618,depot,71220.0,15.2,78280.0,2,117,0,3.5
TX005619,paiement_marchand,3460.0,12.45,23600.0,6,2510,0,2.0
TX005620,transfert,11530.0,3.73,258220.0,4,595,0,1.7
TX005621,transfert,3050.0,13.27,299650.0,3,2332,0,20.1
TX005622,retrait,17650.0,23.27,132470.0,5,1239,0,17.4
TX005623,depot,29360.0,14.19,68180.0,3,2112,0,0.9
TX005624,paiement_marchand,880.0,14.27,69370.0,5,2631,1,0.5
TX005625,transfert,11240.0,8.63,73280.0,3,675,0,5.8
TX005626,retrait,35450.0,8.36,113180.0,3,1397,0,6.9
TX005627,depot,21560.0,13.54,70140.0,5,1333,0,2.5
TX005628,retrait,55040.0,7.6,71600.0,4,1477,0,5.5
TX005629,depot,8120.0,11.04,43190.0,8,982,0,5.6
TX005630,transfert,5460.0,16.27,117010.0,4,492,0,4.4
TX005631,transfert,11620.0,3.01,159560.0,3,1513,0,4.5
TX005632,paiement_marchand,7030.0,15.78,91950.0,8,748,0,4.1
TX005633,paiement_marchand,3250.0,13.75,152000.0,3,318,0,8.3
TX005634,transfert,5860.0,12.61,31500.0,4,2369,0,11.6
TX005635,paiement_marchand,2740.0,15.16,36310.0,5,2703,0,1.5
TX005636,retrait,13780.0,10.74,68690.0,3,2600,1,3.3
TX005637,transfert,13320.0,19.29,32390.0,4,2100,0,6.1
TX005638,depot,4420.0,11.67,51110.0,4,252,0,4.5
TX005639,depot,10460.0,1.58,90990.0,3,745,0,3.5
TX005640,retrait,9230.0,16.54,15360.0,4,1613,0,3.1
TX005641,paiement_marchand,2010.0,10.51,41180.0,2,2092,0,8.8
TX005642,retrait,9770.0,19.71,193090.0,4,820,0,0.8
TX005643,depot,35490.0,18.77,146850.0,1,2345,0,1.9
TX005644,depot,12780.0,17.65,19830.0,2,139,0,9.5
TX005645,retrait,9240.0,11.02,14550.0,3,608,0,2.5
TX005646,transfert,12080.0,11.31,47050.0,5,940,0,0.6
TX005647,retrait,15600.0,18.77,145910.0,6,1350,0,9.0
TX005648,transfert,6250.0,20.33,69020.0,2,2436,0,3.9
TX005649,retrait,13960.0,20.72,51760.0,2,2395,0,11.0
TX005650,transfert,13820.0,12.21,19590.0,46,7,1,0.7
TX005651,transfert,3540.0,11.39,24570.0,4,1212,0,8.2
TX005652,paiement_marchand,5190.0,14.63,66850.0,7,2814,0,2.5
TX005653,depot,10470.0,8.68,172370.0,7,2116,0,13.7
TX005654,transfert,7120.0,12.85,78010.0,3,98,0,10.4
TX005655,transfert,21650.0,11.77,105540.0,6,2889,0,0.3
TX005656,paiement_marchand,1060.0,14.36,18280.0,5,2900,0,0.0
TX005657,transfert,8000.0,23.99,52130.0,3,963,0,5.1
TX005658,transfert,5970.0,16.46,73250.0,3,117,0,3.2
TX005659,retrait,6940.0,14.55,37530.0,4,1966,0,5.6
TX005660,retrait,3780.0,12.05,10420.0,3,1494,0,1.0
TX005661,paiement_marchand,3770.0,14.03,102200.0,9,352,0,4.6
TX005662,retrait,14750.0,22.35,50190.0,4,852,0,9.3
TX005663,depot,20500.0,16.16,47240.0,4,158,0,3.8
TX005664,retrait,3360.0,9.53,100520.0,4,2440,0,1.4
TX005665,paiement_marchand,7300.0,15.79,145080.0,6,1523,0,1.4
TX005666,transfert,2490.0,13.86,62810.0,3,687,0,4.3
TX005667,transfert,12820.0,22.05,224980.0,7,1900,0,12.6
TX005668,paiement_marchand,1460.0,8.39,29370.0,9,1826,0,2.4
TX005669,retrait,12860.0,13.13,23030.0,6,668,0,16.8
TX005670,retrait,21690.0,18.32,81620.0,2,1617,0,4.6
TX005671,transfert,4190.0,11.81,35080.0,3,255,0,6.3
TX005672,transfert,1910.0,13.43,827450.0,4,2173,0,6.0
TX005673,transfert,4930.0,8.58,107930.0,3,1020,0,1.2
TX005674,retrait,21260.0,14.39,104490.0,2,2312,1,3.0
TX005675,depot,16950.0,13.8,403890.0,5,1910,0,15.2
TX005676,transfert,6030.0,16.49,29370.0,5,382,0,3.0
TX005677,depot,3680.0,19.11,95530.0,7,2141,0,10.4
TX005678,paiement_marchand,11730.0,14.37,105350.0,2,2218,0,1.3
TX005679,transfert,6090.0,15.57,63180.0,3,1629,0,7.5
TX005680,depot,8320.0,13.77,63140.0,1,2113,0,7.4
TX005681,retrait,8050.0,20.03,25530.0,4,36,0,2.1
TX005682,transfert,9340.0,21.34,116860.0,6,2657,0,4.7
TX005683,transfert,12860.0,8.97,175040.0,4,1311,0,0.5
TX005684,transfert,9690.0,10.49,111670.0,3,1102,0,3.3
TX005685,depot,15370.0,14.93,205830.0,4,1940,0,1.4
TX005686,transfert,3230.0,18.05,36970.0,4,950,0,1.8
TX005687,depot,7930.0,16.08,12490.0,2,678,0,4.1
TX005688,depot,13110.0,6.47,27110.0,5,250,0,14.7
TX005689,retrait,19590.0,19.32,71380.0,2,1729,0,1.0
TX005690,transfert,6390.0,22.23,225940.0,6,2764,0,5.5
TX005691,depot,14940.0,18.64,142270.0,2,626,0,0.6
TX005692,depot,9780.0,19.93,108080.0,3,2437,0,0.3
TX005693,depot,6420.0,18.49,168130.0,8,1943,0,0.9
TX005694,depot,52930.0,18.69,59480.0,4,290,0,4.9
TX005695,paiement_marchand,2460.0,17.45,31640.0,2,1830,0,6.5
TX005696,retrait,9860.0,9.75,35020.0,3,2224,0,4.0
TX005697,depot,4310.0,15.03,144730.0,4,1979,0,0.7
TX005698,transfert,12300.0,15.43,55680.0,6,2484,0,2.4
TX005699,retrait,17070.0,4.52,357290.0,5,1733,0,1.9
TX005700,retrait,8040.0,14.06,15180.0,5,2500,0,1.5
TX005701,depot,103710.0,11.28,399790.0,6,2685,0,3.2
TX005702,depot,16150.0,20.5,125060.0,3,1469,0,6.8
TX005703,retrait,23110.0,11.7,58460.0,6,646,0,3.4
TX005704,transfert,16060.0,16.45,50240.0,5,2411,0,7.8
TX005705,paiement_marchand,3410.0,14.21,26310.0,3,543,0,9.2
TX005706,depot,15060.0,8.98,74980.0,5,2319,0,6.6
TX005707,retrait,10120.0,4.22,30230.0,3,116,0,8.6
TX005708,paiement_marchand,10080.0,12.35,177970.0,4,1104,0,3.8
TX005709,transfert,15740.0,12.14,57570.0,3,1502,0,0.8
TX005710,depot,4440.0,8.29,36290.0,6,450,0,12.2
TX005711,retrait,8170.0,14.85,52600.0,7,1890,0,0.8
TX005712,depot,6700.0,12.01,131250.0,6,598,0,16.5
TX005713,depot,9540.0,13.86,174670.0,5,191,0,9.1
TX005714,depot,10110.0,12.51,95270.0,3,349,0,1.6
TX005715,depot,74750.0,11.97,89380.0,2,1949,0,2.8
TX005716,depot,10370.0,10.89,50960.0,7,909,0,10.9
TX005717,paiement_marchand,1860.0,17.37,120240.0,1,2190,0,4.9
TX005718,transfert,7530.0,21.85,47090.0,5,2074,0,4.9
TX005719,transfert,5710.0,17.54,30760.0,3,208,0,1.4
TX005720,transfert,4170.0,17.15,54930.0,6,118,0,4.2
TX005721,retrait,15200.0,13.1,178290.0,4,898,0,6.1
TX005722,paiement_marchand,4280.0,11.77,72300.0,4,1294,0,3.7
TX005723,retrait,37980.0,12.1,69990.0,6,2047,0,5.6
TX005724,depot,38150.0,17.32,71940.0,5,2240,0,5.6
TX005725,transfert,15320.0,17.57,45270.0,7,1449,0,4.0
TX005726,depot,7220.0,10.49,34170.0,6,2041,0,4.1
TX005727,transfert,1880.0,12.92,64560.0,1,2003,0,0.2
TX005728,retrait,32630.0,15.47,63660.0,1,2075,0,7.0
TX005729,transfert,7310.0,21.01,58090.0,3,1518,0,0.6
TX005730,transfert,4540.0,14.99,14980.0,2,1161,0,1.1
TX005731,transfert,8050.0,16.93,74550.0,4,622,0,1.7
TX005732,depot,12970.0,11.8,42140.0,3,2150,0,0.4
TX005733,paiement_marchand,11670.0,10.64,44950.0,3,1524,0,2.5
TX005734,transfert,53820.0,18.35,98380.0,6,1515,0,2.3
TX005735,depot,20070.0,13.79,82580.0,5,1226,0,0.5
TX005736,retrait,43020.0,13.64,87760.0,5,2732,0,0.4
TX005737,transfert,7810.0,13.66,68090.0,6,2541,0,1.4
TX005738,transfert,7900.0,11.18,25350.0,5,2125,0,3.3
TX005739,transfert,1530.0,12.46,185220.0,3,2053,0,1.4
TX005740,transfert,8840.0,18.44,68070.0,2,1498,0,1.2
TX005741,retrait,23630.0,19.73,91040.0,5,2616,0,0.8
TX005742,paiement_marchand,2620.0,10.59,71990.0,4,824,0,1.8
TX005743,transfert,5740.0,14.03,226350.0,5,2928,0,0.3
TX005744,depot,8550.0,16.01,73170.0,6,2162,0,3.1
TX005745,depot,2100.0,16.33,18440.0,7,1642,0,13.8
TX005746,depot,28780.0,18.9,38360.0,2,1943,0,1.4
TX005747,depot,8640.0,13.37,171310.0,6,61,0,4.6
TX005748,transfert,7080.0,17.82,192160.0,5,1442,0,0.2
TX005749,paiement_marchand,2130.0,13.87,67680.0,7,1887,0,11.5
TX005750,retrait,27460.0,11.99,54440.0,4,2661,0,1.5
TX005751,retrait,6750.0,16.13,26080.0,3,383,0,2.7
TX005752,depot,10310.0,13.3,183780.0,5,61,0,7.1
TX005753,paiement_marchand,4870.0,18.69,30260.0,7,1415,0,3.5
TX005754,transfert,4470.0,7.14,39800.0,4,660,0,1.1
TX005755,transfert,12980.0,16.7,48410.0,3,1035,0,10.2
TX005756,transfert,7280.0,8.34,77620.0,4,2835,0,1.9
TX005757,paiement_marchand,2420.0,18.77,25780.0,3,1321,0,5.8
TX005758,transfert,31120.0,20.74,195400.0,3,1188,0,0.2
TX005759,transfert,7240.0,12.49,11990.0,6,2751,0,12.1
TX005760,depot,31170.0,11.23,51030.0,2,1714,0,4.5
TX005761,retrait,4320.0,13.27,79510.0,2,1567,0,6.4
TX005762,retrait,42600.0,19.04,116480.0,5,1207,0,6.1
TX005763,paiement_marchand,23190.0,6.61,110520.0,2,2317,0,3.3
TX005764,transfert,11740.0,9.06,129790.0,4,1093,0,7.6
TX005765,transfert,7460.0,11.65,244770.0,5,69,0,1.9
TX005766,retrait,25090.0,14.75,96200.0,6,2560,0,0.7
TX005767,transfert,12840.0,11.01,93910.0,5,474,0,11.4
TX005768,transfert,217830.0,1.1,222150.0,1,1860,1,380.2
TX005769,retrait,27340.0,11.08,285200.0,7,2239,0,4.9
TX005770,transfert,5220.0,14.04,80620.0,6,1486,0,3.9
TX005771,transfert,14280.0,9.7,46780.0,7,1579,0,0.0
TX005772,depot,6690.0,15.83,33800.0,5,312,0,0.6
TX005773,transfert,9250.0,18.13,179010.0,2,850,1,1.4
TX005774,transfert,15260.0,16.06,140280.0,2,1093,0,1.1
TX005775,transfert,2940.0,13.49,118850.0,5,2366,0,0.6
TX005776,paiement_marchand,2570.0,6.23,545150.0,4,649,0,9.9
TX005777,transfert,4770.0,14.51,60910.0,3,2511,0,3.0
TX005778,paiement_marchand,3090.0,12.96,9810.0,1,376,0,1.3
TX005779,transfert,8100.0,11.77,71810.0,4,2952,0,2.8
TX005780,transfert,2970.0,15.89,23510.0,2,2549,1,7.4
TX005781,paiement_marchand,2330.0,10.8,164770.0,4,1235,0,0.9
TX005782,paiement_marchand,3300.0,15.14,86130.0,6,888,0,11.3
TX005783,transfert,3440.0,16.86,160560.0,3,2708,0,20.5
TX005784,depot,91560.0,14.0,362190.0,1,682,0,8.6
TX005785,retrait,4490.0,16.13,58270.0,2,2937,0,13.2
TX005786,depot,7400.0,18.03,70280.0,2,2681,0,6.1
TX005787,paiement_marchand,3710.0,10.56,30100.0,5,186,0,12.7
TX005788,depot,19250.0,13.65,158670.0,3,1465,0,1.5
TX005789,transfert,55650.0,14.74,97620.0,3,1101,0,3.4
TX005790,paiement_marchand,1060.0,17.83,164600.0,3,2146,0,10.3
TX005791,transfert,8650.0,13.84,290180.0,7,2418,0,4.5
TX005792,depot,16680.0,16.76,74460.0,3,1576,0,4.8
TX005793,transfert,20750.0,16.25,38890.0,2,243,0,4.0
TX005794,retrait,48070.0,18.57,89140.0,3,925,0,1.8
TX005795,transfert,1660.0,10.66,211690.0,2,1356,0,3.3
TX005796,depot,19130.0,12.8,59650.0,3,1867,0,0.6
TX005797,paiement_marchand,9170.0,11.53,42340.0,3,471,0,0.4
TX005798,transfert,20150.0,10.13,41880.0,4,1344,0,6.3
TX005799,paiement_marchand,1290.0,13.0,50400.0,8,530,0,0.5
TX005800,retrait,29930.0,10.33,72460.0,3,684,0,3.8
TX005801,paiement_marchand,5010.0,11.53,60440.0,6,458,1,3.5
TX005802,transfert,17450.0,20.58,55600.0,2,2864,0,5.5
TX005803,paiement_marchand,1540.0,15.75,164790.0,5,1583,0,3.8
TX005804,depot,10100.0,15.59,56780.0,1,2932,0,1.5
TX005805,depot,17700.0,23.47,55050.0,6,484,0,0.2
TX005806,retrait,17140.0,11.59,37510.0,3,683,0,3.3
TX005807,depot,16790.0,9.4,117360.0,3,486,0,15.9
TX005808,depot,19250.0,12.75,49610.0,4,2107,0,14.1
TX005809,transfert,22890.0,14.65,213130.0,5,1537,0,2.8
TX005810,depot,33510.0,16.88,352990.0,6,2251,0,10.7
TX005811,transfert,2550.0,11.21,142230.0,8,2296,0,0.3
TX005812,depot,7470.0,14.23,146260.0,5,872,0,7.4
TX005813,depot,35870.0,15.22,113770.0,3,507,0,1.2
TX005814,retrait,25010.0,21.95,193120.0,2,529,0,0.6
TX005815,depot,27780.0,11.06,163890.0,4,1374,0,0.2
TX005816,depot,17670.0,17.53,84800.0,5,2590,0,0.2
TX005817,depot,26120.0,13.0,278490.0,5,2281,0,0.3
TX005818,transfert,4680.0,12.69,114510.0,2,2115,0,14.1
TX005819,depot,15470.0,16.73,74490.0,4,245,0,1.5
TX005820,retrait,17410.0,15.79,41250.0,4,2797,0,2.2
TX005821,retrait,25520.0,13.33,71490.0,2,1506,0,3.1
TX005822,paiement_marchand,5210.0,14.45,23280.0,3,48,0,0.9
TX005823,depot,12690.0,10.59,140660.0,2,957,0,5.3
TX005824,transfert,6440.0,20.32,62890.0,3,632,0,0.3
TX005825,retrait,5270.0,2.49,213530.0,6,2330,0,0.6
TX005826,retrait,26860.0,16.28,73570.0,4,949,0,11.2
TX005827,transfert,6660.0,10.46,27040.0,2,332,0,4.7
TX005828,paiement_marchand,1280.0,18.57,89180.0,2,2678,0,1.4
TX005829,paiement_marchand,1220.0,16.17,573070.0,8,911,1,0.5
TX005830,retrait,4370.0,17.67,23690.0,3,2634,0,4.9
TX005831,transfert,33740.0,8.14,71160.0,6,1621,0,5.1
TX005832,depot,32480.0,14.95,37360.0,3,319,0,6.2
TX005833,paiement_marchand,930.0,10.97,122540.0,2,2855,0,0.6
TX005834,transfert,23330.0,12.57,208780.0,5,2558,0,4.1
TX005835,retrait,12990.0,10.74,45910.0,3,99,0,11.5
TX005836,retrait,11930.0,13.27,86540.0,6,2356,0,7.9
TX005837,transfert,4210.0,12.37,45200.0,2,2234,0,3.1
TX005838,transfert,8380.0,9.47,144420.0,4,1975,1,3.9
TX005839,depot,28240.0,12.5,328530.0,3,1993,0,7.3
TX005840,retrait,13290.0,15.6,49180.0,2,2645,0,2.9
TX005841,depot,9240.0,9.55,198670.0,4,351,0,0.3
TX005842,depot,40750.0,13.32,92720.0,5,437,0,0.3
TX005843,paiement_marchand,2050.0,16.14,34310.0,4,2558,0,0.8
TX005844,transfert,4990.0,19.27,143090.0,6,628,0,3.6
TX005845,transfert,6600.0,13.86,76870.0,1,2723,0,2.4
TX005846,paiement_marchand,7900.0,10.77,61810.0,4,2581,0,2.6
TX005847,retrait,21830.0,14.35,411880.0,3,1518,0,0.3
TX005848,paiement_marchand,1860.0,14.81,30140.0,6,712,0,0.1
TX005849,transfert,1800.0,5.21,51750.0,1,1844,0,7.0
TX005850,retrait,47700.0,21.0,57240.0,5,513,0,0.8
TX005851,paiement_marchand,14260.0,11.24,58280.0,2,1849,0,0.9
TX005852,depot,6250.0,14.26,30410.0,4,2974,0,5.9
TX005853,transfert,4590.0,15.38,153270.0,3,570,0,4.2
TX005854,retrait,13260.0,12.68,89860.0,2,1203,0,1.7
TX005855,paiement_marchand,2000.0,16.79,20640.0,8,1675,0,1.7
TX005856,retrait,4320.0,11.74,150150.0,2,2434,0,2.9
TX005857,paiement_marchand,3700.0,12.02,79090.0,2,2493,0,1.4
TX005858,paiement_marchand,3570.0,17.26,30300.0,7,2393,0,3.0
TX005859,retrait,2550.0,18.37,91060.0,5,2854,0,4.6
TX005860,transfert,19080.0,16.41,21500.0,44,4,0,0.9
TX005861,transfert,6480.0,8.72,63390.0,5,789,0,1.4
TX005862,depot,35420.0,13.53,58380.0,2,2534,1,3.1
TX005863,depot,7540.0,12.71,42860.0,2,1851,0,4.6
TX005864,depot,2740.0,18.23,192210.0,4,302,0,9.0
TX005865,transfert,2720.0,19.15,13910.0,3,1617,0,1.4
TX005866,paiement_marchand,4960.0,14.07,174110.0,2,1499,0,1.1
TX005867,paiement_marchand,8110.0,13.81,78550.0,3,703,0,3.6
TX005868,depot,14620.0,12.55,295480.0,3,756,0,3.1
TX005869,depot,17480.0,12.56,130530.0,2,2656,0,2.0
TX005870,paiement_marchand,1250.0,16.96,102120.0,4,1135,0,2.1
TX005871,depot,17610.0,15.68,29350.0,8,1057,0,14.2
TX005872,transfert,11930.0,22.75,65120.0,4,1272,0,1.5
TX005873,transfert,23860.0,8.3,70970.0,2,1166,0,2.9
TX005874,retrait,7070.0,13.14,70520.0,4,2087,0,0.1
TX005875,retrait,8530.0,14.37,470840.0,4,1830,0,0.6
TX005876,depot,14630.0,15.12,104020.0,4,2604,0,3.7
TX005877,transfert,30770.0,15.26,535520.0,6,1817,0,2.1
TX005878,paiement_marchand,7370.0,15.2,78680.0,5,1025,0,0.6
TX005879,transfert,11980.0,12.53,186200.0,4,2147,0,10.0
TX005880,transfert,11900.0,7.05,57130.0,2,2523,0,0.8
TX005881,transfert,3790.0,13.24,63250.0,4,1392,0,13.9
TX005882,retrait,25460.0,12.24,43650.0,4,1616,0,0.1
TX005883,depot,21960.0,14.71,194260.0,2,377,1,0.7
TX005884,transfert,14620.0,14.58,231030.0,4,2460,0,0.2
TX005885,retrait,17310.0,10.7,42330.0,3,1570,0,5.4
TX005886,retrait,8190.0,15.38,54030.0,1,1688,0,7.6
TX005887,transfert,6740.0,13.82,13970.0,4,2575,0,1.6
TX005888,paiement_marchand,690.0,23.96,25680.0,5,221,0,1.8
TX005889,depot,9110.0,10.38,21750.0,4,2093,0,0.7
TX005890,transfert,2980.0,12.73,61580.0,5,1469,1,0.1
TX005891,depot,19150.0,16.15,75970.0,4,2573,0,3.5
TX005892,depot,14160.0,12.26,47890.0,3,2228,0,1.7
TX005893,transfert,5550.0,13.96,198640.0,6,1679,0,2.2
TX005894,retrait,8250.0,15.18,32130.0,2,1678,0,1.8
TX005895,depot,5380.0,10.54,57230.0,5,2064,0,6.1
TX005896,paiement_marchand,1870.0,14.12,185400.0,5,582,0,5.1
TX005897,paiement_marchand,6740.0,14.76,188520.0,3,1161,0,3.4
TX005898,paiement_marchand,1830.0,15.54,607490.0,7,609,0,0.8
TX005899,retrait,5420.0,23.99,30910.0,1,675,0,2.0
TX005900,transfert,10420.0,13.2,80360.0,5,2096,1,1.2
TX005901,transfert,9610.0,7.11,31420.0,4,637,1,2.4
TX005902,transfert,19170.0,12.83,68890.0,5,2800,0,7.0
TX005903,paiement_marchand,3070.0,14.68,59280.0,4,1926,0,1.9
TX005904,depot,9030.0,11.91,37810.0,6,2913,0,2.0
TX005905,depot,1710.0,15.48,75420.0,8,1779,0,3.3
TX005906,depot,6830.0,13.63,156350.0,2,2471,0,6.1
TX005907,transfert,9150.0,12.45,58560.0,5,1031,0,2.0
TX005908,retrait,13170.0,7.64,68890.0,5,141,0,5.3
TX005909,depot,72930.0,7.48,120410.0,4,2324,0,6.4
TX005910,retrait,25490.0,14.01,68480.0,4,1417,0,5.1
TX005911,paiement_marchand,6750.0,11.09,166310.0,2,968,0,0.9
TX005912,transfert,7560.0,19.55,45650.0,2,2730,0,3.9
TX005913,retrait,18400.0,12.26,328970.0,6,2676,0,0.2
TX005914,retrait,1970.0,17.43,41710.0,5,2933,0,0.5
TX005915,transfert,1200.0,13.67,10270.0,1,2754,0,3.6
TX005916,transfert,4640.0,11.41,24130.0,6,1383,0,1.0
TX005917,paiement_marchand,5490.0,13.14,48080.0,3,1004,0,0.1
TX005918,transfert,5240.0,5.74,212870.0,5,2292,0,0.9
TX005919,transfert,15560.0,10.92,74130.0,9,2761,0,0.4
TX005920,paiement_marchand,6530.0,20.61,92060.0,2,435,0,1.7
TX005921,retrait,4890.0,12.59,536680.0,3,2499,0,5.6
TX005922,paiement_marchand,8220.0,16.49,106800.0,4,753,0,3.9
TX005923,retrait,37400.0,12.15,122020.0,6,638,0,13.4
TX005924,transfert,3950.0,13.65,15680.0,3,480,0,3.8
TX005925,depot,13510.0,14.88,25670.0,3,1007,0,0.3
TX005926,depot,48100.0,12.96,130420.0,2,287,0,0.2
TX005927,transfert,4270.0,10.5,180780.0,3,1877,0,0.4
TX005928,transfert,33260.0,18.68,120210.0,6,1802,0,0.6
TX005929,depot,14500.0,9.62,544680.0,2,1009,0,0.4
TX005930,depot,26200.0,13.73,73150.0,3,922,0,11.5
TX005931,retrait,8950.0,18.94,90790.0,2,548,0,11.2
TX005932,retrait,25970.0,8.98,36260.0,3,1244,0,5.4
TX005933,transfert,16960.0,17.99,212590.0,3,2850,0,7.3
TX005934,retrait,6120.0,17.14,562380.0,3,2479,0,13.9
TX005935,transfert,1380.0,13.04,29310.0,4,2364,0,0.7
TX005936,retrait,26740.0,18.13,71780.0,4,639,0,4.8
TX005937,transfert,2290.0,17.87,146120.0,5,2844,0,1.4
TX005938,transfert,7140.0,4.36,127820.0,4,2190,0,1.1
TX005939,retrait,7850.0,19.26,24010.0,8,794,0,3.8
TX005940,transfert,6790.0,15.1,243850.0,2,2488,0,4.1
TX005941,paiement_marchand,3180.0,11.31,103990.0,2,2762,0,4.2
TX005942,transfert,10300.0,16.79,37280.0,3,2804,0,2.7
TX005943,transfert,9090.0,12.85,492900.0,5,168,0,0.0
TX005944,paiement_marchand,910.0,14.25,13520.0,1,1527,0,1.2
TX005945,retrait,9420.0,14.03,99300.0,3,2139,0,1.4
TX005946,depot,21110.0,15.56,141350.0,2,587,0,8.7
TX005947,transfert,10110.0,9.32,108860.0,4,1584,0,0.0
TX005948,depot,20630.0,16.43,171950.0,2,2647,0,2.8
TX005949,depot,5750.0,19.22,272960.0,3,1066,0,1.0
TX005950,transfert,11420.0,9.45,49290.0,3,364,0,1.0
TX005951,paiement_marchand,2650.0,14.13,312570.0,1,1647,0,2.5
TX005952,transfert,24400.0,17.4,106970.0,4,1378,0,5.0
TX005953,paiement_marchand,1340.0,13.78,20770.0,5,1547,0,1.0
TX005954,retrait,14430.0,19.02,62040.0,4,416,0,1.0
TX005955,depot,5970.0,9.23,63710.0,7,2865,0,5.7
TX005956,transfert,3140.0,11.13,116350.0,3,2222,0,2.7
TX005957,depot,30810.0,14.44,45380.0,6,2811,0,4.1
TX005958,retrait,11280.0,10.87,159240.0,3,294,0,0.3
TX005959,depot,18520.0,15.03,63450.0,3,1597,0,0.5
TX005960,depot,12660.0,11.64,25920.0,3,972,0,6.0
TX005961,transfert,145070.0,9.21,473680.0,3,1925,0,1.3
TX005962,transfert,3380.0,11.97,115580.0,5,676,0,3.5
TX005963,retrait,19240.0,16.3,203030.0,2,2803,0,0.1
TX005964,depot,7630.0,10.28,293900.0,6,822,0,9.2
TX005965,transfert,11810.0,10.61,195310.0,7,1989,0,7.1
TX005966,paiement_marchand,5170.0,14.83,64520.0,4,183,0,9.7
TX005967,depot,9010.0,12.27,36890.0,6,2911,0,0.6
TX005968,retrait,29990.0,18.52,107150.0,2,2480,0,2.8
TX005969,retrait,41630.0,11.43,73430.0,8,191,0,7.5
TX005970,paiement_marchand,5870.0,11.84,198870.0,7,305,0,3.0
TX005971,paiement_marchand,2370.0,11.63,34410.0,2,1922,0,2.8
TX005972,retrait,11460.0,19.05,76700.0,1,1695,0,2.0
TX005973,depot,59320.0,15.9,64810.0,2,717,0,9.4
TX005974,paiement_marchand,11950.0,14.31,21060.0,3,1928,0,10.1
TX005975,transfert,1580.0,12.84,232820.0,5,2815,0,7.5
TX005976,transfert,6330.0,11.68,29730.0,5,886,0,18.2
TX005977,depot,27580.0,10.28,63070.0,4,1707,0,16.6
TX005978,transfert,11490.0,23.99,57460.0,7,117,0,13.2
TX005979,transfert,1770.0,14.69,109370.0,6,1758,0,1.2
TX005980,transfert,17630.0,23.64,31210.0,7,2775,0,0.6
TX005981,transfert,15970.0,15.76,30170.0,4,1070,1,4.7
TX005982,transfert,13010.0,12.32,437140.0,4,1921,0,9.9
TX005983,depot,28450.0,17.31,81240.0,5,2207,0,0.9
TX005984,transfert,5160.0,12.96,138390.0,2,2393,0,1.0
TX005985,retrait,15460.0,17.75,32320.0,5,2136,0,3.2
TX005986,depot,21280.0,7.72,252620.0,3,688,0,6.2
TX005987,retrait,16040.0,16.41,501640.0,4,1228,0,5.0
TX005988,retrait,11670.0,10.85,62050.0,4,2131,0,4.8
TX005989,transfert,23570.0,18.67,53760.0,7,130,0,5.2
TX005990,transfert,8280.0,7.15,13900.0,6,831,0,4.5
TX005991,retrait,11980.0,10.15,130950.0,6,2459,0,1.1
TX005992,paiement_marchand,1570.0,13.57,16260.0,4,2883,0,1.2
TX005993,retrait,8250.0,13.26,65140.0,5,2327,0,15.9
TX005994,transfert,10110.0,19.86,292010.0,4,1094,0,4.8
TX005995,retrait,3150.0,13.0,10090.0,5,1899,0,9.7
TX005996,retrait,13350.0,15.0,94400.0,3,860,0,1.4
TX005997,retrait,6310.0,12.22,66540.0,4,812,0,0.4
TX005998,paiement_marchand,4540.0,16.38,17390.0,4,1224,0,4.2
TX005999,transfert,5320.0,13.18,34660.0,4,2465,0,3.5
TX006000,transfert,53440.0,12.71,302230.0,2,2419,0,0.1
TX006001,retrait,14830.0,12.24,240660.0,4,848,0,10.4
TX006002,transfert,29590.0,12.52,231690.0,3,873,0,6.1
TX006003,depot,14580.0,9.88,28270.0,2,600,0,1.9
TX006004,transfert,5760.0,18.25,64560.0,3,1945,0,5.8
TX006005,retrait,21670.0,18.23,451020.0,2,1713,0,0.8
TX006006,paiement_marchand,1660.0,17.05,21830.0,3,2949,0,4.2
TX006007,transfert,22770.0,12.46,134500.0,3,661,1,0.0
TX006008,paiement_marchand,1510.0,18.52,48280.0,4,2860,0,7.0
TX006009,depot,4050.0,21.33,76990.0,4,1427,0,4.7
TX006010,depot,20420.0,8.75,151650.0,5,1108,0,1.0
TX006011,depot,14440.0,14.29,51290.0,8,2615,0,6.0
TX006012,retrait,36770.0,8.86,96980.0,3,1147,0,0.7
TX006013,paiement_marchand,7720.0,4.9,53370.0,5,1452,0,1.7
TX006014,depot,11150.0,15.79,40940.0,5,2571,0,2.3
TX006015,paiement_marchand,1020.0,13.84,158020.0,5,1317,0,2.8
TX006016,paiement_marchand,6450.0,11.92,130500.0,3,1278,0,0.1
TX006017,retrait,15830.0,13.69,119760.0,4,2253,0,1.4
TX006018,transfert,24550.0,15.95,94730.0,2,2006,0,0.6
TX006019,depot,89910.0,12.4,269410.0,4,881,0,5.7
TX006020,paiement_marchand,4200.0,12.71,13860.0,4,1802,0,3.5
TX006021,depot,46010.0,11.54,271730.0,5,2902,1,2.8
TX006022,depot,17730.0,14.13,134510.0,1,540,0,0.6
TX006023,paiement_marchand,2430.0,16.84,31750.0,8,2934,0,4.3
TX006024,depot,35070.0,8.96,47710.0,1,2674,0,0.7
TX006025,paiement_marchand,13320.0,17.42,56850.0,1,1264,0,0.0
TX006026,retrait,9270.0,14.18,88740.0,3,636,0,3.0
TX006027,depot,13220.0,16.12,37700.0,4,209,0,1.3
TX006028,depot,20690.0,18.45,65520.0,2,2728,0,6.9
TX006029,paiement_marchand,19140.0,9.99,85460.0,3,2135,0,2.7
TX006030,depot,7430.0,13.27,201220.0,3,2032,0,4.2
TX006031,paiement_marchand,1700.0,9.71,166280.0,3,1235,0,0.2
TX006032,paiement_marchand,1210.0,17.83,16840.0,4,2087,0,5.0
TX006033,transfert,13860.0,13.48,103580.0,5,758,0,7.9
TX006034,paiement_marchand,2110.0,9.03,171320.0,4,1369,0,4.1
TX006035,paiement_marchand,2710.0,10.6,40540.0,1,516,0,2.4
TX006036,retrait,8000.0,17.17,79400.0,4,451,0,4.1
TX006037,paiement_marchand,2280.0,15.94,49020.0,1,224,0,20.9
TX006038,transfert,22650.0,16.82,135740.0,3,2061,0,2.2
TX006039,transfert,13840.0,14.73,58210.0,3,2267,0,1.0
TX006040,retrait,11930.0,13.29,215240.0,6,1926,0,1.0
TX006041,paiement_marchand,5840.0,15.18,139720.0,3,1911,0,4.5
TX006042,transfert,10630.0,20.41,20480.0,5,128,0,10.1
TX006043,retrait,6450.0,12.95,70640.0,5,899,0,9.5
TX006044,depot,8130.0,9.85,65360.0,2,1700,0,0.9
TX006045,retrait,38850.0,10.79,114310.0,2,2781,0,0.7
TX006046,transfert,8010.0,11.82,115380.0,3,247,0,6.4
TX006047,depot,61520.0,13.54,273660.0,4,2906,0,1.4
TX006048,paiement_marchand,1890.0,11.28,18910.0,4,387,0,14.4
TX006049,transfert,22690.0,13.2,46600.0,3,132,0,0.2
TX006050,retrait,11510.0,14.94,183020.0,5,1905,0,0.2
TX006051,retrait,6330.0,9.61,186360.0,6,805,0,5.0
TX006052,depot,27390.0,11.6,146380.0,2,2858,0,2.0
TX006053,transfert,7110.0,10.99,366120.0,5,503,0,0.4
TX006054,transfert,2610.0,21.26,113270.0,4,977,0,1.5
TX006055,retrait,2530.0,16.2,60410.0,4,1464,0,0.1
TX006056,transfert,3540.0,17.63,53710.0,3,2503,0,1.3
TX006057,depot,29190.0,1.6,109110.0,3,1059,0,1.6
TX006058,paiement_marchand,4870.0,12.38,83120.0,3,925,0,0.8
TX006059,retrait,4960.0,18.73,519500.0,5,2189,0,1.3
TX006060,transfert,4470.0,10.13,59370.0,5,599,1,0.0
TX006061,depot,9170.0,12.06,263780.0,5,405,0,8.1
TX006062,transfert,3580.0,15.28,30840.0,1,80,0,1.2
TX006063,transfert,7650.0,15.41,209300.0,2,1744,0,0.6
TX006064,retrait,19880.0,18.54,120530.0,3,2187,0,1.6
TX006065,transfert,9480.0,11.74,41270.0,3,2795,0,3.9
TX006066,transfert,4960.0,17.14,14880.0,6,1273,0,3.6
TX006067,transfert,18110.0,16.61,19530.0,47,9,0,2.2
TX006068,paiement_marchand,2320.0,13.29,45530.0,5,2881,0,4.9
TX006069,retrait,2120.0,15.84,20030.0,7,1584,0,2.0
TX006070,paiement_marchand,2160.0,12.22,90010.0,4,763,0,5.0
TX006071,transfert,17410.0,8.5,45050.0,2,1938,0,2.2
TX006072,paiement_marchand,7750.0,13.59,42890.0,4,1708,0,1.1
TX006073,depot,16310.0,7.53,27820.0,5,1522,0,6.3
TX006074,retrait,34200.0,19.77,388160.0,3,949,0,0.4
TX006075,depot,7780.0,4.48,35090.0,5,116,0,1.0
TX006076,retrait,6260.0,13.34,23330.0,2,1585,0,0.9
TX006077,paiement_marchand,2300.0,20.03,57180.0,2,1181,0,9.9
TX006078,transfert,16760.0,18.91,27430.0,6,2716,0,0.4
TX006079,depot,21620.0,22.79,258990.0,3,2254,0,4.3
TX006080,transfert,6010.0,12.75,43810.0,3,2745,0,0.6
TX006081,transfert,13810.0,15.7,21280.0,4,1920,0,8.5
TX006082,transfert,19180.0,11.55,245090.0,1,1673,0,1.6
TX006083,paiement_marchand,2800.0,18.77,21340.0,4,2910,0,0.8
TX006084,paiement_marchand,2090.0,12.87,7430.0,2,2015,1,1.7
TX006085,retrait,13550.0,17.25,146830.0,4,1938,0,0.8
TX006086,depot,3010.0,13.3,94900.0,5,2238,0,8.6
TX006087,depot,31460.0,19.54,36960.0,5,1544,0,4.7
TX006088,transfert,6550.0,17.28,264490.0,6,2928,0,6.8
TX006089,transfert,9870.0,18.01,52940.0,6,1846,0,6.8
TX006090,paiement_marchand,1790.0,18.98,67930.0,3,2544,0,2.0
TX006091,transfert,2850.0,14.12,31240.0,3,734,0,4.0
TX006092,paiement_marchand,5980.0,14.61,277110.0,5,2820,0,5.9
TX006093,depot,3900.0,13.23,31520.0,3,1444,0,1.3
TX006094,depot,6390.0,12.92,81740.0,4,926,0,0.3
TX006095,transfert,6920.0,16.12,457470.0,1,380,0,3.5
TX006096,retrait,29500.0,19.64,72920.0,6,1999,0,0.6
TX006097,paiement_marchand,9570.0,13.1,91410.0,1,155,1,4.4
TX006098,transfert,16370.0,6.05,41890.0,4,1180,0,2.7
TX006099,depot,62140.0,5.0,90980.0,6,613,0,4.5
TX006100,paiement_marchand,5880.0,12.83,27470.0,5,446,0,5.0
TX006101,transfert,13790.0,15.25,164580.0,2,39,0,4.7
TX006102,transfert,11450.0,18.72,28840.0,5,933,0,0.6
TX006103,retrait,5780.0,7.78,335820.0,4,595,0,1.1
TX006104,transfert,11240.0,5.46,58400.0,2,2563,0,6.3
TX006105,transfert,7840.0,14.31,67600.0,2,2944,0,9.3
TX006106,paiement_marchand,1010.0,15.28,15020.0,2,793,0,4.8
TX006107,retrait,10190.0,14.65,135820.0,3,1932,0,1.4
TX006108,retrait,8010.0,14.58,76860.0,3,199,0,0.7
TX006109,transfert,7040.0,17.59,20930.0,4,628,0,1.4
TX006110,retrait,4840.0,19.61,200900.0,5,2004,0,1.8
TX006111,paiement_marchand,2140.0,18.63,29920.0,3,1935,0,0.2
TX006112,transfert,2990.0,12.91,126870.0,5,1654,0,2.7
TX006113,transfert,7650.0,14.86,35100.0,5,796,0,2.4
TX006114,paiement_marchand,1160.0,12.43,73660.0,4,1684,0,2.8
TX006115,paiement_marchand,1110.0,10.41,136410.0,4,730,0,2.8
TX006116,depot,5210.0,17.05,29690.0,1,135,0,3.1
TX006117,depot,29440.0,15.43,82370.0,4,1230,0,0.2
TX006118,paiement_marchand,5900.0,17.91,23590.0,3,1358,0,0.9
TX006119,paiement_marchand,12310.0,14.64,69580.0,4,479,0,1.6
TX006120,retrait,8890.0,9.32,90940.0,6,2033,0,0.4
TX006121,retrait,14130.0,20.85,145840.0,3,1038,0,0.6
TX006122,transfert,13010.0,10.66,312960.0,3,1826,0,8.0
TX006123,paiement_marchand,2680.0,9.98,77300.0,1,1947,0,5.9
TX006124,paiement_marchand,15080.0,19.65,83130.0,6,2557,0,10.2
TX006125,retrait,10540.0,15.65,29180.0,3,2442,0,1.7
TX006126,depot,28300.0,11.14,65930.0,4,1727,0,4.1
TX006127,paiement_marchand,1170.0,14.57,52250.0,2,300,0,0.5
TX006128,transfert,12780.0,11.09,70520.0,2,1442,0,10.3
TX006129,paiement_marchand,2020.0,7.12,61480.0,7,1220,0,0.8
TX006130,depot,15690.0,10.92,81610.0,7,622,0,6.9
TX006131,transfert,12180.0,11.51,70460.0,2,2986,0,4.5
TX006132,paiement_marchand,7700.0,12.21,66090.0,3,850,0,2.4
TX006133,depot,7750.0,10.36,198570.0,4,1401,0,8.7
TX006134,retrait,10630.0,9.47,144830.0,6,2185,0,1.6
TX006135,depot,18290.0,13.16,30600.0,1,1190,0,2.0
TX006136,transfert,8620.0,13.05,52080.0,6,378,0,5.4
TX006137,retrait,15270.0,14.25,94660.0,4,651,0,0.1
TX006138,depot,10440.0,7.94,130250.0,5,2872,0,9.2
TX006139,retrait,11950.0,19.35,55820.0,2,1220,0,1.7
TX006140,retrait,4980.0,16.81,49620.0,3,1916,0,2.3
TX006141,depot,10850.0,14.42,30840.0,3,2988,0,6.2
TX006142,retrait,47160.0,17.6,198080.0,3,428,0,11.5
TX006143,paiement_marchand,2560.0,13.29,146710.0,4,1072,0,2.0
TX006144,depot,17990.0,16.73,33450.0,3,1135,0,8.6
TX006145,retrait,3400.0,15.02,170560.0,5,130,0,7.0
TX006146,depot,14710.0,17.79,33470.0,2,2110,0,4.0
TX006147,paiement_marchand,3040.0,7.18,417610.0,7,112,0,3.8
TX006148,transfert,15970.0,18.54,138850.0,4,944,0,3.2
TX006149,paiement_marchand,3960.0,17.22,122420.0,5,1503,0,0.3
TX006150,transfert,7570.0,17.1,47380.0,4,1721,0,20.5
TX006151,transfert,5200.0,11.3,52510.0,2,2037,0,12.1
TX006152,depot,4100.0,12.5,28940.0,8,1989,0,3.2
TX006153,transfert,4660.0,15.35,40940.0,8,2650,0,6.9
TX006154,retrait,6620.0,23.99,91430.0,6,1237,0,1.4
TX006155,paiement_marchand,3070.0,14.96,42780.0,4,305,0,1.5
TX006156,depot,14700.0,13.45,90500.0,3,456,0,9.2
TX006157,transfert,4060.0,13.93,265220.0,3,1906,0,10.7
TX006158,retrait,10250.0,13.46,141220.0,4,666,0,0.1
TX006159,paiement_marchand,1000.0,17.43,60080.0,5,363,0,11.6
TX006160,transfert,15210.0,12.92,64540.0,4,1146,0,6.8
TX006161,depot,21360.0,10.95,267340.0,1,1819,1,0.1
TX006162,depot,10520.0,16.22,79940.0,4,1038,0,0.2
TX006163,depot,8280.0,17.88,37770.0,4,214,0,0.6
TX006164,paiement_marchand,4020.0,10.95,145740.0,2,1385,0,5.2
TX006165,retrait,44890.0,2.89,53810.0,4,1994,0,4.7
TX006166,transfert,4060.0,10.61,42040.0,3,212,0,0.8
TX006167,transfert,10950.0,9.22,43320.0,4,719,0,2.7
TX006168,transfert,11070.0,16.5,11860.0,62,6,1,16.5
TX006169,depot,31380.0,15.04,55300.0,5,51,1,6.7
TX006170,transfert,11070.0,16.21,41900.0,5,2225,0,5.6
TX006171,transfert,29910.0,11.0,434960.0,3,1975,1,0.0
TX006172,retrait,27610.0,15.2,63670.0,3,1050,0,1.1
TX006173,paiement_marchand,6340.0,18.35,50030.0,6,2534,0,9.0
TX006174,paiement_marchand,6340.0,15.77,21800.0,2,1880,0,2.4
TX006175,paiement_marchand,780.0,19.69,80940.0,5,1063,0,0.4
TX006176,depot,73360.0,12.62,131720.0,2,2670,0,8.5
TX006177,depot,4380.0,14.81,127470.0,2,1293,0,2.8
TX006178,retrait,11570.0,11.38,22760.0,2,2385,0,1.0
TX006179,transfert,9700.0,11.88,76140.0,4,870,0,4.0
TX006180,paiement_marchand,1110.0,15.7,35900.0,2,2287,0,0.3
TX006181,retrait,17080.0,20.34,66350.0,6,510,0,8.2
TX006182,transfert,24850.0,14.07,40470.0,1,1067,0,1.8
TX006183,retrait,20600.0,18.69,287210.0,3,2105,0,1.4
TX006184,depot,27230.0,14.49,45230.0,6,2743,0,1.4
TX006185,retrait,3790.0,13.58,46890.0,3,1285,0,0.4
TX006186,transfert,7640.0,8.37,44300.0,1,176,0,3.3
TX006187,retrait,64110.0,14.18,73630.0,4,1105,0,1.9
TX006188,depot,14690.0,9.14,239400.0,3,811,0,7.8
TX006189,depot,20680.0,13.57,383200.0,5,1180,0,8.7
TX006190,depot,8530.0,12.93,56880.0,3,1531,0,4.9
TX006191,transfert,1750.0,16.95,284590.0,7,2719,0,12.5
TX006192,retrait,22590.0,17.54,48950.0,3,176,0,3.8
TX006193,paiement_marchand,5750.0,12.47,160100.0,2,686,0,0.0
TX006194,transfert,26490.0,11.55,74900.0,2,1180,0,0.4
TX006195,retrait,30270.0,16.45,358870.0,2,1208,0,0.9
TX006196,retrait,4710.0,23.79,62100.0,3,663,0,1.1
TX006197,transfert,7870.0,18.97,26770.0,7,193,0,0.7
TX006198,retrait,11670.0,18.17,251890.0,3,2519,0,2.0
TX006199,paiement_marchand,4840.0,11.68,209810.0,1,1571,0,4.4
TX006200,transfert,7230.0,18.86,21720.0,2,2898,0,1.7
TX006201,transfert,2030.0,18.63,89340.0,5,2408,0,0.5
TX006202,paiement_marchand,5220.0,11.45,166730.0,3,2256,0,6.8
TX006203,paiement_marchand,1220.0,13.86,130280.0,1,1748,0,0.1
TX006204,depot,36120.0,15.87,56560.0,5,481,0,1.5
TX006205,transfert,16820.0,18.62,28800.0,4,1164,0,4.7
TX006206,retrait,3420.0,17.41,141720.0,2,969,0,1.7
TX006207,paiement_marchand,13900.0,17.89,82730.0,4,1271,0,1.4
TX006208,transfert,28860.0,6.95,82510.0,3,1927,0,3.2
TX006209,transfert,9260.0,18.05,76660.0,4,1401,0,3.4
TX006210,transfert,22230.0,12.31,30670.0,2,1259,1,7.0
TX006211,retrait,4560.0,16.51,8680.0,8,1140,0,2.3
TX006212,transfert,3350.0,10.93,28030.0,2,1386,0,9.5
TX006213,transfert,11610.0,14.27,45000.0,2,1170,0,24.6
TX006214,paiement_marchand,3180.0,14.35,24120.0,5,2675,0,3.9
TX006215,retrait,13400.0,20.62,17630.0,4,2694,0,1.2
TX006216,retrait,7690.0,11.77,55710.0,6,855,0,3.7
TX006217,retrait,50210.0,11.2,157310.0,3,453,0,2.3
TX006218,depot,12900.0,12.11,24310.0,3,2023,0,3.5
TX006219,retrait,11050.0,16.32,330950.0,1,32,0,5.4
TX006220,depot,43170.0,9.27,80750.0,4,1035,0,0.1
TX006221,depot,23200.0,22.02,185360.0,7,2982,0,8.1
TX006222,retrait,13270.0,14.47,188070.0,5,2030,0,0.5
TX006223,paiement_marchand,6810.0,16.01,34740.0,4,852,0,0.4
TX006224,retrait,2870.0,17.82,76070.0,5,157,0,3.4
TX006225,retrait,11580.0,13.04,317930.0,3,2921,0,9.9
TX006226,transfert,5980.0,13.41,315370.0,4,2272,0,2.5
TX006227,transfert,17580.0,16.82,57930.0,4,824,0,9.3
TX006228,depot,17520.0,16.62,62350.0,6,415,0,3.8
TX006229,depot,17630.0,11.98,81380.0,4,2800,0,4.9
TX006230,depot,4580.0,7.98,49150.0,4,97,0,2.9
TX006231,transfert,6410.0,17.76,52400.0,3,480,0,1.0
TX006232,retrait,7200.0,12.1,60500.0,3,1756,0,2.2
TX006233,transfert,2420.0,13.55,48160.0,3,2054,0,1.3
TX006234,transfert,4940.0,15.99,50300.0,6,1563,0,1.6
TX006235,retrait,3830.0,12.3,163560.0,10,536,1,8.1
TX006236,retrait,17580.0,18.64,206230.0,6,289,0,0.4
TX006237,transfert,4670.0,13.4,42060.0,5,2275,0,4.8
TX006238,transfert,6760.0,21.26,89340.0,7,469,0,0.8
TX006239,transfert,15540.0,19.6,105990.0,3,482,0,3.7
TX006240,transfert,5610.0,13.37,15780.0,2,1671,0,0.2
TX006241,transfert,13010.0,12.18,41450.0,5,2447,0,2.5
TX006242,retrait,20990.0,16.96,821230.0,8,1091,1,1.4
TX006243,transfert,8010.0,11.33,61370.0,3,2290,0,11.7
TX006244,depot,10620.0,18.78,155890.0,5,2285,0,1.8
TX006245,paiement_marchand,3540.0,17.19,158620.0,2,2915,0,2.2
TX006246,depot,10070.0,15.66,88270.0,4,1848,0,0.8
TX006247,retrait,7090.0,14.08,113090.0,4,1764,0,5.2
TX006248,transfert,6650.0,13.22,43430.0,4,523,0,4.9
TX006249,paiement_marchand,3210.0,22.09,40910.0,2,1673,0,4.8
TX006250,depot,26670.0,11.25,97370.0,3,2502,0,9.4
TX006251,depot,17270.0,16.75,111520.0,9,184,0,0.4
TX006252,depot,10390.0,10.69,81810.0,4,1093,0,4.0
TX006253,transfert,24290.0,11.96,45310.0,4,2269,0,0.4
TX006254,depot,14080.0,17.68,55460.0,4,2028,0,0.1
TX006255,depot,19200.0,15.91,42650.0,3,1931,0,1.7
TX006256,paiement_marchand,17520.0,5.93,30790.0,6,779,0,6.2
TX006257,depot,16630.0,16.34,22660.0,4,1492,0,0.4
TX006258,transfert,2300.0,10.62,47170.0,4,624,0,6.7
TX006259,depot,29630.0,14.06,113780.0,6,94,0,5.2
TX006260,transfert,48220.0,12.83,121860.0,5,2651,0,5.2
TX006261,depot,12650.0,15.0,101860.0,2,2274,0,3.5
TX006262,transfert,8980.0,16.43,58350.0,3,632,0,5.4
TX006263,retrait,26610.0,16.29,101190.0,5,2391,0,0.7
TX006264,retrait,9910.0,12.62,133840.0,7,2298,0,1.9
TX006265,paiement_marchand,2140.0,13.77,36400.0,4,2315,0,0.7
TX006266,transfert,10870.0,15.04,57460.0,4,2390,0,3.8
TX006267,paiement_marchand,1830.0,6.34,33380.0,5,2855,0,4.7
TX006268,depot,17070.0,7.05,49860.0,4,456,0,4.5
TX006269,paiement_marchand,8360.0,14.07,125690.0,3,585,0,4.4
TX006270,paiement_marchand,11900.0,11.59,52530.0,6,157,0,4.3
TX006271,transfert,9650.0,17.48,44760.0,3,1181,0,5.9
TX006272,paiement_marchand,4300.0,16.3,71230.0,6,2321,0,2.0
TX006273,transfert,17500.0,20.61,182330.0,1,1239,0,0.4
TX006274,retrait,23800.0,10.68,30570.0,5,2879,0,4.0
TX006275,paiement_marchand,3410.0,14.5,90260.0,3,1983,0,11.3
TX006276,paiement_marchand,2150.0,18.54,86790.0,4,2321,0,2.2
TX006277,transfert,3260.0,16.56,71360.0,6,2153,0,0.8
TX006278,depot,17240.0,11.66,88630.0,7,2924,0,0.8
TX006279,retrait,19590.0,10.93,113490.0,4,1183,0,1.5
TX006280,retrait,6270.0,18.54,90300.0,2,729,0,9.0
TX006281,retrait,31350.0,13.53,129530.0,2,920,0,7.0
TX006282,depot,17970.0,11.24,178500.0,3,2006,0,6.6
TX006283,transfert,7370.0,15.83,42710.0,8,2652,0,7.6
TX006284,paiement_marchand,1680.0,13.63,71960.0,5,1467,0,0.2
TX006285,transfert,16910.0,18.85,1077740.0,4,2935,0,1.4
TX006286,depot,12760.0,9.12,344990.0,3,770,0,0.2
TX006287,retrait,7580.0,14.86,153220.0,7,2683,0,5.0
TX006288,paiement_marchand,5000.0,7.41,99770.0,4,1014,0,14.5
TX006289,transfert,20230.0,10.93,57130.0,6,456,0,6.8
TX006290,depot,63650.0,15.74,82950.0,4,363,0,14.4
TX006291,depot,8470.0,11.87,56550.0,4,1073,0,9.0
TX006292,depot,5980.0,15.89,149910.0,4,377,0,6.1
TX006293,transfert,6290.0,10.42,84280.0,2,2128,0,6.2
TX006294,depot,12850.0,14.5,73080.0,3,583,0,9.2
TX006295,paiement_marchand,670.0,14.53,53420.0,4,2435,0,0.5
TX006296,paiement_marchand,860.0,20.02,18510.0,7,1366,0,0.7
TX006297,paiement_marchand,4320.0,14.39,242370.0,4,2748,0,5.3
TX006298,depot,20300.0,13.11,163940.0,4,234,0,3.0
TX006299,depot,16140.0,15.69,38150.0,1,873,0,6.8
TX006300,depot,8060.0,18.21,439990.0,1,1793,0,2.2
TX006301,transfert,6230.0,17.63,126350.0,6,728,0,1.7
TX006302,transfert,14760.0,16.88,122750.0,3,1698,0,0.8
TX006303,depot,9010.0,13.25,136340.0,2,915,0,5.6
TX006304,retrait,66160.0,13.63,177550.0,4,1037,0,16.9
TX006305,transfert,2590.0,17.93,98200.0,4,1263,0,4.4
TX006306,retrait,4030.0,13.96,42000.0,3,2053,0,1.2
TX006307,transfert,19310.0,12.84,84150.0,3,1885,0,4.9
TX006308,transfert,27880.0,5.16,79250.0,5,141,0,3.0
TX006309,depot,9760.0,17.54,21670.0,4,1007,0,0.2
TX006310,paiement_marchand,3610.0,11.39,31510.0,3,956,0,4.2
TX006311,retrait,39230.0,4.98,53910.0,6,1316,0,0.3
TX006312,depot,10340.0,13.18,22590.0,6,1326,0,0.1
TX006313,paiement_marchand,2430.0,16.74,41170.0,6,140,0,0.3
TX006314,paiement_marchand,5030.0,18.91,44050.0,4,1659,0,7.3
TX006315,retrait,23010.0,11.73,89370.0,5,2086,0,3.0
TX006316,transfert,2890.0,15.68,86370.0,7,2090,0,1.8
TX006317,paiement_marchand,2630.0,15.34,59170.0,3,177,0,6.3
TX006318,retrait,4460.0,20.07,49150.0,3,2020,0,3.4
TX006319,transfert,3640.0,13.16,57860.0,2,1102,0,6.4
TX006320,transfert,14260.0,15.58,161480.0,4,1463,0,1.8
TX006321,retrait,11700.0,17.93,43280.0,5,360,0,1.1
TX006322,retrait,5960.0,16.71,107720.0,1,60,0,1.2
TX006323,depot,12040.0,9.33,63760.0,9,1976,0,5.7
TX006324,depot,17610.0,14.08,35670.0,3,2967,0,0.6
TX006325,transfert,1870.0,13.61,20780.0,4,2285,0,1.2
TX006326,paiement_marchand,14470.0,18.57,79450.0,8,1914,0,8.9
TX006327,paiement_marchand,6970.0,12.69,89940.0,1,105,0,2.5
TX006328,transfert,8040.0,16.66,186850.0,5,1371,0,3.5
TX006329,paiement_marchand,3790.0,15.7,57500.0,4,1325,0,11.1
TX006330,depot,14290.0,13.5,35590.0,2,1049,0,11.7
TX006331,paiement_marchand,1489250.0,10.89,1834630.0,6,218,0,4.1
TX006332,paiement_marchand,5510.0,14.86,24320.0,3,1492,0,3.1
TX006333,paiement_marchand,2480.0,10.33,49140.0,6,2680,0,6.2
TX006334,paiement_marchand,4960.0,13.67,76480.0,7,2188,0,1.1
TX006335,depot,6840.0,9.82,73760.0,6,2318,0,1.8
TX006336,transfert,4430.0,10.6,8000.0,1,1479,0,15.7
TX006337,retrait,28810.0,17.28,99330.0,4,1712,0,2.1
TX006338,retrait,24640.0,19.09,73990.0,2,589,0,4.9
TX006339,retrait,11220.0,14.25,195510.0,7,627,0,2.8
TX006340,retrait,7220.0,16.14,188510.0,5,2731,0,8.4
TX006341,paiement_marchand,2030.0,11.07,68870.0,5,1805,0,1.4
TX006342,retrait,4890.0,19.87,146410.0,4,1797,0,13.9
TX006343,depot,9670.0,10.8,56660.0,3,2009,0,0.2
TX006344,depot,78410.0,10.22,187050.0,5,2399,0,0.2
TX006345,retrait,26400.0,16.68,67310.0,3,2073,0,6.2
TX006346,transfert,6280.0,11.55,28390.0,2,1529,0,6.2
TX006347,retrait,7210.0,14.35,26860.0,5,280,0,4.1
TX006348,paiement_marchand,13120.0,9.07,726000.0,3,1938,0,0.2
TX006349,paiement_marchand,2150.0,13.3,163270.0,3,2477,0,1.6
TX006350,retrait,22040.0,20.01,70840.0,7,2230,0,10.4
TX006351,retrait,13030.0,7.87,20150.0,4,631,0,1.1
TX006352,paiement_marchand,2300.0,14.36,13380.0,1,657,0,1.0
TX006353,paiement_marchand,3120.0,16.78,24220.0,4,982,0,2.6
TX006354,depot,5490.0,8.88,57770.0,4,2374,0,3.6
TX006355,transfert,16100.0,15.18,51480.0,7,1967,0,14.0
TX006356,depot,65180.0,13.22,189780.0,2,2407,0,0.3
TX006357,paiement_marchand,1290.0,17.49,191890.0,3,1619,0,1.0
TX006358,paiement_marchand,2250.0,8.79,59010.0,4,2365,0,2.2
TX006359,transfert,2380.0,12.22,99590.0,3,2973,0,4.7
TX006360,transfert,6910.0,10.45,21150.0,4,2586,0,0.9
TX006361,paiement_marchand,5090.0,13.69,23770.0,4,2719,0,0.2
TX006362,transfert,23110.0,16.84,23150.0,51,4,1,1.9
TX006363,transfert,6020.0,12.71,119320.0,2,2504,0,10.0
TX006364,retrait,24630.0,14.76,71010.0,7,2306,0,0.4
TX006365,transfert,8780.0,15.04,183090.0,3,797,0,1.9
TX006366,paiement_marchand,27350.0,12.88,134770.0,3,1851,0,0.3
TX006367,transfert,31830.0,13.7,100230.0,6,493,0,3.6
TX006368,retrait,5100.0,9.82,61860.0,6,973,0,1.3
TX006369,depot,8060.0,12.58,21240.0,2,1441,0,3.1
TX006370,transfert,14530.0,15.61,104300.0,4,2975,0,2.0
TX006371,depot,23290.0,12.64,236750.0,6,1093,0,0.1
TX006372,paiement_marchand,4950.0,14.94,29580.0,3,2593,0,3.4
TX006373,retrait,19340.0,17.96,58180.0,6,2860,0,0.6
TX006374,transfert,5930.0,11.19,88700.0,3,661,0,6.7
TX006375,retrait,44230.0,13.87,127410.0,6,1557,0,1.8
TX006376,paiement_marchand,1910.0,15.09,85960.0,4,411,0,0.6
TX006377,depot,8180.0,14.06,72500.0,6,759,0,2.9
TX006378,retrait,11730.0,12.87,99840.0,2,2558,0,8.8
TX006379,retrait,3020.0,16.33,91470.0,4,374,0,1.2
TX006380,paiement_marchand,2880.0,8.15,27090.0,7,1691,0,0.4
TX006381,depot,16870.0,15.1,338610.0,6,456,0,2.3
TX006382,retrait,4200.0,17.38,16010.0,3,108,0,10.4
TX006383,retrait,13230.0,20.56,87570.0,4,1425,0,0.8
TX006384,paiement_marchand,8380.0,15.52,36980.0,6,1661,0,2.3
TX006385,transfert,14720.0,15.85,35430.0,5,2282,0,16.3
TX006386,transfert,1740.0,17.79,31900.0,3,2417,0,2.0
TX006387,retrait,2550.0,11.39,50510.0,2,2333,0,3.9
TX006388,paiement_marchand,1330.0,8.76,35370.0,5,674,0,3.2
TX006389,retrait,11180.0,12.18,161400.0,4,2776,0,1.4
TX006390,paiement_marchand,1830.0,5.9,21900.0,4,2787,0,4.5
TX006391,transfert,9760.0,11.07,62410.0,4,2706,0,4.9
TX006392,retrait,33530.0,14.83,60980.0,4,2606,0,0.4
TX006393,transfert,5210.0,9.52,68410.0,4,967,0,1.1
TX006394,depot,6600.0,4.27,264910.0,4,554,0,1.6
TX006395,paiement_marchand,3090.0,17.89,87450.0,5,2956,0,2.5
TX006396,paiement_marchand,10730.0,11.77,19480.0,6,2606,0,3.1
TX006397,transfert,1160.0,9.96,591830.0,5,2648,0,11.3
TX006398,transfert,4490.0,15.55,42560.0,6,1407,1,8.8
TX006399,paiement_marchand,9110.0,16.95,234520.0,5,2482,0,0.9
TX006400,transfert,3340.0,17.42,41160.0,2,1210,0,5.3
TX006401,transfert,4090.0,21.28,205630.0,4,916,0,2.3
TX006402,retrait,44340.0,16.65,257310.0,5,1472,0,0.6
TX006403,transfert,3200.0,18.62,163110.0,3,173,0,3.3
TX006404,paiement_marchand,1010.0,20.57,63920.0,3,1994,0,6.0
TX006405,retrait,8600.0,12.29,120160.0,5,1257,0,3.1
TX006406,retrait,7720.0,17.5,161010.0,6,1280,0,1.5
TX006407,retrait,12180.0,18.71,105960.0,6,1611,0,3.1
TX006408,retrait,9760.0,19.48,27270.0,5,1665,0,1.9
TX006409,transfert,27790.0,13.65,100270.0,3,2730,0,1.2
TX006410,retrait,2630.0,16.44,12280.0,4,2365,0,2.7
TX006411,retrait,28290.0,16.9,48800.0,4,501,1,6.6
TX006412,depot,19220.0,15.73,76430.0,6,1907,0,3.4
TX006413,retrait,24710.0,18.13,102050.0,4,884,0,6.9
TX006414,transfert,4690.0,16.48,96300.0,6,2911,0,0.1
TX006415,depot,33930.0,12.63,64630.0,8,2318,0,5.3
TX006416,depot,19480.0,7.46,777370.0,4,881,0,3.5
TX006417,retrait,49050.0,12.15,68320.0,2,1243,0,3.7
TX006418,depot,22430.0,7.69,71800.0,6,224,0,1.5
TX006419,transfert,15350.0,16.46,43990.0,5,1910,0,0.9
TX006420,transfert,12830.0,12.54,28980.0,4,1632,0,1.3
TX006421,transfert,9560.0,9.82,587090.0,5,1927,0,6.6
TX006422,retrait,8930.0,15.2,57540.0,4,1249,0,6.2
TX006423,paiement_marchand,2710.0,15.11,273560.0,5,250,0,5.8
TX006424,paiement_marchand,1290.0,8.65,198040.0,5,1829,0,0.5
TX006425,transfert,4300.0,13.81,155150.0,4,194,0,0.8
TX006426,transfert,4520.0,15.19,27850.0,4,363,0,1.5
TX006427,transfert,6110.0,12.63,139430.0,6,2060,0,5.4
TX006428,transfert,26340.0,11.52,85390.0,5,36,0,6.0
TX006429,depot,49020.0,19.59,113920.0,6,1017,0,5.1
TX006430,transfert,116660.0,4.02,123070.0,2,1024,1,351.3
TX006431,transfert,18930.0,11.67,221350.0,4,2539,0,5.8
TX006432,transfert,4110.0,8.36,449730.0,5,2768,0,0.4
TX006433,transfert,6190.0,17.26,132250.0,5,2398,0,1.2
TX006434,depot,11930.0,9.47,51220.0,4,1840,0,9.3
TX006435,depot,25330.0,14.38,146570.0,4,2676,0,2.8
TX006436,transfert,7060.0,18.57,106880.0,5,2900,0,11.1
TX006437,retrait,3360.0,17.65,501380.0,4,1054,0,2.3
TX006438,transfert,10110.0,13.28,613730.0,4,2025,0,5.4
TX006439,paiement_marchand,2630.0,15.33,13740.0,4,935,0,0.2
TX006440,depot,42520.0,13.27,445450.0,1,806,0,12.3
TX006441,depot,22140.0,11.41,63500.0,5,944,0,2.8
TX006442,depot,30970.0,11.95,47870.0,4,737,0,2.6
TX006443,transfert,16090.0,13.78,93170.0,6,2142,0,2.3
TX006444,depot,24480.0,15.0,80190.0,3,1216,0,5.4
TX006445,transfert,8330.0,18.11,71630.0,7,881,0,0.2
TX006446,paiement_marchand,3690.0,15.02,33810.0,2,1038,0,0.1
TX006447,transfert,1110.0,15.63,937240.0,2,953,0,1.1
TX006448,depot,39990.0,7.22,136210.0,4,1960,0,3.0
TX006449,paiement_marchand,2000.0,10.92,108470.0,4,1593,0,0.6
TX006450,paiement_marchand,1680.0,14.19,117070.0,7,1444,0,2.1
TX006451,transfert,4660.0,22.05,30230.0,4,431,0,0.6
TX006452,paiement_marchand,4640.0,11.29,402360.0,5,129,0,4.1
TX006453,depot,22460.0,15.75,68690.0,2,898,0,3.8
TX006454,depot,13420.0,15.69,28220.0,4,1477,0,2.7
TX006455,paiement_marchand,3630.0,10.6,32010.0,3,527,0,0.1
TX006456,paiement_marchand,4050.0,15.66,18460.0,1,617,0,2.7
TX006457,transfert,17730.0,8.62,177660.0,4,2369,0,6.9
TX006458,transfert,8570.0,15.56,252260.0,5,1082,0,6.8
TX006459,retrait,4870.0,12.95,67500.0,3,2307,0,2.8
TX006460,retrait,9840.0,14.49,261300.0,4,1110,0,8.0
TX006461,paiement_marchand,6460.0,13.86,68350.0,3,193,0,1.6
TX006462,paiement_marchand,3280.0,13.28,169180.0,3,2380,0,2.6
TX006463,retrait,9020.0,14.72,220940.0,6,2217,0,3.1
TX006464,depot,24770.0,11.32,64970.0,7,759,0,2.5
TX006465,transfert,7640.0,15.53,53250.0,3,848,0,0.5
TX006466,paiement_marchand,1330.0,14.06,41130.0,4,684,0,1.6
TX006467,transfert,8550.0,14.42,116010.0,4,1613,0,8.1
TX006468,paiement_marchand,2569920.0,10.96,2910890.0,7,293,0,0.1
TX006469,transfert,11860.0,10.09,32660.0,2,1683,0,2.0
TX006470,depot,14280.0,9.77,169800.0,6,1074,0,8.4
TX006471,paiement_marchand,3050.0,14.78,27470.0,6,1962,0,10.0
TX006472,transfert,10200.0,11.38,101600.0,4,1350,0,2.0
TX006473,transfert,10020.0,13.31,80310.0,4,2209,0,1.0
TX006474,retrait,1700.0,12.42,22380.0,2,1467,0,10.9
TX006475,paiement_marchand,18230.0,14.8,42430.0,7,1230,0,3.5
TX006476,retrait,13190.0,22.97,48480.0,6,2257,0,0.3
TX006477,depot,10220.0,11.58,133180.0,3,1945,0,1.5
TX006478,retrait,25820.0,9.0,62740.0,4,387,0,8.8
TX006479,retrait,20440.0,16.85,64290.0,5,2902,0,1.4
TX006480,transfert,2870.0,22.17,88170.0,3,389,0,3.4
TX006481,retrait,4930.0,15.77,34910.0,8,1076,0,0.6
TX006482,paiement_marchand,3590.0,11.25,20940.0,3,818,0,3.0
TX006483,transfert,7310.0,18.43,134220.0,7,1572,0,1.6
TX006484,transfert,13100.0,12.5,86320.0,7,284,0,5.5
TX006485,retrait,3890.0,11.53,83010.0,4,1029,0,2.6
TX006486,paiement_marchand,2330.0,17.64,28620.0,6,649,0,1.9
TX006487,depot,11560.0,15.32,95770.0,6,2694,0,0.9
TX006488,transfert,9710.0,18.37,20680.0,3,115,0,3.5
TX006489,paiement_marchand,660.0,13.81,31310.0,7,681,0,1.4
TX006490,transfert,5810.0,17.27,40040.0,6,2963,0,2.6
TX006491,transfert,24920.0,17.07,27990.0,4,2770,0,1.3
TX006492,retrait,15810.0,9.85,100930.0,3,507,0,6.6
TX006493,paiement_marchand,10280.0,16.95,65270.0,11,1141,0,2.4
TX006494,retrait,7140.0,10.72,51110.0,5,1887,0,6.2
TX006495,paiement_marchand,7990.0,16.37,76800.0,3,1739,0,15.2
TX006496,depot,14190.0,9.07,32630.0,3,2134,0,18.2
TX006497,depot,10720.0,17.62,68480.0,7,591,0,4.0
TX006498,depot,46600.0,13.2,68730.0,3,2771,0,0.9
TX006499,transfert,5750.0,16.71,201750.0,7,2434,0,2.1
TX006500,transfert,13050.0,19.27,110730.0,2,393,0,0.3
TX006501,paiement_marchand,2780.0,16.66,40320.0,8,142,0,5.5
TX006502,depot,242810.0,10.48,325930.0,3,563,0,3.2
TX006503,retrait,15070.0,7.63,109300.0,6,1227,0,0.2
TX006504,retrait,12050.0,9.07,33480.0,3,2466,0,2.2
TX006505,transfert,3480.0,17.11,14980.0,3,266,0,4.7
TX006506,transfert,9710.0,20.47,123970.0,1,2761,0,8.0
TX006507,transfert,3850.0,13.43,200800.0,6,1870,0,12.7
TX006508,retrait,6200.0,15.77,98150.0,2,748,0,7.3
TX006509,depot,16400.0,18.4,52300.0,5,1894,0,12.7
TX006510,depot,3720.0,14.59,15490.0,3,1707,0,1.4
TX006511,retrait,18110.0,13.56,25270.0,5,386,0,1.3
TX006512,transfert,444050.0,1.67,469080.0,3,1356,1,285.1
TX006513,transfert,4460.0,12.56,544250.0,6,2960,0,5.1
TX006514,transfert,20210.0,9.76,28130.0,44,9,0,1.4
TX006515,depot,12030.0,14.85,73490.0,7,1463,0,0.9
TX006516,depot,16350.0,20.91,312860.0,6,2260,0,5.1
TX006517,transfert,2030.0,12.25,37460.0,5,825,0,19.5
TX006518,transfert,6430.0,16.67,26870.0,3,2215,0,0.3
TX006519,transfert,10090.0,18.07,54680.0,2,1541,0,5.1
TX006520,transfert,13300.0,19.67,65860.0,3,1206,0,0.9
TX006521,retrait,11520.0,20.27,51170.0,5,2168,0,0.6
TX006522,paiement_marchand,2720.0,10.94,136540.0,1,2357,0,4.1
TX006523,retrait,12370.0,16.47,38340.0,3,1337,0,10.3
TX006524,paiement_marchand,2370.0,10.1,121960.0,4,2641,0,5.0
TX006525,depot,18860.0,12.99,481570.0,5,1066,0,6.1
TX006526,paiement_marchand,4590.0,13.62,114410.0,6,815,0,1.2
TX006527,retrait,8220.0,18.65,44740.0,5,2718,0,2.9
TX006528,transfert,1520.0,7.44,13270.0,6,1660,1,1.5
TX006529,retrait,13440.0,10.59,105420.0,3,1514,0,2.3
TX006530,paiement_marchand,3770.0,12.15,43770.0,7,1194,0,6.1
TX006531,transfert,38270.0,5.96,138600.0,5,2143,0,29.8
TX006532,depot,8150.0,7.19,696040.0,6,236,0,0.3
TX006533,retrait,13570.0,14.58,126710.0,3,1935,0,7.7
TX006534,depot,1520.0,18.08,162110.0,2,1097,0,3.4
TX006535,retrait,25060.0,13.81,171340.0,4,1723,0,18.9
TX006536,paiement_marchand,3070.0,15.09,59860.0,2,1943,0,6.5
TX006537,paiement_marchand,5720.0,11.93,56830.0,2,1061,0,2.9
TX006538,retrait,48170.0,8.27,78000.0,3,2431,0,1.9
TX006539,paiement_marchand,7900.0,1.78,161870.0,3,1812,0,0.0
TX006540,paiement_marchand,570.0,11.9,173750.0,4,1280,0,11.9
TX006541,retrait,6250.0,16.08,99570.0,1,2261,0,4.6
TX006542,retrait,12650.0,13.65,55230.0,8,1136,0,3.6
TX006543,transfert,16610.0,15.75,34220.0,3,1068,0,2.3
TX006544,retrait,55860.0,15.23,211710.0,5,88,0,5.0
TX006545,depot,13830.0,7.99,87450.0,5,1803,0,1.6
TX006546,transfert,9390.0,13.02,38190.0,7,1138,0,4.9
TX006547,depot,9710.0,10.84,90750.0,3,668,0,1.6
TX006548,transfert,1980.0,19.1,74480.0,4,1741,0,5.1
TX006549,transfert,2280.0,12.24,39150.0,4,2678,0,2.7
TX006550,transfert,10050.0,9.36,101620.0,3,2823,0,0.6
TX006551,paiement_marchand,210.0,11.31,272000.0,4,1522,0,3.8
TX006552,transfert,21900.0,17.23,37220.0,4,2528,0,9.6
TX006553,retrait,86240.0,16.55,115060.0,2,485,0,0.2
TX006554,paiement_marchand,1330.0,15.15,55820.0,3,671,0,4.6
TX006555,transfert,4950.0,17.56,26750.0,4,2915,0,8.6
TX006556,paiement_marchand,3940.0,9.29,26150.0,8,1776,0,0.8
TX006557,retrait,19630.0,19.41,56350.0,6,1978,0,0.8
TX006558,depot,36020.0,20.79,110030.0,3,1715,1,0.6
TX006559,retrait,16590.0,12.11,118750.0,7,1389,0,0.6
TX006560,paiement_marchand,5630.0,18.84,34620.0,3,719,0,0.1
TX006561,depot,11840.0,19.48,78140.0,7,599,0,1.0
TX006562,retrait,26470.0,17.74,109470.0,6,1743,0,14.8
TX006563,transfert,9650.0,7.24,27160.0,2,191,0,7.6
TX006564,transfert,4500.0,7.03,11100.0,6,1817,0,17.3
TX006565,transfert,7290.0,15.1,59320.0,7,333,0,3.3
TX006566,depot,22170.0,12.98,112880.0,3,2517,0,0.6
TX006567,retrait,4630.0,10.14,60470.0,5,913,0,1.0
TX006568,retrait,9170.0,11.85,81510.0,3,2312,0,4.4
TX006569,paiement_marchand,2220.0,15.69,246570.0,5,2809,0,0.6
TX006570,transfert,16050.0,19.31,24910.0,7,255,0,1.1
TX006571,paiement_marchand,3680.0,12.81,61890.0,3,1468,0,2.7
TX006572,transfert,7370.0,15.4,50860.0,2,167,0,15.0
TX006573,retrait,21230.0,16.29,215910.0,5,2003,0,7.6
TX006574,transfert,16330.0,15.06,35610.0,7,201,0,2.1
TX006575,paiement_marchand,1710.0,21.39,36050.0,1,2218,0,3.8
TX006576,depot,25480.0,14.49,40890.0,6,308,0,0.6
TX006577,retrait,6520.0,17.75,25210.0,1,1731,0,4.2
TX006578,retrait,50150.0,11.38,105820.0,5,969,0,1.1
TX006579,transfert,10450.0,7.62,35280.0,3,535,0,1.5
TX006580,transfert,8410.0,11.55,142980.0,2,127,0,3.9
TX006581,depot,31850.0,20.69,51290.0,4,2050,0,0.8
TX006582,transfert,11320.0,13.01,67820.0,2,946,0,0.9
TX006583,transfert,3620.0,13.95,25520.0,2,962,0,0.4
TX006584,paiement_marchand,16250.0,12.03,188910.0,2,1288,0,0.0
TX006585,transfert,4920.0,8.72,106770.0,6,1911,0,0.1
TX006586,depot,10110.0,8.67,158330.0,2,1046,0,14.7
TX006587,depot,24000.0,17.63,36620.0,6,88,0,4.4
TX006588,transfert,9470.0,16.31,69510.0,3,911,0,1.2
TX006589,retrait,23430.0,17.36,263810.0,5,1514,1,5.6
TX006590,transfert,4510.0,12.46,141310.0,5,882,0,2.6
TX006591,paiement_marchand,1270.0,11.17,16160.0,3,2678,0,3.6
TX006592,transfert,5970.0,17.04,44160.0,2,2893,0,3.5
TX006593,paiement_marchand,2460.0,23.99,63170.0,4,1626,0,5.6
TX006594,depot,11660.0,21.31,75400.0,3,1758,0,1.8
TX006595,depot,67760.0,12.37,129050.0,7,1466,0,1.4
TX006596,transfert,9300.0,11.98,46220.0,1,302,0,8.3
TX006597,transfert,17690.0,15.07,102630.0,5,2908,0,20.6
TX006598,paiement_marchand,5260.0,17.1,41480.0,4,948,0,3.0
TX006599,depot,11800.0,10.67,44380.0,6,1145,0,1.9
TX006600,retrait,7340.0,13.23,41600.0,6,488,0,2.5
TX006601,depot,1530.0,12.56,35430.0,6,2151,0,2.5
TX006602,paiement_marchand,8610.0,11.49,133000.0,3,981,0,0.2
TX006603,transfert,9190.0,18.37,35710.0,3,2079,0,1.5
TX006604,transfert,25200.0,13.04,135710.0,2,2386,0,0.1
TX006605,transfert,5910.0,14.26,85560.0,2,1144,0,19.1
TX006606,retrait,14990.0,13.04,46790.0,2,2015,0,23.9
TX006607,retrait,5220.0,13.95,68380.0,5,1500,0,2.9
TX006608,paiement_marchand,3140.0,9.88,28860.0,5,2654,0,4.6
TX006609,depot,10030.0,17.79,53410.0,6,1362,0,0.9
TX006610,depot,11100.0,5.47,505730.0,3,1009,0,4.1
TX006611,retrait,25430.0,13.22,148170.0,2,2813,0,0.2
TX006612,depot,9710.0,16.69,75290.0,6,1154,0,4.1
TX006613,retrait,4080.0,19.5,302180.0,4,2685,0,3.5
TX006614,paiement_marchand,927390.0,10.62,995210.0,10,65,0,0.0
TX006615,retrait,5760.0,17.54,171520.0,3,1352,0,1.2
TX006616,depot,16040.0,9.2,70460.0,2,1713,0,3.3
TX006617,transfert,1670.0,12.88,90990.0,4,2955,0,4.9
TX006618,retrait,24330.0,13.49,152680.0,3,241,0,0.9
TX006619,paiement_marchand,2030.0,9.2,206930.0,1,1936,0,1.2
TX006620,retrait,11060.0,9.35,231400.0,5,2988,0,1.6
TX006621,depot,6880.0,15.29,148290.0,2,2378,0,3.1
TX006622,depot,14950.0,10.78,48820.0,2,2629,0,3.6
TX006623,depot,74750.0,18.06,105720.0,5,2581,0,0.9
TX006624,paiement_marchand,6640.0,8.91,155600.0,5,767,0,5.9
TX006625,depot,20200.0,16.38,44440.0,3,1639,0,11.7
TX006626,paiement_marchand,2330.0,10.3,37840.0,2,99,0,24.7
TX006627,paiement_marchand,660.0,15.05,86060.0,5,2743,0,1.7
TX006628,retrait,40850.0,9.86,70950.0,4,1310,0,3.5
TX006629,retrait,1950.0,22.25,19890.0,5,996,0,0.1
TX006630,paiement_marchand,2580.0,14.87,194620.0,2,519,0,2.6
TX006631,depot,37090.0,13.0,142290.0,2,2820,0,3.1
TX006632,retrait,38750.0,17.93,78820.0,3,2004,1,1.2
TX006633,transfert,8200.0,14.26,158430.0,2,2697,0,2.7
TX006634,transfert,26250.0,13.98,77930.0,4,1902,0,12.4
TX006635,retrait,6130.0,13.62,91420.0,7,2940,0,2.8
TX006636,paiement_marchand,2970.0,7.83,85310.0,3,2538,1,4.5
TX006637,transfert,5650.0,9.85,88650.0,4,63,0,0.3
TX006638,paiement_marchand,7270.0,6.06,14000.0,5,2146,0,1.3
TX006639,transfert,3700.0,19.04,303170.0,4,2036,0,1.5
TX006640,retrait,7930.0,14.58,169330.0,4,594,0,1.9
TX006641,depot,19830.0,19.27,47400.0,1,2823,0,4.1
TX006642,retrait,17550.0,17.25,164690.0,4,1766,0,3.9
TX006643,retrait,18000.0,10.26,32930.0,3,1749,0,4.4
TX006644,transfert,9340.0,13.55,321870.0,4,1159,0,2.8
TX006645,retrait,7410.0,15.37,37200.0,2,290,0,0.9
TX006646,depot,39650.0,15.58,56610.0,3,2824,0,1.1
TX006647,paiement_marchand,2350.0,12.88,40890.0,3,2599,0,2.7
TX006648,retrait,13120.0,16.01,45480.0,4,1410,0,0.4
TX006649,retrait,15360.0,8.06,55140.0,3,2941,1,6.0
TX006650,transfert,9800.0,21.6,80670.0,4,1356,0,3.1
TX006651,retrait,23790.0,10.22,71860.0,4,1369,0,2.2
TX006652,depot,16160.0,12.75,228200.0,4,447,0,1.8
TX006653,transfert,3560.0,11.34,48050.0,3,1543,0,3.1
TX006654,paiement_marchand,740.0,11.9,9130.0,3,2509,0,0.9
TX006655,paiement_marchand,3450.0,17.25,153480.0,3,1389,0,8.3
TX006656,transfert,12910.0,9.89,30290.0,8,2740,0,0.8
TX006657,depot,12930.0,19.68,102440.0,3,2987,0,1.4
TX006658,depot,12450.0,11.84,45260.0,3,1215,0,12.4
TX006659,depot,10180.0,13.71,158130.0,4,290,0,3.4
TX006660,retrait,7320.0,12.03,57910.0,6,2370,0,3.3
TX006661,retrait,5950.0,20.84,65090.0,3,1486,0,5.5
TX006662,transfert,15110.0,13.24,80380.0,4,1026,0,3.6
TX006663,transfert,6440.0,13.01,19820.0,4,747,0,0.4
TX006664,retrait,19860.0,17.19,60010.0,4,1733,0,0.7
TX006665,paiement_marchand,11770.0,16.26,164690.0,3,1366,0,2.5
TX006666,transfert,2720.0,13.29,35290.0,2,57,0,11.5
TX006667,paiement_marchand,1060.0,16.62,30760.0,3,2553,0,1.3
TX006668,depot,20750.0,15.04,73380.0,5,2780,0,5.0
TX006669,paiement_marchand,760.0,14.4,13590.0,5,1512,0,1.6
TX006670,retrait,6820.0,19.66,64950.0,5,1698,0,0.5
TX006671,retrait,10150.0,20.46,38390.0,4,704,0,0.3
TX006672,transfert,12220.0,20.17,73190.0,7,2234,0,3.2
TX006673,transfert,20720.0,15.62,1434760.0,5,1817,0,3.8
TX006674,paiement_marchand,2140.0,11.1,68460.0,2,2722,0,1.3
TX006675,transfert,3950.0,7.56,150030.0,5,2893,0,3.8
TX006676,depot,6050.0,14.65,48950.0,4,2060,0,0.8
TX006677,retrait,12210.0,17.39,95320.0,1,140,0,0.2
TX006678,retrait,12210.0,14.43,232910.0,6,810,0,4.0
TX006679,transfert,1830.0,10.22,92580.0,5,87,0,6.7
TX006680,retrait,5610.0,17.3,56280.0,5,1055,0,1.1
TX006681,transfert,20630.0,11.62,30010.0,29,4,0,0.3
TX006682,paiement_marchand,1880.0,13.96,31490.0,4,2239,0,1.9
TX006683,paiement_marchand,1220.0,12.91,19090.0,2,1144,0,1.6
TX006684,paiement_marchand,15650.0,19.86,67520.0,6,2916,0,10.5
TX006685,depot,25870.0,13.49,161170.0,3,182,0,5.1
TX006686,transfert,5450.0,14.66,53670.0,4,664,0,0.5
TX006687,depot,31660.0,21.29,144040.0,3,611,0,1.1
TX006688,retrait,8400.0,19.78,47200.0,5,723,0,7.4
TX006689,transfert,6510.0,20.23,93450.0,6,2225,0,1.9
TX006690,transfert,4480.0,22.59,46980.0,5,1125,0,11.2
TX006691,retrait,38450.0,9.59,195110.0,4,2620,0,1.5
TX006692,depot,56100.0,12.67,139360.0,4,2248,0,0.7
TX006693,transfert,4410.0,15.77,49730.0,3,152,0,2.1
TX006694,transfert,10220.0,11.43,142830.0,5,1567,0,6.9
TX006695,transfert,8280.0,13.72,124730.0,1,1197,0,2.8
TX006696,transfert,14790.0,17.94,34670.0,6,1934,0,4.1
TX006697,retrait,19130.0,19.6,164630.0,7,2110,0,2.4
TX006698,retrait,3110.0,15.44,51720.0,4,2338,0,4.1
TX006699,retrait,10170.0,10.86,143470.0,4,1476,0,1.2
TX006700,retrait,13820.0,12.56,178400.0,2,355,0,14.7
TX006701,paiement_marchand,2960.0,13.87,31490.0,3,873,0,7.3
TX006702,paiement_marchand,1833440.0,18.53,2337700.0,11,163,0,3.2
TX006703,retrait,26770.0,16.15,170650.0,2,2811,0,2.9
TX006704,paiement_marchand,1780.0,12.13,372580.0,3,1390,0,0.3
TX006705,paiement_marchand,3730.0,17.82,183810.0,3,853,0,0.4
TX006706,depot,29210.0,16.53,70320.0,4,1987,0,6.6
TX006707,transfert,12540.0,12.93,199900.0,8,1136,0,1.6
TX006708,depot,6980.0,5.79,115540.0,5,318,0,4.2
TX006709,depot,10760.0,14.34,36560.0,2,1592,0,4.5
TX006710,retrait,9070.0,12.88,38530.0,3,1416,0,1.2
TX006711,depot,10950.0,18.26,44860.0,5,1432,0,6.2
TX006712,retrait,10010.0,16.27,63160.0,3,818,0,12.1
TX006713,transfert,4620.0,16.42,26840.0,4,2212,0,1.9
TX006714,retrait,78240.0,9.04,122810.0,1,1532,1,6.0
TX006715,paiement_marchand,26580.0,12.94,62850.0,4,1020,0,0.5
TX006716,transfert,2380.0,17.06,336100.0,3,645,0,2.0
TX006717,depot,17290.0,18.14,43940.0,4,1831,1,10.2
TX006718,depot,6660.0,17.32,182350.0,4,2861,0,0.2
TX006719,transfert,8220.0,12.96,43860.0,5,850,0,2.3
TX006720,transfert,4710.0,11.44,24550.0,4,2830,0,0.4
TX006721,paiement_marchand,3870.0,12.94,246950.0,2,810,0,4.1
TX006722,depot,16510.0,17.64,40930.0,6,2073,0,3.4
TX006723,retrait,58090.0,21.35,68880.0,2,683,0,8.6
TX006724,transfert,6380.0,9.78,45290.0,3,583,0,3.8
TX006725,transfert,15940.0,13.32,394710.0,1,1154,0,3.1
TX006726,retrait,9990.0,15.59,113430.0,5,802,0,5.2
TX006727,paiement_marchand,5870.0,18.86,110960.0,4,1862,0,3.8
TX006728,paiement_marchand,2560.0,19.81,15320.0,3,2554,0,6.7
TX006729,paiement_marchand,2480.0,15.53,22760.0,3,827,0,7.4
TX006730,transfert,2920.0,18.08,69410.0,6,1125,0,0.6
TX006731,retrait,5790.0,10.83,63830.0,5,653,0,1.4
TX006732,paiement_marchand,3690.0,7.3,18830.0,6,2901,0,0.5
TX006733,retrait,7460.0,7.89,785800.0,2,2980,0,5.2
TX006734,transfert,5770.0,18.82,59310.0,4,2245,0,4.3
TX006735,retrait,10200.0,19.72,314100.0,7,1970,0,1.9
TX006736,retrait,17680.0,13.82,53120.0,6,2892,0,0.0
TX006737,retrait,33590.0,15.15,240630.0,8,658,0,2.4
TX006738,paiement_marchand,1550.0,14.6,48080.0,4,594,0,2.3
TX006739,depot,7180.0,15.76,31210.0,5,407,0,1.6
TX006740,transfert,14680.0,8.16,142690.0,3,2806,0,1.1
TX006741,depot,11820.0,18.39,58920.0,7,1400,0,0.5
TX006742,paiement_marchand,1130.0,14.24,74480.0,4,1803,0,6.6
TX006743,transfert,42680.0,17.49,113200.0,6,726,0,4.8
TX006744,transfert,6480.0,5.2,60750.0,8,1484,1,4.3
TX006745,retrait,9580.0,8.86,164820.0,9,2683,0,2.5
TX006746,paiement_marchand,3060.0,14.78,11350.0,7,67,0,2.4
TX006747,paiement_marchand,2210.0,12.76,60370.0,5,1715,0,5.8
TX006748,depot,17980.0,14.05,186880.0,5,1422,0,1.9
TX006749,depot,70170.0,9.73,87780.0,5,896,0,1.3
TX006750,transfert,8060.0,12.66,59110.0,4,2071,0,9.5
TX006751,depot,45490.0,11.76,115220.0,5,474,0,16.0
TX006752,transfert,11870.0,14.06,30520.0,3,298,0,4.2
TX006753,depot,14860.0,7.95,68010.0,3,979,0,4.2
TX006754,retrait,12910.0,16.81,31320.0,2,881,0,0.5
TX006755,depot,27380.0,11.75,42700.0,1,1524,0,4.9
TX006756,retrait,14060.0,9.34,62280.0,8,89,0,5.9
TX006757,depot,17260.0,18.46,193600.0,2,662,0,1.2
TX006758,transfert,5400.0,15.74,179860.0,4,1849,0,0.1
TX006759,retrait,35280.0,7.68,149590.0,4,1383,0,5.5
TX006760,paiement_marchand,1540.0,11.9,15210.0,5,1855,0,6.9
TX006761,depot,7780.0,23.5,38500.0,3,2563,0,3.6
TX006762,retrait,7690.0,9.49,52650.0,5,863,0,1.6
TX006763,retrait,4610.0,11.06,165630.0,2,1401,0,4.2
TX006764,transfert,22860.0,14.57,83430.0,5,2115,0,0.6
TX006765,retrait,13420.0,8.74,99560.0,4,1978,0,6.9
TX006766,transfert,6460.0,12.61,259850.0,8,260,0,7.0
TX006767,paiement_marchand,2190.0,11.26,84660.0,4,2378,0,4.3
TX006768,retrait,17830.0,13.26,46900.0,2,2202,0,2.7
TX006769,paiement_marchand,5640.0,11.88,37470.0,6,469,0,1.4
TX006770,depot,4380.0,20.18,70450.0,3,971,0,5.1
TX006771,paiement_marchand,2330.0,8.17,94910.0,5,121,0,1.4
TX006772,transfert,2460.0,21.12,32560.0,5,59,0,1.2
TX006773,transfert,5590.0,16.95,91840.0,5,2131,0,5.7
TX006774,paiement_marchand,320.0,16.36,26710.0,5,2563,0,2.4
TX006775,paiement_marchand,2350.0,6.12,88790.0,4,1919,0,2.3
TX006776,transfert,12940.0,16.69,39590.0,6,2034,1,12.2
TX006777,retrait,3870.0,11.97,99370.0,6,971,0,2.9
TX006778,paiement_marchand,8800.0,8.75,87200.0,6,2608,0,2.7
TX006779,transfert,5250.0,15.09,179930.0,2,156,0,1.5
TX006780,depot,10560.0,14.16,86350.0,9,575,0,1.4
TX006781,depot,15900.0,13.13,48080.0,4,2723,0,2.5
TX006782,depot,19440.0,15.56,422720.0,7,2939,0,12.8
TX006783,depot,93080.0,11.01,202510.0,5,2573,0,5.5
TX006784,depot,25130.0,13.2,39180.0,5,735,0,2.7
TX006785,transfert,3030.0,13.74,35040.0,4,131,0,5.2
TX006786,depot,13230.0,16.66,170340.0,5,1825,0,5.2
TX006787,depot,58030.0,16.52,342890.0,9,755,0,4.6
TX006788,transfert,8650.0,12.65,18900.0,3,2238,0,0.3
TX006789,transfert,8600.0,14.87,60940.0,3,547,0,0.1
TX006790,retrait,7500.0,9.6,104970.0,5,1517,0,0.1
TX006791,paiement_marchand,3340.0,17.16,40170.0,2,2002,0,2.2
TX006792,transfert,20740.0,10.58,33140.0,8,345,0,2.3
TX006793,paiement_marchand,1950.0,11.64,97630.0,2,926,0,3.3
TX006794,transfert,4110.0,19.21,141210.0,4,2662,0,2.5
TX006795,paiement_marchand,2380.0,9.3,320630.0,5,791,0,1.1
TX006796,retrait,13140.0,7.02,187580.0,3,840,0,4.4
TX006797,retrait,7010.0,6.99,70310.0,3,651,0,4.2
TX006798,paiement_marchand,2930.0,11.7,381190.0,7,598,0,5.4
TX006799,retrait,7340.0,11.1,41710.0,1,2949,0,0.8
TX006800,depot,17310.0,9.06,30030.0,4,1358,0,1.2
TX006801,retrait,10300.0,14.7,17160.0,3,2820,0,2.6
TX006802,transfert,5780.0,14.64,72560.0,6,752,0,3.9
TX006803,depot,8410.0,16.82,191140.0,2,548,0,6.2
TX006804,transfert,40080.0,3.82,71740.0,6,1840,0,12.1
TX006805,paiement_marchand,2240.0,16.61,9030.0,2,73,0,0.4
TX006806,transfert,4060.0,9.79,56980.0,4,2919,1,9.4
TX006807,transfert,9760.0,19.84,44110.0,4,138,0,8.2
TX006808,paiement_marchand,1220.0,13.3,124550.0,5,69,0,1.2
TX006809,paiement_marchand,5320.0,10.97,20090.0,4,847,0,5.7
TX006810,retrait,18310.0,16.6,79150.0,4,147,0,11.8
TX006811,retrait,2740.0,12.14,192820.0,2,2931,0,9.0
TX006812,transfert,19600.0,17.64,65850.0,3,967,0,0.2
TX006813,depot,21870.0,11.37,90520.0,5,1281,0,0.0
TX006814,depot,19580.0,17.58,56020.0,3,228,0,3.6
TX006815,transfert,6490.0,14.5,41270.0,2,1346,0,2.3
TX006816,retrait,8540.0,13.64,27890.0,6,2480,0,0.5
TX006817,depot,13070.0,6.01,71910.0,2,36,0,0.2
TX006818,transfert,10530.0,15.48,223580.0,7,808,0,0.7
TX006819,retrait,2180.0,13.65,40430.0,2,866,0,15.4
TX006820,transfert,46260.0,13.69,69430.0,5,400,1,19.9
TX006821,depot,11410.0,23.68,53040.0,5,1802,1,7.3
TX006822,paiement_marchand,3900.0,14.06,97190.0,6,1535,0,15.8
TX006823,depot,17860.0,11.62,71190.0,4,1503,0,1.8
TX006824,depot,14220.0,13.83,293460.0,4,2107,0,9.0
TX006825,paiement_marchand,2140.0,18.42,34280.0,6,221,0,0.2
TX006826,paiement_marchand,8530.0,7.78,53070.0,5,1359,0,2.4
TX006827,paiement_marchand,6440.0,17.38,123110.0,4,195,0,0.7
TX006828,retrait,22170.0,18.84,220330.0,5,1291,0,2.3
TX006829,paiement_marchand,9200.0,9.02,63660.0,5,1079,0,2.2
TX006830,retrait,18540.0,18.86,208020.0,3,1340,0,3.5
TX006831,paiement_marchand,3560.0,8.73,34670.0,2,2622,0,1.5
TX006832,transfert,7180.0,8.26,18140.0,7,1848,0,1.8
TX006833,retrait,59550.0,6.46,144400.0,3,2082,0,1.1
TX006834,transfert,3060.0,9.35,41490.0,4,2169,0,2.0
TX006835,depot,5550.0,16.7,19050.0,7,1102,0,0.5
TX006836,transfert,12580.0,11.94,63540.0,3,514,0,3.0
TX006837,depot,12570.0,13.19,68860.0,3,2985,0,10.8
TX006838,retrait,7490.0,15.24,105900.0,2,167,0,2.6
TX006839,retrait,30120.0,12.6,65370.0,1,1438,0,4.1
TX006840,transfert,5210.0,17.45,51410.0,3,1404,0,3.4
TX006841,transfert,8630.0,17.32,150160.0,5,1443,0,8.0
TX006842,depot,7740.0,15.13,37520.0,5,2268,0,11.5
TX006843,transfert,5050.0,2.36,23330.0,7,1431,0,4.7
TX006844,transfert,5920.0,21.42,42500.0,5,2114,0,2.3
TX006845,retrait,2310.0,10.17,215590.0,2,2998,0,1.3
TX006846,depot,12040.0,9.38,49170.0,3,184,0,4.0
TX006847,retrait,14900.0,10.36,66270.0,2,1094,0,0.4
TX006848,depot,29420.0,7.56,381670.0,2,1982,0,5.8
TX006849,depot,24030.0,17.19,213060.0,3,1905,0,3.0
TX006850,paiement_marchand,6840.0,12.17,389170.0,2,2014,0,21.7
TX006851,retrait,12200.0,22.18,93970.0,9,1526,0,0.3
TX006852,paiement_marchand,2610.0,13.69,29370.0,4,1750,0,3.9
TX006853,depot,19080.0,18.9,85000.0,3,170,0,0.5
TX006854,transfert,1370.0,18.85,22940.0,4,1784,0,2.9
TX006855,paiement_marchand,1200.0,14.67,72410.0,9,883,0,0.7
TX006856,transfert,5140.0,9.94,23420.0,4,526,0,18.4
TX006857,depot,14530.0,12.11,195450.0,2,2931,1,0.9
TX006858,paiement_marchand,3880.0,6.46,10450.0,4,2489,0,7.0
TX006859,paiement_marchand,7210.0,17.71,72480.0,2,1961,0,2.3
TX006860,depot,4250.0,19.28,27040.0,4,1657,0,2.2
TX006861,transfert,25510.0,15.64,48690.0,4,745,0,1.6
TX006862,retrait,7370.0,9.06,37350.0,6,569,0,7.2
TX006863,paiement_marchand,10650.0,8.18,126510.0,4,2273,0,7.5
TX006864,transfert,29840.0,16.91,120140.0,6,1415,0,0.1
TX006865,paiement_marchand,1510.0,18.72,49150.0,6,446,0,1.0
TX006866,paiement_marchand,2750.0,19.05,30270.0,4,809,0,0.5
TX006867,paiement_marchand,2790.0,17.23,277760.0,5,1866,0,9.0
TX006868,retrait,43410.0,13.01,70240.0,4,1845,0,1.6
TX006869,transfert,2680.0,12.43,26820.0,3,397,0,16.5
TX006870,transfert,20370.0,19.36,48400.0,7,426,0,2.9
TX006871,paiement_marchand,1180.0,21.3,45670.0,2,1243,0,1.1
TX006872,depot,11140.0,13.07,48680.0,2,2703,0,1.1
TX006873,transfert,7010.0,10.01,766170.0,3,1641,1,0.7
TX006874,transfert,9720.0,12.75,37640.0,4,2844,0,0.9
TX006875,paiement_marchand,1110.0,15.21,204380.0,4,2652,0,1.6
TX006876,transfert,10940.0,13.63,93830.0,5,1603,0,5.0
TX006877,paiement_marchand,2760.0,17.37,51980.0,6,428,0,6.5
TX006878,transfert,6350.0,17.2,74630.0,2,1885,0,8.4
TX006879,paiement_marchand,840.0,17.24,166400.0,5,1785,1,0.9
TX006880,retrait,20720.0,8.3,153500.0,6,68,0,0.2
TX006881,paiement_marchand,1660.0,16.56,20300.0,5,2916,0,1.2
TX006882,retrait,24850.0,13.86,51360.0,7,1943,0,8.8
TX006883,depot,66030.0,16.67,186310.0,4,2065,0,1.4
TX006884,retrait,1270.0,9.06,113080.0,4,2325,0,7.0
TX006885,transfert,27410.0,2.99,59450.0,3,1609,0,1.1
TX006886,transfert,11610.0,11.41,54680.0,7,1575,0,0.1
TX006887,transfert,9120.0,10.78,32070.0,2,272,0,1.1
TX006888,transfert,9560.0,13.92,172420.0,5,68,0,7.6
TX006889,retrait,8560.0,15.13,76050.0,6,871,0,2.6
TX006890,transfert,7790.0,12.92,99210.0,4,1450,0,0.1
TX006891,depot,20370.0,12.09,54050.0,3,2626,0,5.4
TX006892,transfert,14300.0,12.05,47330.0,2,79,0,3.5
TX006893,transfert,9870.0,8.12,63650.0,4,1352,0,4.1
TX006894,paiement_marchand,1060.0,9.58,61140.0,6,1346,0,7.5
TX006895,paiement_marchand,3780.0,18.42,98040.0,2,1464,0,2.5
TX006896,retrait,14100.0,11.81,1111740.0,2,1233,0,1.7
TX006897,depot,11090.0,10.26,95390.0,5,2606,0,0.3
TX006898,retrait,10060.0,9.42,14770.0,4,1715,0,0.2
TX006899,transfert,3950.0,14.69,1008210.0,4,1107,0,0.3
TX006900,paiement_marchand,2310.0,22.94,41830.0,5,2709,0,1.5
TX006901,transfert,6590.0,15.54,60960.0,3,1511,0,15.7
TX006902,depot,32580.0,15.14,128420.0,4,883,0,4.8
TX006903,depot,24850.0,16.16,376130.0,3,1190,0,0.6
TX006904,transfert,14230.0,17.81,756680.0,5,952,0,0.9
TX006905,depot,5220.0,9.75,28640.0,5,306,0,0.1
TX006906,transfert,2360.0,13.07,21420.0,4,2545,0,3.2
TX006907,depot,35180.0,8.91,97460.0,2,982,1,4.9
TX006908,transfert,2510.0,16.79,36090.0,5,761,0,8.6
TX006909,transfert,4710.0,14.91,117890.0,3,1507,0,12.0
TX006910,depot,26400.0,13.8,32770.0,4,525,0,2.5
TX006911,depot,10470.0,18.54,100400.0,5,1876,0,2.1
TX006912,retrait,9680.0,6.48,28550.0,3,144,0,1.7
TX006913,depot,31930.0,18.76,56470.0,5,475,0,1.3
TX006914,transfert,6030.0,7.67,112820.0,2,584,0,1.8
TX006915,depot,7290.0,14.38,90460.0,4,2391,0,1.2
TX006916,depot,43800.0,13.58,99380.0,5,2843,1,7.7
TX006917,depot,10920.0,17.04,187530.0,2,2196,0,5.7
TX006918,transfert,4010.0,13.21,149110.0,4,2229,0,1.1
TX006919,depot,12260.0,8.3,145380.0,4,2935,0,3.7
TX006920,retrait,16600.0,14.67,35720.0,4,2999,0,1.2
TX006921,retrait,3240.0,6.76,62290.0,2,2375,0,0.6
TX006922,retrait,24040.0,17.89,57870.0,5,1201,0,2.5
TX006923,depot,1840.0,10.38,187050.0,4,2703,0,4.9
TX006924,transfert,36090.0,14.04,189610.0,4,2828,0,4.0
TX006925,depot,11280.0,17.03,134360.0,2,205,0,4.3
TX006926,retrait,9230.0,14.73,40300.0,5,101,0,10.8
TX006927,transfert,3830.0,23.64,121400.0,4,2535,0,0.5
TX006928,transfert,12030.0,7.2,52890.0,6,822,0,10.0
TX006929,retrait,13150.0,19.48,245950.0,3,78,0,10.0
TX006930,retrait,9730.0,14.23,260600.0,1,918,0,6.4
TX006931,paiement_marchand,2250.0,13.23,85320.0,2,946,0,0.1
TX006932,retrait,39630.0,20.71,201870.0,6,1053,0,3.1
TX006933,depot,11570.0,11.08,93970.0,7,2309,0,1.5
TX006934,paiement_marchand,3520.0,16.41,59060.0,3,500,0,15.1
TX006935,transfert,4500.0,10.3,126950.0,4,1502,0,8.0
TX006936,paiement_marchand,14940.0,11.52,63190.0,3,513,0,8.2
TX006937,transfert,13470.0,14.02,40100.0,3,680,0,2.2
TX006938,retrait,13990.0,19.73,31540.0,4,1261,0,0.2
TX006939,retrait,9540.0,11.38,128610.0,4,2939,0,7.9
TX006940,paiement_marchand,3100.0,13.39,61990.0,5,1143,0,0.3
TX006941,depot,4930.0,11.69,342940.0,2,1996,0,0.9
TX006942,transfert,8400.0,17.65,73070.0,3,1062,0,2.4
TX006943,paiement_marchand,8790.0,20.4,135430.0,5,810,0,2.1
TX006944,retrait,22010.0,7.06,103430.0,3,2982,0,8.6
TX006945,retrait,6890.0,12.05,128190.0,4,87,0,1.2
TX006946,transfert,4620.0,16.02,337930.0,3,1045,0,1.9
TX006947,transfert,4700.0,10.9,55190.0,3,1946,0,0.6
TX006948,transfert,9340.0,13.93,56230.0,3,1241,0,0.4
TX006949,depot,34100.0,22.65,137090.0,5,1467,0,1.2
TX006950,depot,15850.0,16.95,82170.0,4,1772,0,6.7
TX006951,paiement_marchand,2095590.0,13.25,2615180.0,5,56,0,4.3
TX006952,depot,11840.0,20.73,110720.0,6,117,0,5.3
TX006953,paiement_marchand,1499550.0,16.32,1803030.0,2,79,0,3.5
TX006954,transfert,10300.0,12.94,20840.0,6,2285,0,5.3
TX006955,retrait,32340.0,12.86,55140.0,3,349,0,1.2
TX006956,transfert,3170.0,11.01,23500.0,2,2008,0,3.8
TX006957,transfert,7520.0,14.14,17230.0,6,2837,1,7.3
TX006958,transfert,25800.0,18.89,129810.0,3,2775,0,6.0
TX006959,depot,5650.0,13.3,48110.0,3,1811,0,8.0
TX006960,depot,3970.0,11.79,110180.0,3,556,0,2.9
TX006961,transfert,6480.0,11.98,106440.0,5,76,0,1.3
TX006962,depot,29080.0,11.83,83940.0,3,2368,0,0.7
TX006963,transfert,6790.0,17.24,45900.0,4,1688,0,3.0
TX006964,transfert,5030.0,12.22,43640.0,6,2299,0,4.9
TX006965,paiement_marchand,3140.0,17.45,90310.0,6,1744,0,2.3
TX006966,transfert,7140.0,22.37,103840.0,6,1410,0,4.0
TX006967,depot,11200.0,19.21,53040.0,3,1415,0,4.8
TX006968,transfert,7140.0,10.03,64050.0,2,1691,0,6.0
TX006969,depot,25450.0,17.82,60670.0,2,1230,0,0.0
TX006970,depot,21090.0,22.9,129050.0,2,1334,0,4.4
TX006971,retrait,7560.0,10.01,49390.0,3,1156,0,11.5
TX006972,depot,61150.0,13.19,111500.0,5,2485,0,1.5
TX006973,depot,5300.0,16.59,57880.0,5,1362,0,0.3
TX006974,transfert,9650.0,14.5,28170.0,5,743,0,1.6
TX006975,retrait,1280.0,8.78,33310.0,3,519,0,6.8
TX006976,retrait,6430.0,13.19,77670.0,2,280,0,1.0
TX006977,transfert,6490.0,12.82,56770.0,4,2975,0,3.1
TX006978,paiement_marchand,2990.0,14.81,15600.0,6,601,0,3.9
TX006979,retrait,13120.0,16.14,140610.0,3,1581,0,0.2
TX006980,depot,5090.0,13.59,59000.0,4,2254,0,8.6
TX006981,retrait,9750.0,15.51,44690.0,5,145,0,9.8
TX006982,depot,13770.0,12.81,84260.0,1,448,0,1.7
TX006983,transfert,11210.0,15.28,63400.0,5,1201,0,15.6
TX006984,paiement_marchand,10200.0,10.47,70510.0,4,1729,0,18.6
TX006985,retrait,3020.0,20.59,74680.0,3,1005,0,2.4
TX006986,transfert,9690.0,16.59,66130.0,3,2611,0,0.4
TX006987,transfert,3140.0,12.12,29940.0,5,1423,0,9.3
TX006988,paiement_marchand,1630.0,6.73,28320.0,6,1227,0,0.7
TX006989,depot,44590.0,10.93,97660.0,6,629,0,0.5
TX006990,depot,35640.0,9.8,59660.0,6,2103,0,6.6
TX006991,paiement_marchand,2080.0,17.17,149230.0,3,559,0,7.7
TX006992,transfert,70320.0,11.45,126630.0,2,1446,0,0.4
TX006993,transfert,6670.0,10.56,179320.0,6,2754,0,5.5
TX006994,transfert,2810.0,19.56,25760.0,5,2101,0,5.9
TX006995,transfert,11610.0,13.37,33400.0,3,927,0,1.4
TX006996,paiement_marchand,1020.0,15.33,227010.0,4,1514,0,3.5
TX006997,transfert,3900.0,14.94,78840.0,2,2676,0,0.6
TX006998,transfert,2560.0,9.86,22510.0,4,196,0,3.7
TX006999,retrait,15590.0,13.8,143230.0,3,1998,0,5.2
TX007000,retrait,6810.0,9.62,119570.0,3,1364,0,0.5
TX007001,transfert,15710.0,17.96,23320.0,55,11,0,2.2
TX007002,transfert,4520.0,13.58,28050.0,3,2810,0,0.7
TX007003,paiement_marchand,10600.0,12.29,242980.0,4,1975,0,3.6
TX007004,transfert,1330.0,12.0,143760.0,4,1833,0,3.0
TX007005,transfert,6450.0,13.8,63250.0,4,2677,0,4.3
TX007006,paiement_marchand,3290.0,11.5,8550.0,4,2455,0,1.1
TX007007,transfert,5060.0,14.51,65420.0,4,1511,0,1.0
TX007008,transfert,2290.0,12.7,30110.0,3,659,1,0.8
TX007009,retrait,38530.0,15.73,136310.0,5,923,0,0.8
TX007010,paiement_marchand,11920.0,15.93,82560.0,3,161,0,2.5
TX007011,retrait,7870.0,12.68,518380.0,1,2135,0,11.4
TX007012,paiement_marchand,1640.0,12.79,151800.0,2,1610,0,1.4
TX007013,transfert,18060.0,12.08,148740.0,4,1197,0,3.1
TX007014,depot,28230.0,12.37,73350.0,5,1871,0,3.7
TX007015,depot,10340.0,9.92,204870.0,7,1517,0,7.2
TX007016,retrait,11880.0,14.06,128440.0,5,564,0,2.2
TX007017,transfert,3240.0,18.04,74030.0,1,2322,0,1.8
TX007018,paiement_marchand,700.0,15.84,27900.0,4,1128,0,3.0
TX007019,transfert,9420.0,10.35,64440.0,3,2250,0,22.7
TX007020,transfert,13770.0,12.16,38650.0,5,2732,0,5.7
TX007021,depot,10900.0,9.55,60230.0,11,1650,0,2.4
TX007022,paiement_marchand,1080.0,13.9,12140.0,3,1338,0,10.5
TX007023,depot,10880.0,4.99,229210.0,2,209,0,4.6
TX007024,transfert,20340.0,9.19,32430.0,4,1331,0,6.7
TX007025,transfert,2740.0,8.47,18130.0,3,419,0,3.0
TX007026,paiement_marchand,2440.0,14.31,59250.0,3,1283,0,1.2
TX007027,transfert,10310.0,9.79,20030.0,2,2576,0,2.5
TX007028,paiement_marchand,2500.0,18.89,57160.0,4,469,0,4.4
TX007029,transfert,12760.0,19.95,227530.0,5,489,0,12.1
TX007030,retrait,13160.0,17.57,117160.0,4,1793,0,2.7
TX007031,transfert,6630.0,15.65,205570.0,4,1427,0,2.6
TX007032,depot,32860.0,11.97,271530.0,2,185,0,5.0
TX007033,paiement_marchand,1050.0,12.93,52110.0,3,1843,0,5.0
TX007034,transfert,6860.0,12.04,27720.0,3,448,0,0.8
TX007035,transfert,6640.0,9.0,90960.0,4,856,0,2.7
TX007036,transfert,6840.0,13.8,137530.0,3,184,0,3.6
TX007037,transfert,17740.0,18.21,20620.0,47,8,1,3.6
TX007038,paiement_marchand,2395160.0,13.17,3092470.0,4,134,0,12.2
TX007039,paiement_marchand,1480.0,11.88,258020.0,6,878,0,0.2
TX007040,transfert,8300.0,16.06,185700.0,7,2404,0,27.8
TX007041,retrait,2800.0,17.28,71330.0,1,395,0,0.9
TX007042,depot,13590.0,9.91,49120.0,4,600,0,21.0
TX007043,depot,25110.0,6.01,98050.0,5,1052,0,1.1
TX007044,transfert,4280.0,17.58,90650.0,5,2516,0,0.0
TX007045,depot,41640.0,16.65,228620.0,4,40,0,8.1
TX007046,transfert,11610.0,18.43,205270.0,3,1843,0,3.1
TX007047,transfert,14580.0,7.11,25880.0,6,402,0,0.2
TX007048,transfert,750.0,7.12,68360.0,5,832,0,0.0
TX007049,transfert,2490.0,13.97,56400.0,3,1873,0,2.5
TX007050,depot,12890.0,12.05,75880.0,3,2594,1,3.6
TX007051,transfert,12960.0,11.27,83390.0,1,2345,0,0.5
TX007052,retrait,29620.0,16.02,121650.0,5,1211,0,0.4
TX007053,transfert,21270.0,3.59,22340.0,52,10,0,5.6
TX007054,paiement_marchand,1090.0,10.61,77940.0,6,2213,0,10.0
TX007055,retrait,19140.0,17.94,57040.0,2,560,0,7.0
TX007056,retrait,10550.0,8.72,96360.0,4,1351,0,0.5
TX007057,retrait,148630.0,3.09,153900.0,3,2453,1,224.9
TX007058,paiement_marchand,3640.0,17.77,377470.0,3,1814,0,0.3
TX007059,transfert,26950.0,15.99,99050.0,4,2374,0,1.5
TX007060,depot,21420.0,10.26,36440.0,4,1904,0,6.9
TX007061,retrait,5430.0,13.66,57300.0,5,1358,1,2.3
TX007062,retrait,5620.0,19.6,219610.0,6,2683,0,4.4
TX007063,retrait,31840.0,19.62,58960.0,4,1596,0,2.5
TX007064,transfert,7760.0,14.75,13000.0,4,1961,0,9.0
TX007065,depot,980.0,7.8,26880.0,7,1237,0,3.2
TX007066,retrait,21340.0,20.12,198760.0,5,46,0,1.8
TX007067,retrait,20150.0,13.18,30560.0,5,1264,0,4.2
TX007068,retrait,9900.0,10.66,171810.0,3,1789,0,1.1
TX007069,transfert,65740.0,8.45,96350.0,4,474,0,0.7
TX007070,transfert,5770.0,13.07,109160.0,3,2577,0,17.1
TX007071,retrait,9930.0,10.61,144780.0,4,1138,0,8.8
TX007072,transfert,5580.0,15.59,29850.0,2,2903,0,1.4
TX007073,retrait,1920.0,18.21,25770.0,5,2131,0,3.3
TX007074,depot,7430.0,18.49,230330.0,4,556,0,10.1
TX007075,retrait,44540.0,16.57,50890.0,4,1412,0,9.0
TX007076,retrait,9250.0,11.57,20260.0,5,2166,0,0.3
TX007077,transfert,10210.0,14.5,65610.0,5,1445,0,0.3
TX007078,retrait,7890.0,8.29,221110.0,5,949,0,2.6
TX007079,transfert,4430.0,10.01,100020.0,3,209,0,0.3
TX007080,transfert,9450.0,14.82,97000.0,4,1705,0,2.2
TX007081,paiement_marchand,5300.0,15.35,35340.0,4,1890,0,6.6
TX007082,transfert,15730.0,13.74,150350.0,6,1466,0,1.3
TX007083,transfert,4090.0,9.05,44680.0,3,320,0,4.8
TX007084,depot,50980.0,11.2,78160.0,5,2232,0,5.8
TX007085,transfert,3190.0,12.19,46870.0,4,1326,0,0.1
TX007086,transfert,4670.0,11.99,40410.0,5,2389,0,0.6
TX007087,transfert,3600.0,20.9,24410.0,1,2974,0,8.1
TX007088,transfert,5180.0,8.63,51440.0,4,2784,0,0.2
TX007089,retrait,6300.0,12.23,26810.0,5,2960,0,1.1
TX007090,depot,167710.0,12.35,431710.0,5,1467,0,0.2
TX007091,retrait,10780.0,12.82,29010.0,3,2146,0,1.4
TX007092,retrait,5360.0,9.52,55860.0,3,939,0,2.2
TX007093,transfert,9810.0,23.59,59650.0,4,871,0,0.1
TX007094,retrait,2220.0,13.73,23690.0,2,2243,0,1.9
TX007095,transfert,8730.0,16.53,38300.0,4,231,0,1.5
TX007096,transfert,15260.0,14.45,138910.0,6,2392,0,1.8
TX007097,retrait,21250.0,17.32,61800.0,2,2023,0,0.2
TX007098,transfert,10250.0,19.04,53230.0,6,2154,0,8.6
TX007099,transfert,3520.0,17.21,27690.0,2,652,0,5.5
TX007100,retrait,15380.0,15.59,234730.0,7,1380,0,0.5
TX007101,transfert,4720.0,16.97,71370.0,3,2466,0,7.3
TX007102,paiement_marchand,3450.0,16.45,38790.0,5,1808,0,8.6
TX007103,depot,9170.0,14.46,140040.0,2,555,0,4.8
TX007104,retrait,22550.0,19.32,110970.0,9,2019,0,8.4
TX007105,paiement_marchand,1300.0,21.04,71670.0,4,2619,0,0.6
TX007106,depot,8760.0,17.53,284150.0,3,1908,0,6.3
TX007107,depot,14650.0,12.27,32130.0,4,824,0,5.2
TX007108,depot,25760.0,9.4,82530.0,4,641,1,3.9
TX007109,paiement_marchand,1320.0,16.93,27490.0,4,1442,0,0.2
TX007110,transfert,3630.0,14.38,83060.0,3,169,0,0.6
TX007111,depot,25770.0,14.03,45850.0,7,838,0,9.1
TX007112,depot,11190.0,10.79,40890.0,3,2121,0,2.5
TX007113,retrait,6620.0,10.01,486910.0,5,2506,0,4.0
TX007114,transfert,5050.0,19.39,32530.0,4,1984,0,4.1
TX007115,depot,24820.0,16.47,80940.0,7,1662,0,6.6
TX007116,transfert,6730.0,18.35,52030.0,5,1862,0,1.2
TX007117,transfert,3630.0,19.96,53140.0,4,968,0,7.3
TX007118,retrait,5310.0,8.52,31120.0,5,2928,0,2.3
TX007119,transfert,11750.0,17.85,77610.0,6,2366,0,1.9
TX007120,retrait,26410.0,12.97,240070.0,3,554,0,9.7
TX007121,depot,10680.0,18.54,69210.0,3,2606,0,6.9
TX007122,transfert,4140.0,14.33,40390.0,6,2068,0,3.3
TX007123,paiement_marchand,5300.0,12.05,90980.0,2,1719,0,7.0
TX007124,transfert,5910.0,9.73,327900.0,2,1371,0,1.9
TX007125,transfert,9610.0,13.01,199250.0,4,993,0,0.5
TX007126,depot,12560.0,13.2,425140.0,3,1332,0,2.2
TX007127,paiement_marchand,760.0,10.34,135050.0,3,167,0,0.8
TX007128,transfert,17630.0,12.79,56420.0,4,1360,0,0.5
TX007129,depot,23430.0,8.18,54720.0,3,1703,0,11.2
TX007130,retrait,35620.0,15.94,148180.0,6,104,0,1.5
TX007131,transfert,3870.0,11.23,348210.0,4,776,1,5.0
TX007132,depot,7070.0,14.95,788960.0,3,879,0,5.5
TX007133,depot,12070.0,11.29,22080.0,3,2406,0,1.1
TX007134,depot,14800.0,22.53,80670.0,3,1072,0,5.0
TX007135,retrait,10730.0,13.38,47980.0,5,2371,0,0.6
TX007136,transfert,2890.0,11.29,148440.0,5,784,0,6.3
TX007137,transfert,1710.0,20.16,73760.0,3,2812,0,4.1
TX007138,paiement_marchand,3890.0,9.01,32430.0,3,2118,0,6.1
TX007139,retrait,9690.0,21.3,29050.0,6,2241,0,3.1
TX007140,transfert,9560.0,13.29,96150.0,5,599,0,0.7
TX007141,paiement_marchand,1420.0,11.98,44120.0,2,1994,0,9.2
TX007142,paiement_marchand,780.0,12.72,29020.0,4,153,0,0.9
TX007143,paiement_marchand,5450.0,20.09,17830.0,1,897,0,4.7
TX007144,depot,29370.0,12.45,142630.0,7,2546,0,7.9
TX007145,depot,43520.0,10.75,77290.0,7,156,0,1.4
TX007146,depot,29700.0,9.94,124960.0,6,1944,1,3.7
TX007147,transfert,13070.0,12.46,131070.0,5,1032,0,2.2
TX007148,transfert,25460.0,15.84,112780.0,4,2102,0,4.3
TX007149,depot,68660.0,19.54,135140.0,3,1485,0,2.1
TX007150,paiement_marchand,890.0,20.55,51380.0,5,2912,0,13.5
TX007151,retrait,7260.0,9.0,36190.0,3,460,0,1.5
TX007152,transfert,9980.0,18.49,398330.0,4,590,0,3.4
TX007153,paiement_marchand,1690.0,15.42,59110.0,2,2030,0,3.6
TX007154,paiement_marchand,1420.0,15.32,6520.0,5,53,0,2.5
TX007155,paiement_marchand,2210.0,8.98,40620.0,5,1633,0,0.3
TX007156,depot,18850.0,16.0,62190.0,4,1485,0,9.1
TX007157,transfert,18890.0,13.5,32030.0,6,2988,0,6.4
TX007158,retrait,3150.0,16.96,629670.0,5,2136,0,0.5
TX007159,transfert,11290.0,15.37,98510.0,4,1235,0,2.4
TX007160,transfert,3920.0,17.44,189030.0,6,2422,0,1.4
TX007161,paiement_marchand,1220.0,14.19,32390.0,7,2419,0,2.8
TX007162,transfert,26240.0,13.46,128150.0,8,1711,0,3.2
TX007163,retrait,18170.0,11.12,76180.0,5,887,0,11.1
TX007164,depot,27690.0,12.63,173300.0,7,59,0,0.1
TX007165,retrait,28020.0,18.95,74830.0,3,1970,0,0.2
TX007166,transfert,6290.0,13.61,55230.0,3,1272,0,1.0
TX007167,paiement_marchand,4190.0,11.73,52430.0,9,1771,0,3.5
TX007168,transfert,6760.0,16.62,279030.0,1,2558,0,2.3
TX007169,paiement_marchand,14080.0,18.61,312910.0,5,1987,0,1.4
TX007170,depot,82910.0,9.04,114550.0,5,132,0,4.5
TX007171,retrait,8940.0,16.47,564440.0,2,1626,0,10.3
TX007172,transfert,50870.0,13.26,82220.0,3,2600,0,16.0
TX007173,transfert,7010.0,17.44,72810.0,7,966,0,0.3
TX007174,paiement_marchand,7000.0,17.44,96580.0,5,1058,0,3.8
TX007175,paiement_marchand,1850.0,11.63,46040.0,4,1899,0,0.7
TX007176,transfert,4870.0,19.05,244740.0,2,2555,0,0.5
TX007177,retrait,14970.0,16.54,31800.0,3,2451,1,12.6
TX007178,paiement_marchand,1590.0,18.62,66100.0,5,2012,0,5.7
TX007179,transfert,8190.0,11.41,66770.0,3,2294,0,3.2
TX007180,retrait,7000.0,10.03,83270.0,4,1524,0,7.1
TX007181,retrait,19260.0,19.74,78770.0,4,1767,1,2.3
TX007182,retrait,13060.0,12.73,299670.0,4,1289,0,9.4
TX007183,retrait,16070.0,6.82,43720.0,4,1499,0,0.2
TX007184,transfert,3510.0,14.22,21040.0,6,2581,0,0.3
TX007185,depot,5810.0,17.16,193560.0,3,2707,0,2.6
TX007186,transfert,14570.0,12.44,53980.0,5,1429,0,1.1
TX007187,retrait,5250.0,16.18,65540.0,3,1105,0,1.9
TX007188,retrait,46290.0,19.54,264670.0,1,1299,0,17.2
TX007189,retrait,23430.0,5.79,38900.0,3,2827,0,0.6
TX007190,paiement_marchand,1260.0,12.55,63710.0,2,644,0,3.5
TX007191,retrait,39010.0,11.93,96020.0,4,1920,0,3.7
TX007192,paiement_marchand,1920.0,12.88,179560.0,4,637,0,3.9
TX007193,transfert,14080.0,12.84,52780.0,2,1860,0,0.5
TX007194,depot,29870.0,15.52,50050.0,5,2268,0,4.6
TX007195,retrait,32450.0,12.63,279650.0,2,304,0,7.8
TX007196,depot,27320.0,12.88,239100.0,6,2510,0,4.3
TX007197,paiement_marchand,3070.0,15.21,66840.0,3,2567,0,1.4
TX007198,depot,7280.0,8.25,77440.0,7,2130,0,1.2
TX007199,paiement_marchand,1570.0,10.91,18920.0,4,1455,0,1.3
TX007200,retrait,12730.0,17.08,29460.0,4,534,0,0.7
TX007201,depot,13020.0,19.13,100790.0,2,2552,0,0.2
TX007202,depot,9230.0,8.41,36540.0,5,1598,0,2.1
TX007203,transfert,14750.0,12.37,95770.0,2,768,0,2.6
TX007204,depot,20840.0,14.82,228560.0,4,1502,0,0.0
TX007205,transfert,7200.0,12.74,36100.0,4,266,0,2.3
TX007206,retrait,32400.0,9.04,116580.0,4,2433,0,1.3
TX007207,retrait,18930.0,15.63,178150.0,6,1616,0,2.8
TX007208,retrait,3410.0,5.85,25380.0,5,990,0,11.0
TX007209,transfert,7780.0,7.87,45820.0,1,112,0,2.0
TX007210,retrait,12760.0,15.13,66500.0,6,1274,0,0.4
TX007211,transfert,2630.0,18.0,22840.0,4,2883,0,14.0
TX007212,depot,29140.0,17.11,36990.0,4,1586,0,2.0
TX007213,retrait,37500.0,9.33,72100.0,3,626,0,0.6
TX007214,depot,8730.0,14.16,47850.0,3,204,0,0.7
TX007215,retrait,7570.0,10.6,65130.0,4,1223,0,2.6
TX007216,transfert,10820.0,12.96,348760.0,7,1573,0,2.9
TX007217,depot,12900.0,14.83,46500.0,4,2501,0,12.6
TX007218,transfert,8160.0,6.4,93700.0,3,1473,0,1.4
TX007219,paiement_marchand,960.0,16.65,77080.0,5,1690,0,4.4
TX007220,transfert,11230.0,12.21,80480.0,3,2000,0,5.5
TX007221,retrait,3530.0,12.8,33380.0,6,267,0,0.5
TX007222,transfert,62840.0,18.77,172320.0,3,2874,0,1.5
TX007223,transfert,15390.0,13.43,40850.0,2,1523,0,4.4
TX007224,transfert,15920.0,16.55,257640.0,6,84,0,3.0
TX007225,depot,59120.0,13.01,88870.0,6,2803,0,10.3
TX007226,transfert,6630.0,18.67,870320.0,4,116,0,3.6
TX007227,depot,5360.0,16.76,78800.0,3,2970,0,1.1
TX007228,depot,5860.0,11.87,57800.0,5,2911,0,8.5
TX007229,depot,39020.0,11.89,107890.0,2,625,0,0.1
TX007230,retrait,7700.0,19.16,42170.0,8,255,0,1.9
TX007231,transfert,18700.0,19.2,19110.0,49,3,0,0.6
TX007232,retrait,6760.0,9.29,89620.0,5,923,0,5.6
TX007233,retrait,27410.0,12.48,44380.0,10,2809,0,1.1
TX007234,retrait,7460.0,11.3,16470.0,2,2449,1,2.9
TX007235,transfert,24060.0,12.11,34560.0,46,11,1,5.5
TX007236,depot,10140.0,15.18,112880.0,7,1162,0,0.6
TX007237,retrait,5820.0,17.09,79150.0,7,997,0,0.8
TX007238,retrait,24690.0,17.55,46210.0,7,2728,0,0.8
TX007239,retrait,3940.0,11.29,174170.0,7,749,1,0.7
TX007240,paiement_marchand,6610.0,15.09,309040.0,4,936,0,0.4
TX007241,paiement_marchand,810.0,8.3,167070.0,4,1487,0,5.7
TX007242,paiement_marchand,1870.0,20.65,46910.0,7,733,0,7.7
TX007243,paiement_marchand,2500.0,20.65,30690.0,3,2008,0,3.2
TX007244,retrait,50420.0,10.11,75840.0,4,2433,0,1.6
TX007245,paiement_marchand,11910.0,13.1,110830.0,3,1311,0,0.1
TX007246,paiement_marchand,7810.0,11.38,27400.0,5,331,0,3.5
TX007247,paiement_marchand,24430.0,14.14,208670.0,4,548,0,1.6
TX007248,transfert,11330.0,15.9,33140.0,4,191,0,0.4
TX007249,transfert,14660.0,11.93,112780.0,5,2788,0,10.2
TX007250,depot,44800.0,6.03,72740.0,6,2132,0,1.2
TX007251,retrait,5340.0,8.48,492150.0,2,1109,0,1.4
TX007252,depot,15700.0,15.37,54010.0,5,2394,0,0.6
TX007253,retrait,29390.0,17.46,373270.0,6,2952,0,1.1
TX007254,transfert,6490.0,22.92,12800.0,3,1190,0,2.7
TX007255,transfert,23010.0,18.15,23760.0,59,7,0,0.2
TX007256,paiement_marchand,1640.0,16.91,32060.0,4,1672,0,1.8
TX007257,transfert,5740.0,10.42,55320.0,5,2202,0,0.5
TX007258,retrait,24590.0,18.66,105230.0,4,2778,0,12.8
TX007259,depot,24590.0,9.92,85460.0,1,1090,0,0.7
TX007260,retrait,11230.0,5.56,28420.0,3,2178,0,8.3
TX007261,retrait,25250.0,12.22,34920.0,7,2500,0,0.2
TX007262,depot,38200.0,15.76,285360.0,3,511,0,14.6
TX007263,paiement_marchand,8210.0,13.98,86860.0,9,2352,0,0.5
TX007264,retrait,7120.0,16.99,23830.0,8,1194,0,12.1
TX007265,depot,4310.0,23.99,45760.0,7,604,0,7.8
TX007266,paiement_marchand,4150.0,20.18,85680.0,8,2837,0,1.8
TX007267,retrait,35800.0,13.25,55760.0,4,41,0,2.6
TX007268,paiement_marchand,3210.0,17.57,27700.0,5,359,0,1.0
TX007269,depot,9070.0,16.24,53200.0,4,2567,0,5.5
TX007270,transfert,11680.0,15.95,140540.0,3,2482,0,1.8
TX007271,retrait,8180.0,12.88,133070.0,5,1982,0,3.6
TX007272,depot,11470.0,17.63,48970.0,1,1275,0,0.6
TX007273,depot,7510.0,14.48,81600.0,3,947,0,0.1
TX007274,paiement_marchand,3780.0,17.26,33080.0,6,639,0,2.0
TX007275,depot,52340.0,8.42,66340.0,4,2961,0,2.8
TX007276,depot,15010.0,18.77,288860.0,3,1981,0,0.3
TX007277,transfert,3260.0,11.4,45940.0,4,976,0,5.9
TX007278,retrait,5560.0,12.56,349980.0,3,1030,0,0.5
TX007279,paiement_marchand,1020.0,15.7,96870.0,3,1505,0,0.6
TX007280,transfert,5030.0,10.83,403090.0,3,1222,0,10.0
TX007281,retrait,9630.0,11.75,66790.0,4,1293,0,4.6
TX007282,transfert,2990.0,7.06,39860.0,6,869,0,1.1
TX007283,transfert,17680.0,16.95,162330.0,1,821,0,5.6
TX007284,transfert,11600.0,15.1,742430.0,2,1941,1,0.1
TX007285,transfert,16690.0,18.03,282180.0,1,887,0,4.0
TX007286,transfert,14430.0,13.28,69160.0,7,1314,0,6.0
TX007287,depot,19970.0,6.37,137680.0,4,1528,0,6.9
TX007288,paiement_marchand,2450.0,16.3,213470.0,5,835,0,1.2
TX007289,transfert,11350.0,13.39,11910.0,41,5,0,2.6
TX007290,depot,8810.0,11.73,56180.0,3,2137,0,3.8
TX007291,retrait,103310.0,2.89,113940.0,2,1210,1,348.8
TX007292,paiement_marchand,4200.0,12.1,97020.0,6,975,0,7.6
TX007293,paiement_marchand,2500.0,17.82,246640.0,3,509,0,5.2
TX007294,retrait,7470.0,4.5,46760.0,5,1243,0,4.5
TX007295,retrait,15010.0,14.73,242730.0,3,2273,0,14.9
TX007296,paiement_marchand,3990.0,13.36,38290.0,6,2134,0,3.5
TX007297,paiement_marchand,1000.0,14.45,29220.0,5,264,0,3.9
TX007298,transfert,21660.0,14.23,138490.0,1,294,0,0.7
TX007299,paiement_marchand,1310.0,11.01,33310.0,4,534,0,6.5
TX007300,depot,33420.0,10.98,46390.0,4,1200,0,0.4
TX007301,transfert,4570.0,20.5,62390.0,5,538,0,5.0
TX007302,transfert,1010.0,11.01,73700.0,6,900,0,0.0
TX007303,paiement_marchand,3420.0,17.4,57620.0,3,1725,0,0.8
TX007304,paiement_marchand,8790.0,14.54,174480.0,2,1255,0,2.7
TX007305,transfert,11900.0,23.21,34080.0,7,2350,0,1.7
TX007306,transfert,12560.0,20.82,811770.0,3,571,0,3.3
TX007307,transfert,11100.0,10.32,55600.0,2,1837,0,3.8
TX007308,retrait,6890.0,12.01,45530.0,4,415,0,3.1
TX007309,depot,17050.0,8.96,87500.0,5,179,0,1.2
TX007310,retrait,20210.0,19.64,329610.0,5,2160,0,0.3
TX007311,paiement_marchand,660.0,15.75,40330.0,1,1236,0,1.8
TX007312,paiement_marchand,2540.0,13.71,109020.0,1,1759,0,7.7
TX007313,transfert,5480.0,18.53,280480.0,2,640,0,5.2
TX007314,transfert,21010.0,18.04,26700.0,54,2,1,4.3
TX007315,depot,67730.0,19.05,273880.0,2,1626,0,2.6
TX007316,transfert,8180.0,11.38,40550.0,5,554,0,3.7
TX007317,depot,15290.0,6.92,45640.0,2,1749,0,3.7
TX007318,transfert,3490.0,9.26,29750.0,2,2081,1,0.9
TX007319,depot,11640.0,13.79,122540.0,3,2517,0,1.5
TX007320,transfert,4280.0,17.57,146650.0,5,2530,0,0.4
TX007321,transfert,2800.0,14.91,432000.0,2,1788,0,1.4
TX007322,depot,26250.0,19.35,32030.0,5,1982,0,0.4
TX007323,transfert,1930.0,15.23,5750.0,9,607,0,5.7
TX007324,depot,18610.0,20.58,90340.0,2,1426,1,0.9
TX007325,transfert,6030.0,16.0,34420.0,5,1984,0,0.9
TX007326,transfert,14880.0,9.6,134370.0,5,2971,0,2.4
TX007327,paiement_marchand,2160.0,17.63,14130.0,2,2270,0,0.7
TX007328,transfert,14690.0,15.4,19310.0,51,5,0,0.6
TX007329,transfert,5990.0,11.73,69150.0,3,426,0,14.4
TX007330,transfert,10040.0,9.41,68040.0,3,58,0,0.5
TX007331,transfert,3850.0,18.11,190620.0,5,1821,0,0.2
TX007332,transfert,14790.0,7.57,65780.0,3,1846,0,5.5
TX007333,paiement_marchand,3860.0,6.61,38430.0,4,2060,0,1.5
TX007334,retrait,11190.0,9.13,137700.0,4,833,0,0.0
TX007335,depot,84400.0,16.34,911400.0,5,1630,0,2.5
TX007336,transfert,3910.0,14.94,17900.0,9,1106,0,2.7
TX007337,transfert,11010.0,14.96,61710.0,4,619,0,3.2
TX007338,depot,27820.0,10.95,356530.0,4,1410,0,3.0
TX007339,transfert,28620.0,11.06,112060.0,5,486,0,1.2
TX007340,paiement_marchand,2350.0,13.12,22060.0,7,1362,0,9.9
TX007341,retrait,36380.0,12.36,44510.0,6,2826,0,0.0
TX007342,depot,24970.0,16.22,137790.0,5,1008,0,0.9
TX007343,transfert,20240.0,11.57,40590.0,5,1655,0,6.8
TX007344,paiement_marchand,2440.0,9.36,113930.0,3,91,0,1.8
TX007345,transfert,11180.0,7.35,93650.0,6,2478,0,0.4
TX007346,depot,11970.0,12.34,133630.0,5,2928,0,8.5
TX007347,retrait,57440.0,8.75,104410.0,5,2416,0,10.5
TX007348,transfert,15540.0,12.62,22860.0,3,2064,0,6.3
TX007349,transfert,4680.0,11.4,124790.0,5,828,0,0.1
TX007350,transfert,18170.0,15.35,32920.0,2,2942,0,6.2
TX007351,transfert,22550.0,13.5,55890.0,2,129,0,1.4
TX007352,transfert,23070.0,18.79,384130.0,3,2225,0,4.1
TX007353,transfert,2140.0,10.26,57620.0,2,2317,0,4.8
TX007354,depot,10020.0,11.35,33400.0,5,608,0,3.4
TX007355,retrait,24510.0,14.65,91480.0,6,1636,0,11.4
TX007356,transfert,8660.0,8.7,84870.0,4,2423,1,3.8
TX007357,transfert,7240.0,14.26,186930.0,4,1085,0,4.1
TX007358,depot,16640.0,16.09,350230.0,5,2423,0,3.7
TX007359,paiement_marchand,5420.0,13.03,33470.0,3,977,0,0.1
TX007360,depot,16200.0,12.85,59060.0,4,1728,0,2.7
TX007361,retrait,8140.0,17.24,74330.0,2,2454,0,1.5
TX007362,transfert,4550.0,10.54,109510.0,3,2040,0,7.5
TX007363,retrait,8830.0,11.55,30420.0,6,296,0,1.5
TX007364,paiement_marchand,2580.0,22.29,30450.0,4,1654,0,0.9
TX007365,retrait,20120.0,13.42,432080.0,4,2607,0,1.5
TX007366,paiement_marchand,2720.0,12.04,109130.0,6,2694,0,0.6
TX007367,transfert,22190.0,15.86,30500.0,6,927,0,4.2
TX007368,depot,12780.0,13.72,101660.0,3,1282,0,1.0
TX007369,retrait,4590.0,10.72,65540.0,3,962,0,2.7
TX007370,transfert,11460.0,10.86,57080.0,3,312,0,4.6
TX007371,retrait,18610.0,12.96,47000.0,3,2649,0,0.4
TX007372,transfert,9410.0,23.99,32660.0,3,1263,0,0.2
TX007373,paiement_marchand,9380.0,19.67,170150.0,5,1639,0,0.6
TX007374,transfert,11370.0,12.66,487270.0,4,136,0,0.4
TX007375,transfert,8940.0,11.93,85290.0,3,1258,0,3.5
TX007376,transfert,8150.0,13.08,42720.0,4,1943,0,1.6
TX007377,transfert,32640.0,12.61,217460.0,3,1479,0,3.0
TX007378,paiement_marchand,3290.0,14.28,80800.0,4,2254,0,3.8
TX007379,retrait,16330.0,14.26,27140.0,4,1149,0,1.0
TX007380,paiement_marchand,2190.0,13.21,187260.0,5,1273,0,5.3
TX007381,transfert,15550.0,8.31,34640.0,4,1724,0,5.8
TX007382,paiement_marchand,2570.0,11.11,425360.0,3,2471,0,2.5
TX007383,paiement_marchand,4000.0,18.97,95950.0,2,395,0,11.6
TX007384,transfert,9140.0,11.71,167190.0,5,910,0,1.2
TX007385,transfert,2950.0,13.43,71560.0,4,2359,0,8.0
TX007386,depot,17680.0,18.33,168640.0,2,2841,0,2.5
TX007387,retrait,8660.0,16.51,81060.0,6,1016,0,17.9
TX007388,transfert,6880.0,21.52,151490.0,4,1228,0,2.7
TX007389,depot,28150.0,19.52,115830.0,8,287,0,1.9
TX007390,depot,15190.0,12.4,44080.0,2,1676,0,2.9
TX007391,depot,15000.0,10.84,83340.0,4,412,0,5.2
TX007392,retrait,100760.0,3.03,109610.0,2,1697,1,349.5
TX007393,retrait,4080.0,10.81,52870.0,4,2053,0,3.2
TX007394,transfert,6610.0,15.88,120020.0,5,2708,0,3.9
TX007395,paiement_marchand,2880.0,11.18,122060.0,3,177,0,10.5
TX007396,paiement_marchand,2470.0,18.75,11550.0,7,2979,0,7.7
TX007397,transfert,9200.0,16.97,64450.0,3,457,0,13.3
TX007398,paiement_marchand,1740.0,9.01,148500.0,2,1822,0,5.8
TX007399,transfert,8240.0,14.61,68820.0,2,1698,0,1.4
TX007400,transfert,3750.0,12.14,120720.0,4,408,0,1.9
TX007401,retrait,3940.0,14.88,15900.0,6,1594,0,0.4
TX007402,depot,27210.0,11.32,44130.0,4,2391,0,5.5
TX007403,retrait,18880.0,15.43,33200.0,6,1570,0,2.5
TX007404,depot,9530.0,9.67,182930.0,3,2234,0,9.8
TX007405,depot,11340.0,8.26,59590.0,6,302,0,10.1
TX007406,transfert,3550.0,10.69,104090.0,4,2256,0,2.8
TX007407,transfert,8860.0,12.25,104060.0,2,1818,0,5.8
TX007408,transfert,7130.0,15.59,60660.0,4,1347,0,3.4
TX007409,depot,7890.0,10.08,86450.0,6,2992,0,0.7
TX007410,depot,31420.0,12.64,50540.0,3,2235,0,2.8
TX007411,transfert,38140.0,17.38,69800.0,3,2344,0,3.0
TX007412,transfert,9620.0,12.33,85590.0,2,1451,0,6.5
TX007413,retrait,28720.0,0.94,1205340.0,4,1706,0,4.2
TX007414,transfert,16390.0,18.49,93000.0,3,1393,0,7.4
TX007415,depot,14590.0,10.52,34370.0,4,1756,0,2.8
TX007416,transfert,7820.0,18.91,22590.0,8,1247,0,7.5
TX007417,transfert,4580.0,5.91,20270.0,5,2155,0,5.6
TX007418,paiement_marchand,5580.0,13.86,65520.0,3,1235,0,2.7
TX007419,transfert,2590.0,13.62,17730.0,2,2178,0,0.2
TX007420,transfert,2070.0,10.17,133040.0,4,1650,0,8.7
TX007421,depot,9740.0,15.79,31860.0,3,1625,0,2.5
TX007422,depot,9130.0,7.94,170320.0,5,666,0,2.3
TX007423,transfert,4220.0,14.41,125580.0,2,1956,0,1.8
TX007424,paiement_marchand,2580.0,11.4,76920.0,2,1970,0,3.4
TX007425,depot,29420.0,17.44,223090.0,8,2642,0,4.2
TX007426,retrait,15180.0,13.64,82910.0,6,2643,0,7.6
TX007427,depot,10980.0,14.07,37950.0,3,1311,0,1.5
TX007428,depot,3210.0,10.47,69830.0,5,615,0,1.0
TX007429,depot,13360.0,12.81,308410.0,4,1445,0,11.5
TX007430,depot,18750.0,14.26,80880.0,3,946,0,3.2
TX007431,retrait,37440.0,12.85,96240.0,5,1849,0,1.3
TX007432,paiement_marchand,10540.0,18.8,23220.0,5,51,0,0.3
TX007433,depot,26880.0,13.51,102930.0,3,2947,0,7.4
TX007434,transfert,14490.0,17.01,44070.0,4,1106,0,1.3
TX007435,transfert,21190.0,7.59,119930.0,4,326,0,5.7
TX007436,transfert,3700.0,9.74,72370.0,3,2935,0,1.0
TX007437,transfert,4610.0,7.36,173130.0,6,621,0,1.5
TX007438,depot,9720.0,13.44,144400.0,3,2914,0,6.3
TX007439,retrait,21650.0,8.97,55500.0,8,2476,0,0.7
TX007440,paiement_marchand,4750.0,11.95,33110.0,4,1809,0,4.0
TX007441,transfert,21600.0,16.13,44890.0,1,2958,0,10.4
TX007442,transfert,5240.0,12.79,55030.0,4,2115,0,10.2
TX007443,retrait,22750.0,23.31,81660.0,2,1426,0,2.2
TX007444,transfert,12680.0,18.92,23740.0,4,1426,0,4.3
TX007445,transfert,17060.0,4.38,42020.0,4,430,0,0.6
TX007446,transfert,9590.0,10.35,185240.0,3,2604,0,1.8
TX007447,transfert,7910.0,17.51,56800.0,3,2615,0,3.2
TX007448,retrait,14920.0,5.83,23160.0,3,88,0,0.5
TX007449,depot,13490.0,11.57,65560.0,2,2739,0,3.4
TX007450,transfert,7570.0,18.05,45680.0,6,2508,0,1.5
TX007451,depot,17200.0,12.28,190130.0,2,1907,0,1.6
TX007452,paiement_marchand,940.0,11.44,436380.0,6,1413,0,0.1
TX007453,transfert,2590.0,15.72,83710.0,2,1087,0,2.3
TX007454,transfert,15710.0,13.5,98970.0,3,636,0,5.7
TX007455,transfert,23350.0,18.91,154140.0,2,2894,1,1.2
TX007456,retrait,10640.0,12.19,20400.0,3,2889,0,3.7
TX007457,retrait,24760.0,16.34,121850.0,3,1078,0,2.0
TX007458,depot,33560.0,6.63,89910.0,3,487,1,2.3
TX007459,depot,46680.0,15.79,85770.0,2,2528,0,0.3
TX007460,transfert,6820.0,13.61,107060.0,3,1398,0,0.4
TX007461,depot,32700.0,10.92,163300.0,3,1943,0,5.5
TX007462,paiement_marchand,4540.0,15.64,121540.0,4,2308,0,1.3
TX007463,paiement_marchand,690.0,15.78,135250.0,5,1105,0,4.8
TX007464,transfert,53900.0,10.01,95820.0,2,1453,0,4.7
TX007465,depot,13110.0,10.92,390170.0,10,1326,0,3.5
TX007466,depot,15380.0,19.39,100430.0,2,910,0,4.0
TX007467,retrait,39390.0,14.16,70010.0,6,1718,0,5.2
TX007468,retrait,16530.0,9.57,71620.0,3,797,0,1.2
TX007469,depot,14600.0,17.71,51070.0,3,1402,0,5.1
TX007470,paiement_marchand,2510.0,8.03,227390.0,5,1941,0,2.9
TX007471,retrait,4930.0,13.14,45700.0,7,2178,0,0.8
TX007472,depot,13030.0,13.59,21630.0,3,1670,0,1.6
TX007473,transfert,11960.0,13.38,97220.0,2,2819,0,1.0
TX007474,depot,18890.0,12.43,43810.0,5,531,0,2.2
TX007475,retrait,28660.0,16.92,67550.0,4,2975,0,5.5
TX007476,transfert,10640.0,15.5,29290.0,2,225,0,1.0
TX007477,depot,7850.0,8.3,337350.0,2,1783,0,11.0
TX007478,depot,34550.0,10.77,421330.0,5,355,0,4.2
TX007479,transfert,9770.0,10.99,29190.0,4,305,0,3.2
TX007480,depot,13330.0,11.08,125190.0,4,372,0,1.3
TX007481,transfert,9920.0,16.64,208800.0,5,2127,0,0.5
TX007482,transfert,31250.0,13.31,150810.0,4,2727,0,1.6
TX007483,depot,18930.0,17.36,72600.0,5,2076,0,9.9
TX007484,transfert,11760.0,19.16,106080.0,4,858,0,10.0
TX007485,paiement_marchand,4180.0,15.01,60490.0,6,2883,0,7.8
TX007486,transfert,15900.0,18.0,47320.0,5,2230,0,1.4
TX007487,paiement_marchand,5230.0,16.59,71250.0,2,890,0,1.9
TX007488,depot,14610.0,17.73,52480.0,8,1672,0,5.2
TX007489,depot,14920.0,15.45,50490.0,6,2330,0,14.1
TX007490,transfert,5700.0,19.39,61330.0,1,431,0,0.0
TX007491,depot,30330.0,9.95,187560.0,3,707,0,1.7
TX007492,paiement_marchand,760.0,8.3,35560.0,2,1954,0,3.0
TX007493,paiement_marchand,8950.0,8.01,299400.0,5,301,0,9.5
TX007494,depot,20040.0,11.6,32040.0,3,330,0,0.0
TX007495,transfert,2420.0,17.97,25980.0,2,1755,0,4.9
TX007496,transfert,14420.0,11.87,83120.0,6,868,0,3.2
TX007497,transfert,11570.0,11.31,38490.0,8,77,0,0.8
TX007498,depot,5250.0,17.66,80810.0,2,2004,0,3.3
TX007499,retrait,19220.0,22.31,49810.0,3,2841,1,12.7
TX007500,depot,7690.0,15.46,58720.0,5,1429,0,1.6
TX007501,transfert,27320.0,8.04,191900.0,2,138,0,2.0
TX007502,retrait,8720.0,8.07,99160.0,5,2381,0,5.9
TX007503,transfert,4100.0,17.74,38970.0,7,2160,0,8.4
TX007504,retrait,19730.0,9.66,60950.0,4,2135,0,1.0
TX007505,retrait,17050.0,19.65,76030.0,7,1993,0,17.0
TX007506,retrait,2120.0,8.72,19450.0,3,647,1,13.2
TX007507,depot,14010.0,3.71,33020.0,5,1118,0,12.3
TX007508,paiement_marchand,830.0,9.01,39790.0,5,2325,0,0.3
TX007509,paiement_marchand,1510.0,10.43,120670.0,5,2580,0,0.2
TX007510,transfert,19110.0,14.64,224230.0,5,1989,0,10.5
TX007511,retrait,14150.0,15.11,22540.0,3,1158,0,0.8
TX007512,retrait,29150.0,10.14,96750.0,6,1330,0,4.4
TX007513,depot,18630.0,17.63,80480.0,5,349,0,6.0
TX007514,depot,20550.0,7.4,113830.0,2,950,0,0.4
TX007515,retrait,8800.0,13.92,45720.0,3,1662,0,2.2
TX007516,transfert,9220.0,12.66,99160.0,7,1342,0,7.0
TX007517,paiement_marchand,3620.0,17.38,48170.0,1,1331,0,7.5
TX007518,transfert,5990.0,7.18,46060.0,7,1086,0,12.3
TX007519,depot,23880.0,7.63,50120.0,3,2413,0,1.3
TX007520,retrait,16100.0,6.53,50860.0,3,701,1,8.2
TX007521,paiement_marchand,1280.0,14.05,376800.0,5,1375,0,8.5
TX007522,depot,3040.0,14.5,65240.0,6,2630,0,12.7
TX007523,depot,13550.0,15.86,180820.0,9,557,0,0.5
TX007524,depot,25810.0,14.54,45060.0,6,1899,0,8.9
TX007525,retrait,9060.0,12.93,27740.0,4,2581,0,5.1
TX007526,retrait,4690.0,20.56,44480.0,6,378,0,1.1
TX007527,transfert,5720.0,17.83,39510.0,5,1001,0,3.6
TX007528,transfert,4540.0,16.98,156470.0,1,2527,0,2.1
TX007529,depot,30030.0,11.58,135420.0,3,2221,0,0.4
TX007530,retrait,8470.0,6.37,30550.0,5,1362,0,16.0
TX007531,transfert,5650.0,12.99,68980.0,6,2159,0,7.6
TX007532,depot,18020.0,10.98,56350.0,2,1047,0,6.0
TX007533,depot,10550.0,16.05,61920.0,5,182,0,0.7
TX007534,paiement_marchand,1830.0,19.75,52610.0,4,1982,0,8.2
TX007535,depot,20140.0,7.7,36260.0,6,1512,0,0.1
TX007536,transfert,23000.0,8.49,59950.0,4,1050,0,0.3
TX007537,paiement_marchand,2750.0,13.68,131010.0,3,320,1,5.6
TX007538,transfert,6870.0,19.16,92230.0,3,588,0,1.6
TX007539,transfert,5270.0,18.24,33610.0,9,2428,0,3.2
TX007540,depot,26750.0,21.78,112130.0,4,704,0,8.6
TX007541,transfert,4800.0,9.58,539650.0,2,1113,0,0.3
TX007542,transfert,9540.0,11.99,164330.0,2,2266,0,2.1
TX007543,retrait,8730.0,15.95,45900.0,3,2393,0,2.6
TX007544,retrait,4650.0,15.15,111370.0,3,2472,0,5.1
TX007545,transfert,5630.0,11.44,42120.0,5,1471,0,0.1
TX007546,paiement_marchand,6730.0,11.02,11760.0,6,929,0,0.4
TX007547,retrait,29420.0,15.28,59190.0,4,1699,0,5.9
TX007548,transfert,13520.0,14.25,80140.0,6,152,0,6.5
TX007549,transfert,9420.0,3.49,144850.0,5,1574,0,7.4
TX007550,transfert,9050.0,11.5,19870.0,6,162,0,10.7
TX007551,retrait,27560.0,12.37,56030.0,4,1050,0,2.8
TX007552,transfert,26690.0,9.9,49530.0,2,1926,0,1.5
TX007553,depot,8680.0,12.57,99680.0,6,2423,0,3.3
TX007554,paiement_marchand,1590.0,19.83,20340.0,7,211,0,5.1
TX007555,retrait,16190.0,13.46,47150.0,4,2091,0,1.0
TX007556,paiement_marchand,2570.0,14.96,176230.0,5,2998,0,8.3
TX007557,transfert,7470.0,11.71,127430.0,3,1753,0,1.4
TX007558,paiement_marchand,2140.0,8.48,30830.0,1,199,0,3.4
TX007559,retrait,13850.0,19.23,226930.0,4,1849,0,5.1
TX007560,paiement_marchand,6180.0,15.0,12980.0,3,2102,0,0.6
TX007561,paiement_marchand,5490.0,13.22,90800.0,4,61,0,2.2
TX007562,retrait,21930.0,7.74,81430.0,3,535,0,4.9
TX007563,retrait,13360.0,11.96,67020.0,5,2490,0,0.8
TX007564,transfert,6370.0,11.7,66080.0,7,1495,0,5.2
TX007565,transfert,10620.0,15.22,35750.0,3,677,0,7.7
TX007566,depot,51110.0,11.17,480660.0,3,2568,0,0.7
TX007567,transfert,11030.0,13.57,50790.0,3,1500,0,0.3
TX007568,retrait,28240.0,19.1,130660.0,4,661,0,5.9
TX007569,transfert,4440.0,20.83,79960.0,4,453,0,0.3
TX007570,paiement_marchand,2590.0,11.15,46270.0,1,38,0,4.9
TX007571,paiement_marchand,710.0,11.32,44100.0,5,2070,0,5.3
TX007572,transfert,8760.0,16.82,57040.0,3,2652,0,0.8
TX007573,retrait,3200.0,13.4,27080.0,2,1592,0,1.1
TX007574,depot,12320.0,13.21,35100.0,4,2167,0,1.0
TX007575,transfert,6130.0,14.1,37810.0,3,1596,0,11.3
TX007576,retrait,5170.0,13.68,119040.0,1,2881,0,4.3
TX007577,retrait,7090.0,16.1,287780.0,4,1844,0,12.9
TX007578,paiement_marchand,3720.0,20.05,65060.0,5,242,1,3.9
TX007579,retrait,7470.0,18.81,149900.0,5,64,0,3.0
TX007580,depot,4000.0,14.44,176080.0,2,46,0,2.5
TX007581,retrait,31570.0,10.63,209000.0,1,2456,0,0.2
TX007582,transfert,7620.0,9.84,26980.0,5,859,0,1.0
TX007583,retrait,6370.0,16.59,15770.0,6,1972,0,5.4
TX007584,retrait,4720.0,17.29,164020.0,6,722,0,1.4
TX007585,retrait,15520.0,17.29,76950.0,2,172,0,3.0
TX007586,paiement_marchand,3160.0,14.04,68150.0,5,2968,0,2.9
TX007587,depot,8970.0,15.05,56360.0,3,2786,0,7.0
TX007588,transfert,5780.0,9.76,28880.0,3,247,0,0.3
TX007589,transfert,7050.0,16.03,30300.0,3,2376,0,6.2
TX007590,transfert,30720.0,11.25,52970.0,6,1632,0,2.9
TX007591,paiement_marchand,4000.0,15.06,12760.0,2,1336,0,2.1
TX007592,retrait,8280.0,6.69,55270.0,4,1579,0,1.0
TX007593,transfert,12540.0,18.87,34740.0,4,2326,1,7.2
TX007594,transfert,3490.0,18.3,72660.0,3,1694,0,0.1
TX007595,transfert,7080.0,15.68,62430.0,3,832,0,0.3
TX007596,paiement_marchand,4710.0,14.99,725070.0,7,2233,0,0.4
TX007597,depot,1750.0,12.99,41660.0,2,2191,0,6.4
TX007598,transfert,29880.0,7.86,40650.0,3,1235,0,1.3
TX007599,retrait,11200.0,15.33,23910.0,3,1028,0,3.7
TX007600,depot,28280.0,11.57,382850.0,2,2893,0,0.2
TX007601,depot,12290.0,14.78,74820.0,2,1478,0,16.0
TX007602,paiement_marchand,2210.0,10.12,168650.0,5,2453,0,0.9
TX007603,paiement_marchand,1530.0,19.31,85620.0,5,143,0,7.8
TX007604,transfert,9210.0,19.67,132140.0,4,1216,0,6.7
TX007605,depot,7720.0,12.43,644650.0,5,1083,0,0.0
TX007606,paiement_marchand,5230.0,13.37,50820.0,6,195,0,24.9
TX007607,transfert,18430.0,16.08,39310.0,3,418,0,0.7
TX007608,transfert,17680.0,8.3,56890.0,3,850,0,9.8
TX007609,retrait,4340.0,11.66,77540.0,4,2578,0,1.1
TX007610,paiement_marchand,9550.0,11.3,61870.0,1,2664,0,10.7
TX007611,depot,2900.0,16.19,29220.0,4,1709,0,0.2
TX007612,depot,20570.0,15.44,63450.0,1,1399,0,13.4
TX007613,transfert,8150.0,17.09,52560.0,2,1400,0,2.5
TX007614,retrait,17350.0,13.35,78330.0,2,982,0,10.6
TX007615,retrait,34770.0,5.39,143950.0,3,198,0,2.1
TX007616,retrait,34110.0,11.14,132470.0,4,1325,1,2.0
TX007617,depot,30370.0,18.92,246390.0,4,1392,0,1.9
TX007618,transfert,31350.0,13.27,98120.0,5,2448,0,2.0
TX007619,retrait,34150.0,20.14,667500.0,6,2196,0,0.2
TX007620,paiement_marchand,690.0,17.9,16670.0,5,1087,0,3.3
TX007621,retrait,12420.0,13.86,53920.0,4,2063,0,3.9
TX007622,transfert,16920.0,13.61,64410.0,7,2301,0,2.6
TX007623,transfert,12480.0,18.42,29120.0,6,814,0,0.1
TX007624,retrait,5030.0,14.55,37970.0,4,759,0,0.2
TX007625,transfert,18270.0,16.26,68240.0,4,2417,0,1.0
TX007626,paiement_marchand,8940.0,12.37,20580.0,3,2712,0,3.8
TX007627,transfert,8120.0,18.43,164530.0,3,1160,0,0.8
TX007628,paiement_marchand,14840.0,19.74,94090.0,6,2083,0,2.0
TX007629,transfert,11480.0,14.0,120910.0,2,1905,0,7.7
TX007630,retrait,6940.0,14.34,19490.0,2,896,0,1.5
TX007631,retrait,24000.0,18.89,95550.0,3,273,0,0.6
TX007632,depot,11030.0,18.63,549930.0,5,1585,0,0.2
TX007633,depot,5540.0,9.79,56330.0,3,457,0,5.4
TX007634,transfert,5610.0,14.82,51210.0,3,2826,0,2.2
TX007635,paiement_marchand,4760.0,10.58,152880.0,5,2330,0,1.1
TX007636,retrait,8900.0,16.03,63170.0,5,51,0,7.3
TX007637,paiement_marchand,19390.0,16.08,27550.0,3,2115,0,12.8
TX007638,depot,19620.0,15.91,48560.0,3,108,0,1.9
TX007639,depot,2960.0,15.68,86060.0,1,2989,0,0.5
TX007640,paiement_marchand,2420.0,13.53,450910.0,4,2394,0,3.4
TX007641,transfert,28050.0,20.7,73380.0,3,1602,0,4.1
TX007642,paiement_marchand,2900.0,15.17,52370.0,2,1399,0,3.1
TX007643,transfert,7840.0,13.65,50840.0,5,2660,0,10.5
TX007644,paiement_marchand,2830.0,10.7,29660.0,5,2303,0,1.2
TX007645,transfert,13070.0,10.71,42410.0,6,2353,0,7.2
TX007646,paiement_marchand,3790.0,12.12,34720.0,3,2998,0,0.8
TX007647,depot,24710.0,14.39,358510.0,4,160,0,4.4
TX007648,retrait,19610.0,10.39,102970.0,4,1757,0,1.3
TX007649,transfert,4650.0,11.72,66810.0,3,2607,0,2.1
TX007650,transfert,16970.0,14.89,136920.0,1,1698,0,18.1
TX007651,transfert,5180.0,14.28,906550.0,2,2325,0,0.4
TX007652,depot,55220.0,16.89,235780.0,5,2277,0,0.6
TX007653,retrait,5330.0,11.65,44170.0,7,1174,0,9.6
TX007654,depot,26690.0,14.45,205250.0,4,1142,0,4.0
TX007655,depot,15410.0,7.55,46200.0,3,1559,0,0.5
TX007656,transfert,15850.0,14.35,374540.0,7,2318,1,4.2
TX007657,paiement_marchand,8190.0,12.7,62970.0,4,153,0,1.7
TX007658,depot,10240.0,8.9,40100.0,4,2511,0,1.0
TX007659,transfert,10720.0,13.44,45970.0,5,2883,0,3.4
TX007660,transfert,26450.0,18.58,32560.0,56,4,1,1.3
TX007661,retrait,6140.0,18.76,58850.0,3,574,0,2.1
TX007662,paiement_marchand,3520.0,12.24,323990.0,3,289,0,4.7
TX007663,depot,3320.0,14.85,138530.0,4,1606,0,14.7
TX007664,transfert,7800.0,14.37,50120.0,1,566,0,8.2
TX007665,depot,21680.0,17.15,103900.0,2,2093,0,0.5
TX007666,retrait,5620.0,13.25,108810.0,4,646,0,1.0
TX007667,transfert,6550.0,21.07,66240.0,6,106,0,3.5
TX007668,retrait,10520.0,12.68,35970.0,4,672,0,1.2
TX007669,transfert,7160.0,12.87,18510.0,7,2129,0,0.0
TX007670,depot,18990.0,13.94,45410.0,4,2935,0,0.3
TX007671,transfert,5520.0,18.38,235810.0,5,963,0,6.0
TX007672,paiement_marchand,4830.0,15.48,201710.0,6,2292,0,5.3
TX007673,transfert,17100.0,15.55,63310.0,3,2448,0,7.1
TX007674,transfert,9930.0,10.13,112340.0,2,1054,0,1.1
TX007675,transfert,4940.0,16.44,54270.0,4,1649,0,5.1
TX007676,transfert,7510.0,8.19,83130.0,2,2933,0,2.8
TX007677,paiement_marchand,2180.0,18.97,176980.0,6,1109,0,3.3
TX007678,transfert,10990.0,9.61,126960.0,5,1285,0,3.3
TX007679,depot,14000.0,16.61,186250.0,4,1011,0,3.8
TX007680,depot,8080.0,13.32,100820.0,6,1413,0,11.3
TX007681,transfert,13920.0,15.51,226610.0,5,833,0,0.3
TX007682,transfert,13720.0,9.07,53220.0,4,2036,0,1.8
TX007683,depot,12410.0,21.54,456110.0,4,166,0,0.3
TX007684,transfert,16530.0,14.26,44010.0,7,1786,0,5.1
TX007685,transfert,2440.0,16.97,43120.0,4,1011,0,0.3
TX007686,retrait,6230.0,13.68,77470.0,6,1692,0,0.1
TX007687,retrait,9610.0,12.84,190260.0,4,1687,0,1.3
TX007688,depot,13570.0,15.07,60240.0,7,856,0,10.6
TX007689,retrait,26070.0,13.42,233400.0,3,863,0,0.6
TX007690,retrait,8330.0,15.3,57490.0,2,2041,0,0.8
TX007691,depot,4770.0,11.59,56920.0,4,2536,0,4.8
TX007692,paiement_marchand,1530.0,13.81,54300.0,4,99,0,1.2
TX007693,transfert,37130.0,19.3,188410.0,3,2687,0,2.2
TX007694,depot,6240.0,9.04,94850.0,6,1019,0,14.8
TX007695,retrait,4990.0,19.89,64070.0,3,2416,1,0.5
TX007696,depot,5380.0,11.77,26980.0,6,2483,0,9.7
TX007697,retrait,6690.0,11.67,71220.0,3,472,0,0.8
TX007698,retrait,2420.0,20.62,34460.0,7,1209,0,1.7
TX007699,transfert,4200.0,11.05,48070.0,3,706,0,2.6
TX007700,retrait,4360.0,15.54,159820.0,4,2665,0,4.8
TX007701,transfert,3860.0,11.39,244090.0,2,159,0,2.3
TX007702,paiement_marchand,2130.0,12.45,11350.0,5,1891,0,1.6
TX007703,depot,19780.0,11.18,53820.0,3,2570,0,2.0
TX007704,paiement_marchand,3380.0,19.55,33300.0,3,1144,0,4.3
TX007705,transfert,11000.0,13.89,151260.0,3,586,0,1.8
TX007706,depot,8540.0,15.78,110860.0,5,2867,0,15.0
TX007707,retrait,15960.0,18.76,116000.0,4,1849,0,11.0
TX007708,depot,50160.0,12.01,105770.0,3,1672,0,6.4
TX007709,transfert,20410.0,9.61,87280.0,4,1857,0,1.2
TX007710,paiement_marchand,4890.0,17.84,78740.0,3,2893,0,11.6
TX007711,retrait,3750.0,14.35,80380.0,5,1618,0,5.3
TX007712,retrait,3750.0,19.65,173490.0,5,1796,0,0.2
TX007713,depot,10030.0,13.83,45840.0,6,2936,1,0.0
TX007714,transfert,8080.0,12.06,135350.0,2,1874,0,0.3
TX007715,retrait,12430.0,15.39,35000.0,5,230,0,11.6
TX007716,retrait,10090.0,11.71,59340.0,4,1555,0,6.6
TX007717,depot,61290.0,11.02,99580.0,4,1209,0,3.7
TX007718,paiement_marchand,1460.0,11.66,17760.0,6,1343,0,4.8
TX007719,transfert,14000.0,11.77,65450.0,3,119,0,1.9
TX007720,transfert,20750.0,15.35,171470.0,7,843,0,0.7
TX007721,paiement_marchand,1130.0,17.31,56290.0,5,680,0,2.4
TX007722,depot,15400.0,9.02,29630.0,5,350,0,0.8
TX007723,transfert,17710.0,19.71,139790.0,2,2737,0,0.8
TX007724,depot,37640.0,12.84,67440.0,5,48,1,3.4
TX007725,paiement_marchand,1250.0,16.31,82970.0,4,51,0,0.6
TX007726,depot,14170.0,17.4,47610.0,4,325,0,1.1
TX007727,depot,22810.0,15.28,122100.0,7,2746,0,6.4
TX007728,depot,195180.0,18.24,376220.0,1,2185,0,7.1
TX007729,retrait,5230.0,4.83,41670.0,5,110,0,3.3
TX007730,depot,32500.0,9.0,58190.0,2,2051,0,11.5
TX007731,transfert,12240.0,13.92,44150.0,2,2238,0,6.2
TX007732,transfert,49710.0,13.33,106860.0,5,1313,0,8.5
TX007733,depot,11080.0,14.59,34120.0,5,406,0,4.8
TX007734,paiement_marchand,2430.0,16.43,15120.0,3,2495,0,0.3
TX007735,transfert,16430.0,18.15,63510.0,3,584,0,2.4
TX007736,depot,22600.0,15.34,144930.0,6,1858,0,3.9
TX007737,depot,37220.0,8.43,84890.0,5,2991,0,3.7
TX007738,transfert,26580.0,12.14,201150.0,1,486,0,18.1
TX007739,retrait,15390.0,17.05,113960.0,6,2158,0,4.4
TX007740,transfert,1450.0,18.96,212100.0,3,2331,0,4.4
TX007741,retrait,23520.0,13.83,138930.0,3,161,0,1.4
TX007742,paiement_marchand,9580.0,11.77,28990.0,6,588,0,0.6
TX007743,depot,2820.0,18.45,118690.0,3,1579,1,16.7
TX007744,depot,2430.0,17.97,81460.0,5,2801,0,7.6
TX007745,transfert,5430.0,12.47,11350.0,2,1007,0,12.5
TX007746,transfert,15900.0,18.76,60040.0,3,2159,0,3.4
TX007747,depot,15880.0,12.36,53820.0,1,2222,0,6.1
TX007748,retrait,13370.0,18.63,99480.0,3,314,0,0.6
TX007749,transfert,34550.0,11.26,59370.0,3,2006,0,7.9
TX007750,transfert,4980.0,14.26,111900.0,4,2807,0,11.7
TX007751,retrait,4840.0,10.41,10890.0,4,177,0,0.6
TX007752,transfert,11090.0,15.4,143640.0,2,2917,0,3.1
TX007753,depot,6770.0,14.34,24210.0,2,1102,0,0.4
TX007754,retrait,7120.0,17.23,65140.0,4,206,0,2.4
TX007755,retrait,3510.0,13.86,60070.0,6,2278,0,2.7
TX007756,transfert,5960.0,19.19,13330.0,4,228,0,1.1
TX007757,transfert,6830.0,15.59,72670.0,2,533,0,0.1
TX007758,depot,9550.0,11.96,31580.0,4,321,0,2.2
TX007759,retrait,17520.0,17.71,31270.0,6,2568,0,3.0
TX007760,retrait,41830.0,14.18,108170.0,7,1797,0,0.2
TX007761,paiement_marchand,3650.0,13.86,105350.0,3,2243,0,1.0
TX007762,retrait,61220.0,16.02,210170.0,6,117,0,12.1
TX007763,paiement_marchand,1760.0,13.59,102000.0,3,1102,0,0.5
TX007764,paiement_marchand,3440.0,20.87,46880.0,7,2026,0,0.0
TX007765,transfert,9410.0,14.05,36360.0,2,2492,0,1.1
TX007766,retrait,8840.0,22.02,124260.0,3,497,0,4.9
TX007767,retrait,7460.0,13.83,37360.0,6,2476,0,0.5
TX007768,retrait,26460.0,15.96,114530.0,4,1525,0,1.9
TX007769,paiement_marchand,660.0,14.39,20730.0,4,333,0,1.4
TX007770,retrait,1420.0,12.69,90410.0,2,318,0,4.9
TX007771,transfert,11160.0,15.38,41660.0,2,659,0,5.2
TX007772,transfert,4210.0,10.49,637360.0,4,1083,0,0.1
TX007773,depot,15370.0,11.48,66120.0,1,2420,0,6.3
TX007774,transfert,4550.0,10.25,42630.0,1,982,0,1.5
TX007775,retrait,93420.0,14.2,379080.0,4,2391,0,1.0
TX007776,transfert,6930.0,11.34,192320.0,4,2246,0,8.4
TX007777,depot,32060.0,5.65,83990.0,4,1935,0,7.6
TX007778,depot,62140.0,11.04,85570.0,2,1048,0,0.9
TX007779,retrait,4560.0,9.94,29880.0,4,2980,0,0.8
TX007780,depot,23830.0,9.88,53450.0,4,1684,0,0.6
TX007781,transfert,18960.0,13.89,292420.0,4,2888,0,3.3
TX007782,retrait,10670.0,19.18,61600.0,4,2416,0,16.7
TX007783,retrait,18460.0,15.15,136480.0,5,1567,0,0.8
TX007784,depot,11110.0,13.43,38450.0,5,969,0,1.2
TX007785,paiement_marchand,3090.0,12.0,94790.0,4,2365,0,9.8
TX007786,paiement_marchand,1840.0,9.93,128230.0,6,59,0,0.1
TX007787,transfert,5730.0,18.41,21730.0,5,1835,0,0.3
TX007788,depot,10810.0,14.48,16610.0,6,763,0,0.3
TX007789,depot,7460.0,14.84,76770.0,5,967,0,4.3
TX007790,transfert,3020.0,16.92,15950.0,6,1803,0,8.1
TX007791,paiement_marchand,3420.0,9.71,41860.0,4,1743,0,1.3
TX007792,paiement_marchand,750.0,17.83,370740.0,2,1329,0,1.2
TX007793,depot,24070.0,5.74,85820.0,4,1199,0,8.6
TX007794,transfert,10960.0,20.55,75750.0,2,2219,0,2.1
TX007795,paiement_marchand,9840.0,11.95,115600.0,2,2071,0,2.2
TX007796,transfert,10100.0,13.36,80240.0,4,2702,0,2.1
TX007797,paiement_marchand,3190.0,16.18,31100.0,2,237,0,6.7
TX007798,transfert,3530.0,16.99,59190.0,4,2661,0,3.1
TX007799,retrait,12800.0,16.62,320850.0,2,2346,0,3.5
TX007800,transfert,7260.0,11.93,312730.0,3,2701,0,5.3
TX007801,depot,24600.0,13.12,190870.0,3,1702,0,0.8
TX007802,depot,119440.0,16.91,136500.0,4,2993,0,3.3
TX007803,paiement_marchand,2490.0,12.72,95250.0,2,287,0,3.3
TX007804,transfert,4150.0,4.82,62830.0,2,922,0,1.0
TX007805,paiement_marchand,1010.0,13.76,108260.0,5,620,0,0.3
TX007806,depot,16700.0,10.15,51720.0,2,2019,0,2.4
TX007807,paiement_marchand,1170.0,18.07,547590.0,3,2032,0,7.4
TX007808,depot,36320.0,23.26,56810.0,2,507,0,5.4
TX007809,transfert,11080.0,19.01,24540.0,3,1454,0,1.0
TX007810,paiement_marchand,1690.0,7.01,153490.0,6,1352,0,11.8
TX007811,transfert,4560.0,15.33,40800.0,3,882,0,2.5
TX007812,retrait,26320.0,11.49,166510.0,3,146,0,1.2
TX007813,paiement_marchand,3860.0,16.82,101230.0,3,1227,0,7.8
TX007814,retrait,10860.0,13.48,89970.0,3,1396,0,0.9
TX007815,transfert,3400.0,10.01,27980.0,4,345,0,0.5
TX007816,paiement_marchand,3140.0,12.84,58400.0,3,863,1,15.1
TX007817,retrait,11330.0,10.24,77820.0,4,1372,0,0.4
TX007818,transfert,3830.0,18.94,21820.0,5,664,0,2.5
TX007819,transfert,12820.0,10.2,59450.0,4,417,0,6.1
TX007820,retrait,8590.0,14.3,41040.0,4,2036,0,3.8
TX007821,retrait,19180.0,11.37,241930.0,4,681,0,0.0
TX007822,paiement_marchand,12920.0,12.12,203590.0,3,1892,0,5.4
TX007823,retrait,24290.0,18.19,94860.0,9,741,0,5.0
TX007824,retrait,19220.0,16.79,46260.0,5,1324,0,8.2
TX007825,transfert,7120.0,10.17,47350.0,3,1189,0,0.6
TX007826,transfert,6220.0,21.71,13240.0,3,2510,0,7.3
TX007827,transfert,2940.0,14.74,26850.0,5,589,0,0.5
TX007828,depot,16560.0,6.39,28750.0,7,310,0,0.1
TX007829,depot,4840.0,4.55,94310.0,5,2530,0,11.7
TX007830,transfert,7760.0,11.48,313130.0,5,1277,0,3.5
TX007831,depot,8330.0,18.51,74400.0,4,1662,0,10.2
TX007832,transfert,5540.0,14.86,68400.0,2,1775,0,7.3
TX007833,transfert,5660.0,19.6,70620.0,4,2106,0,1.7
TX007834,retrait,6700.0,21.07,195570.0,7,773,0,1.7
TX007835,transfert,5180.0,10.82,61920.0,2,1869,0,3.4
TX007836,paiement_marchand,4410.0,20.81,40600.0,5,893,0,2.4
TX007837,depot,27150.0,17.35,58040.0,3,236,0,3.1
TX007838,retrait,5720.0,16.27,22090.0,5,2056,0,6.0
TX007839,retrait,6510.0,19.77,73260.0,5,573,0,2.8
TX007840,paiement_marchand,4910.0,15.12,13060.0,6,2154,0,0.5
TX007841,depot,48110.0,18.42,238680.0,3,1468,0,4.7
TX007842,transfert,5530.0,9.68,891100.0,5,2151,0,0.7
TX007843,transfert,39580.0,15.51,98690.0,4,2097,0,1.6
TX007844,paiement_marchand,3210.0,16.98,57520.0,6,2966,0,0.0
TX007845,paiement_marchand,2954830.0,14.54,3739670.0,7,70,0,6.4
TX007846,transfert,6080.0,10.21,54820.0,3,1444,0,10.8
TX007847,transfert,2790.0,15.19,26440.0,7,2474,0,3.7
TX007848,transfert,5630.0,18.52,116940.0,4,2759,0,3.5
TX007849,transfert,21350.0,17.47,61330.0,2,1737,0,0.5
TX007850,retrait,21620.0,12.63,87460.0,2,1670,0,6.5
TX007851,transfert,10710.0,6.13,81500.0,5,432,0,4.5
TX007852,depot,6590.0,4.68,222650.0,3,1792,0,3.2
TX007853,depot,10340.0,9.25,59330.0,11,1818,0,3.3
TX007854,retrait,14900.0,18.67,20310.0,3,1169,0,8.5
TX007855,transfert,5350.0,18.2,302330.0,2,1750,0,2.5
TX007856,paiement_marchand,1940.0,15.05,99460.0,3,2422,0,1.6
TX007857,depot,12510.0,14.99,60550.0,4,535,0,0.4
TX007858,depot,9230.0,12.81,48190.0,6,1306,0,1.0
TX007859,depot,5300.0,11.77,13260.0,2,1670,0,3.0
TX007860,retrait,6440.0,16.91,46870.0,8,700,0,2.5
TX007861,transfert,6420.0,13.06,53430.0,4,109,0,1.1
TX007862,depot,17230.0,16.16,70870.0,5,1122,0,0.4
TX007863,depot,22020.0,14.87,137950.0,5,2784,0,0.3
TX007864,retrait,13350.0,14.24,29160.0,5,2929,0,5.6
TX007865,paiement_marchand,2450.0,10.41,92060.0,6,1181,0,3.4
TX007866,paiement_marchand,8330.0,17.14,70560.0,3,2973,0,0.3
TX007867,retrait,11120.0,13.25,84180.0,4,1637,0,1.0
TX007868,paiement_marchand,2560.0,13.51,20820.0,1,2079,0,8.8
TX007869,depot,73040.0,21.03,152140.0,3,242,0,4.4
TX007870,paiement_marchand,2000.0,11.06,66470.0,5,1245,0,3.2
TX007871,retrait,12940.0,22.7,42180.0,4,1121,0,9.5
TX007872,transfert,9660.0,12.67,45830.0,6,1074,0,13.5
TX007873,transfert,20120.0,10.69,35350.0,3,2430,0,3.0
TX007874,depot,1890.0,17.95,59990.0,3,1411,0,3.6
TX007875,depot,93650.0,16.47,209250.0,6,854,0,7.4
TX007876,paiement_marchand,4170.0,20.71,59160.0,7,2928,0,1.4
TX007877,paiement_marchand,6450.0,11.16,224110.0,6,1614,0,7.2
TX007878,transfert,3240.0,9.68,65520.0,1,1599,0,0.6
TX007879,depot,7820.0,13.93,35650.0,4,2079,0,2.0
TX007880,depot,47730.0,6.89,105170.0,7,1562,0,1.9
TX007881,transfert,12470.0,18.42,37680.0,7,228,0,6.5
TX007882,depot,15380.0,10.65,64020.0,1,1265,0,7.4
TX007883,depot,8790.0,6.29,60340.0,5,2156,0,2.0
TX007884,depot,45120.0,13.31,125890.0,4,2813,0,6.4
TX007885,depot,7060.0,17.46,36500.0,4,1139,0,6.4
TX007886,depot,9400.0,20.24,38780.0,6,1954,0,3.3
TX007887,depot,80020.0,11.7,110980.0,2,651,0,14.5
TX007888,paiement_marchand,7830.0,11.16,50990.0,5,1825,0,2.3
TX007889,paiement_marchand,3870.0,15.44,31670.0,3,2834,0,3.3
TX007890,paiement_marchand,2230.0,7.48,15190.0,4,2809,0,6.0
TX007891,depot,7120.0,11.75,111130.0,6,2303,0,3.3
TX007892,paiement_marchand,1370.0,13.98,103680.0,6,286,0,0.0
TX007893,retrait,69560.0,16.15,105300.0,5,1574,0,1.6
TX007894,paiement_marchand,5020.0,13.69,39240.0,7,2878,0,1.3
TX007895,depot,12990.0,14.65,192330.0,3,1899,0,3.8
TX007896,paiement_marchand,5800.0,23.99,276370.0,4,1064,0,2.6
TX007897,paiement_marchand,2500.0,13.62,25890.0,4,2360,0,2.1
TX007898,transfert,10370.0,13.43,32840.0,5,548,0,0.2
TX007899,paiement_marchand,2020.0,7.54,37370.0,2,2633,0,2.1
TX007900,retrait,12270.0,7.74,49560.0,2,2896,0,0.3
TX007901,transfert,20190.0,12.46,23520.0,33,5,1,14.7
TX007902,transfert,17460.0,13.14,34480.0,2,2020,1,6.5
TX007903,depot,15270.0,9.41,1536410.0,6,1175,0,17.6
TX007904,paiement_marchand,4700.0,10.19,94780.0,3,858,0,13.4
TX007905,retrait,8860.0,15.35,186730.0,2,554,0,3.3
TX007906,paiement_marchand,5830.0,15.72,50830.0,7,98,0,5.1
TX007907,depot,12530.0,17.51,305030.0,4,1515,0,2.4
TX007908,depot,23080.0,10.79,177950.0,5,765,0,1.5
TX007909,retrait,4820.0,10.79,15240.0,2,430,1,3.0
TX007910,transfert,12340.0,14.21,216100.0,3,1394,0,1.9
TX007911,paiement_marchand,7390.0,8.97,38790.0,5,672,0,7.7
TX007912,retrait,9210.0,13.45,39950.0,3,1977,0,6.0
TX007913,paiement_marchand,2720.0,12.12,47200.0,5,1478,0,0.2
TX007914,retrait,2390.0,17.95,107560.0,2,1113,0,0.0
TX007915,paiement_marchand,3920.0,15.73,69270.0,4,534,0,9.9
TX007916,transfert,25430.0,16.15,84580.0,4,2346,0,1.0
TX007917,depot,6980.0,11.22,89910.0,6,2014,0,14.0
TX007918,transfert,8270.0,19.07,42920.0,3,2396,0,0.5
TX007919,retrait,20430.0,9.88,72210.0,6,890,0,0.4
TX007920,retrait,18510.0,13.12,181290.0,4,516,0,1.4
TX007921,paiement_marchand,1040.0,12.25,8530.0,2,2242,0,5.8
TX007922,transfert,4350.0,18.09,74090.0,5,2128,0,2.4
TX007923,depot,19180.0,10.68,52100.0,4,949,0,6.3
TX007924,retrait,9770.0,17.36,1118690.0,4,1098,0,6.2
TX007925,paiement_marchand,2320.0,9.61,97430.0,1,1459,0,18.3
TX007926,transfert,6850.0,14.57,47540.0,6,816,0,7.7
TX007927,transfert,11600.0,21.92,47010.0,3,2251,0,3.0
TX007928,depot,12530.0,12.57,200980.0,6,123,0,3.6
TX007929,transfert,8480.0,19.99,274060.0,5,2348,0,20.1
TX007930,paiement_marchand,500.0,19.2,51320.0,2,778,0,1.0
TX007931,transfert,2630.0,11.69,23160.0,3,1748,0,5.0
TX007932,paiement_marchand,2760.0,22.69,140710.0,5,2261,0,1.6
TX007933,depot,5570.0,17.51,82520.0,7,2331,0,2.6
TX007934,transfert,3340.0,15.97,86200.0,2,1026,0,3.3
TX007935,transfert,3400.0,16.91,69450.0,4,2470,0,0.3
TX007936,retrait,9750.0,10.58,1040540.0,4,2259,0,0.2
TX007937,paiement_marchand,3250.0,11.32,86920.0,3,552,0,4.7
TX007938,retrait,15320.0,9.02,80640.0,4,1005,0,3.6
TX007939,paiement_marchand,1020.0,8.14,27570.0,2,2701,0,0.8
TX007940,transfert,10090.0,11.91,84160.0,8,1648,0,6.7
TX007941,retrait,29130.0,13.18,42810.0,3,2001,0,10.4
TX007942,paiement_marchand,590.0,14.15,36730.0,4,2619,0,2.0
TX007943,paiement_marchand,3340.0,15.86,136540.0,5,1630,0,0.2
TX007944,depot,19890.0,16.1,36760.0,2,2661,0,2.8
TX007945,paiement_marchand,510.0,11.93,250430.0,4,2065,0,24.4
TX007946,transfert,3420.0,12.78,183110.0,2,869,0,16.7
TX007947,paiement_marchand,6860.0,9.58,33100.0,4,2196,0,7.6
TX007948,paiement_marchand,6330.0,9.89,129210.0,3,2795,0,2.7
TX007949,paiement_marchand,3480.0,20.92,78790.0,3,311,0,11.6
TX007950,transfert,17710.0,11.74,53140.0,5,827,0,0.9
TX007951,transfert,16080.0,19.17,18560.0,57,4,0,14.1
TX007952,depot,8820.0,15.25,71060.0,6,472,0,6.3
TX007953,retrait,3800.0,16.02,246140.0,2,837,0,1.6
TX007954,transfert,6290.0,14.05,14900.0,5,2704,0,9.4
TX007955,transfert,20530.0,17.35,41410.0,3,2348,0,5.6
TX007956,paiement_marchand,9630.0,14.02,40130.0,2,952,0,3.6
TX007957,depot,5800.0,10.6,45940.0,4,97,0,3.9
TX007958,paiement_marchand,2820.0,13.64,64830.0,4,2879,0,0.1
TX007959,depot,14370.0,9.75,79400.0,5,546,0,2.9
TX007960,paiement_marchand,5010.0,16.73,10960.0,4,2125,0,3.6
TX007961,depot,47740.0,12.25,145330.0,2,2544,0,5.9
TX007962,paiement_marchand,4220.0,8.29,67170.0,3,1266,0,1.4
TX007963,transfert,3370.0,17.63,19020.0,9,1572,0,0.3
TX007964,paiement_marchand,3570.0,13.81,49350.0,3,335,0,10.4
TX007965,depot,16900.0,11.51,75040.0,4,2171,0,0.2
TX007966,depot,11680.0,14.76,155090.0,3,2648,1,0.8
TX007967,transfert,15860.0,14.06,99460.0,3,300,0,2.6
TX007968,paiement_marchand,3750.0,13.04,108420.0,4,991,0,0.7
TX007969,paiement_marchand,7470.0,8.28,59410.0,3,1343,0,1.9
TX007970,paiement_marchand,6920.0,5.18,95500.0,3,1469,0,0.1
TX007971,retrait,16770.0,14.18,23800.0,4,845,0,1.8
TX007972,retrait,58690.0,15.03,368850.0,6,2718,0,2.7
TX007973,retrait,6260.0,16.75,83730.0,3,727,0,5.1
TX007974,paiement_marchand,4370.0,15.31,21570.0,5,1011,0,4.3
TX007975,transfert,7690.0,6.08,200810.0,6,1363,0,0.8
TX007976,retrait,4120.0,14.53,27010.0,6,260,0,0.5
TX007977,depot,10460.0,16.12,26120.0,4,2652,0,4.9
TX007978,transfert,1450.0,13.15,26790.0,3,938,0,0.5
TX007979,paiement_marchand,7560.0,6.44,66310.0,4,504,0,2.7
TX007980,paiement_marchand,3550.0,12.29,13740.0,3,507,0,0.2
TX007981,paiement_marchand,5440.0,16.37,48520.0,2,1738,0,5.4
TX007982,transfert,1580.0,13.09,142610.0,6,2937,0,1.7
TX007983,depot,26350.0,20.87,48480.0,3,2694,0,4.5
TX007984,retrait,30510.0,8.7,53880.0,4,840,0,0.5
TX007985,retrait,3430.0,11.35,14520.0,2,100,0,1.6
TX007986,paiement_marchand,9540.0,14.66,117860.0,2,1592,0,3.6
TX007987,transfert,1820.0,16.07,13300.0,6,1235,0,4.8
TX007988,transfert,4400.0,13.13,14760.0,7,1646,0,8.1
TX007989,depot,8300.0,15.6,32880.0,5,2048,0,1.6
TX007990,retrait,37810.0,12.67,59990.0,4,78,0,11.3
TX007991,transfert,5430.0,18.58,15530.0,4,1087,0,1.8
TX007992,retrait,16180.0,12.95,19250.0,3,1823,0,0.2
TX007993,retrait,7820.0,12.11,32860.0,5,1837,0,5.2
TX007994,depot,10940.0,6.93,100930.0,5,1234,0,12.4
TX007995,paiement_marchand,3410.0,7.66,33680.0,4,2242,1,5.1
TX007996,retrait,5780.0,12.62,29720.0,3,2389,0,3.4
TX007997,paiement_marchand,7590.0,15.67,136830.0,3,2888,0,0.2
TX007998,retrait,29550.0,20.92,94830.0,3,2843,0,7.5
TX007999,depot,41940.0,14.74,83960.0,4,1160,0,2.3
TX008000,transfert,25440.0,15.57,163470.0,3,185,0,1.1
TX008001,depot,28960.0,14.18,90510.0,1,291,0,3.0
TX008002,depot,65760.0,13.94,92400.0,5,677,0,1.7
TX008003,paiement_marchand,5360.0,14.89,62040.0,1,579,0,0.5
TX008004,depot,17630.0,12.06,54350.0,3,1282,0,2.7
TX008005,transfert,5380.0,7.68,147340.0,8,1101,0,5.4
TX008006,retrait,5520.0,17.79,27970.0,3,1511,0,6.2
TX008007,retrait,9660.0,5.19,299770.0,4,2353,0,8.3
TX008008,transfert,21720.0,17.65,45780.0,4,1454,0,13.6
TX008009,depot,3780.0,12.0,66520.0,2,2494,0,1.5
TX008010,retrait,7580.0,13.72,130580.0,3,2743,0,19.9
TX008011,retrait,32410.0,10.63,401890.0,6,1253,0,2.8
TX008012,depot,8320.0,14.51,279810.0,5,2110,0,1.0
TX008013,transfert,3410.0,20.53,61380.0,6,695,0,0.8
TX008014,retrait,11920.0,7.59,233010.0,4,1122,0,10.3
TX008015,paiement_marchand,3510.0,18.61,12760.0,2,1797,0,0.0
TX008016,retrait,10780.0,20.25,23250.0,5,453,0,3.0
TX008017,paiement_marchand,2980.0,11.29,123990.0,3,920,0,0.8
TX008018,retrait,5200.0,9.48,192280.0,4,2793,0,1.0
TX008019,retrait,11150.0,15.67,164260.0,1,1815,0,1.1
TX008020,transfert,6120.0,15.51,20430.0,3,814,0,1.9
TX008021,transfert,21140.0,14.56,99660.0,1,2275,0,0.2
TX008022,transfert,11390.0,21.46,39840.0,6,2926,0,1.9
TX008023,depot,18340.0,10.11,256110.0,3,2273,0,4.8
TX008024,retrait,8590.0,16.96,52960.0,2,1596,0,0.8
TX008025,retrait,30610.0,13.24,52890.0,4,1575,0,2.9
TX008026,depot,13080.0,10.71,143650.0,5,2265,0,3.1
TX008027,depot,11890.0,12.53,129000.0,4,328,0,4.5
TX008028,paiement_marchand,8360.0,11.24,69900.0,6,1995,0,1.0
TX008029,transfert,7120.0,18.76,314460.0,4,520,0,1.7
TX008030,retrait,4890.0,12.78,135900.0,6,1106,0,5.7
TX008031,depot,32790.0,15.51,268490.0,2,1152,0,0.3
TX008032,paiement_marchand,1423550.0,12.17,1640380.0,10,174,0,11.3
TX008033,depot,8250.0,15.05,52180.0,2,593,0,0.3
TX008034,transfert,15150.0,16.58,32290.0,5,582,0,1.7
TX008035,retrait,34840.0,16.9,63800.0,3,1240,0,0.5
TX008036,depot,28070.0,17.27,31630.0,5,1178,0,2.2
TX008037,retrait,9160.0,20.43,54970.0,6,2688,0,3.1
TX008038,depot,26740.0,12.99,56740.0,7,1943,0,1.3
TX008039,retrait,5100.0,10.41,103130.0,3,257,0,9.7
TX008040,depot,11700.0,13.94,56190.0,4,2275,0,0.3
TX008041,depot,67980.0,14.69,78940.0,7,1676,0,3.8
TX008042,retrait,8770.0,13.39,129420.0,7,2951,0,3.7
TX008043,retrait,8970.0,11.44,29660.0,4,403,0,7.7
TX008044,transfert,14200.0,13.5,103030.0,7,1232,0,3.0
TX008045,retrait,6940.0,8.85,25410.0,3,927,0,0.4
TX008046,paiement_marchand,6190.0,10.96,266310.0,3,2148,0,5.5
TX008047,depot,3280.0,12.25,38410.0,3,2296,0,6.8
TX008048,depot,9070.0,15.87,250810.0,3,1015,0,4.7
TX008049,retrait,39530.0,17.18,136370.0,4,1630,0,3.3
TX008050,retrait,2550.0,9.61,28280.0,5,836,0,0.6
TX008051,transfert,8480.0,11.74,71870.0,4,1511,0,1.5
TX008052,depot,6630.0,6.11,333530.0,5,2204,0,3.8
TX008053,depot,4370.0,13.2,14870.0,7,636,0,1.0
TX008054,retrait,10880.0,17.75,104190.0,7,2602,0,0.5
TX008055,paiement_marchand,2250.0,18.18,39720.0,3,1842,0,0.6
TX008056,depot,4740.0,6.28,28110.0,5,970,0,10.1
TX008057,depot,12050.0,16.78,106270.0,5,1970,0,0.3
TX008058,depot,9900.0,11.05,127950.0,5,520,0,5.6
TX008059,retrait,2970.0,20.22,18030.0,5,2652,0,0.6
TX008060,paiement_marchand,9950.0,11.38,51010.0,5,1377,0,5.1
TX008061,transfert,15260.0,11.49,108680.0,2,414,0,8.7
TX008062,transfert,6250.0,11.29,89020.0,4,2681,0,2.7
TX008063,transfert,9380.0,12.31,102020.0,4,1910,0,0.4
TX008064,retrait,13430.0,15.99,42200.0,3,1075,0,1.6
TX008065,retrait,17770.0,11.16,151700.0,3,1021,0,7.1
TX008066,retrait,16530.0,12.77,37100.0,3,2142,0,1.8
TX008067,transfert,8670.0,13.52,23100.0,3,942,0,3.8
TX008068,transfert,16110.0,18.57,106750.0,7,2680,0,0.0
TX008069,retrait,24440.0,19.13,167040.0,1,1980,0,0.6
TX008070,transfert,6270.0,14.43,56690.0,5,524,0,10.5
TX008071,retrait,3680.0,21.86,55530.0,6,1262,0,4.9
TX008072,transfert,11380.0,19.0,406870.0,2,2148,0,1.6
TX008073,transfert,17220.0,15.27,157900.0,3,275,0,0.2
TX008074,transfert,340180.0,1.94,362160.0,4,2234,1,204.3
TX008075,paiement_marchand,4450.0,14.52,308060.0,3,2383,0,4.5
TX008076,depot,14660.0,19.78,42200.0,2,1585,0,16.1
TX008077,retrait,11170.0,7.05,43810.0,5,171,0,0.0
TX008078,retrait,347820.0,2.43,371510.0,3,767,1,85.5
TX008079,retrait,6840.0,12.03,18720.0,6,829,0,2.6
TX008080,depot,4460.0,13.16,24780.0,3,472,0,3.4
TX008081,retrait,20220.0,17.44,48060.0,5,1430,0,1.1
TX008082,paiement_marchand,3690.0,15.81,150560.0,7,1240,0,2.5
TX008083,retrait,8490.0,7.22,33180.0,7,2556,0,14.1
TX008084,transfert,3010.0,16.96,18670.0,3,2021,0,3.1
TX008085,transfert,4780.0,17.35,305180.0,4,380,0,3.9
TX008086,retrait,15260.0,6.79,37360.0,6,1153,0,9.7
TX008087,depot,9470.0,9.23,52200.0,2,675,0,0.7
TX008088,retrait,10450.0,12.98,225670.0,5,1565,0,5.6
TX008089,retrait,11460.0,10.2,62330.0,4,747,0,9.0
TX008090,paiement_marchand,8130.0,10.34,23960.0,5,1497,0,2.3
TX008091,transfert,3510.0,15.69,47240.0,6,616,0,3.4
TX008092,retrait,17980.0,15.32,42800.0,3,1112,0,3.1
TX008093,depot,12000.0,8.55,272510.0,3,1906,0,1.9
TX008094,depot,12020.0,14.68,33800.0,3,1618,0,6.5
TX008095,transfert,7660.0,12.66,50930.0,7,2513,0,3.2
TX008096,transfert,3790.0,10.7,76710.0,4,1662,0,4.2
TX008097,paiement_marchand,2860.0,18.32,51140.0,2,947,0,0.4
TX008098,paiement_marchand,4350.0,8.72,68340.0,5,1111,0,0.3
TX008099,depot,11320.0,21.41,91280.0,2,994,0,8.0
TX008100,paiement_marchand,2130.0,11.41,90500.0,3,2319,0,0.4
TX008101,paiement_marchand,2140.0,10.57,21420.0,5,2937,0,6.8
TX008102,transfert,4450.0,17.99,23730.0,6,1547,0,3.7
TX008103,depot,14510.0,7.28,88880.0,3,907,0,1.3
TX008104,paiement_marchand,8450.0,19.85,70550.0,2,43,0,1.2
TX008105,transfert,7200.0,12.56,37110.0,6,431,0,6.2
TX008106,paiement_marchand,2590.0,14.82,42150.0,3,1304,0,0.4
TX008107,transfert,5310.0,11.84,26980.0,4,2502,0,4.5
TX008108,paiement_marchand,8930.0,12.85,73210.0,1,734,0,3.6
TX008109,paiement_marchand,1230.0,14.2,87460.0,3,499,0,2.2
TX008110,retrait,28300.0,11.57,85770.0,3,974,0,0.9
TX008111,transfert,6290.0,13.77,35090.0,3,934,0,5.6
TX008112,transfert,13520.0,11.18,57450.0,6,2094,0,1.7
TX008113,paiement_marchand,9610.0,14.89,53460.0,4,1223,0,9.4
TX008114,transfert,8080.0,13.14,106370.0,5,2384,1,4.5
TX008115,retrait,13970.0,15.92,19690.0,4,2847,0,6.5
TX008116,transfert,38340.0,17.58,136270.0,4,1040,0,0.2
TX008117,transfert,2560.0,20.38,229030.0,3,866,0,0.8
TX008118,paiement_marchand,2260.0,14.59,63680.0,5,2725,0,0.7
TX008119,retrait,9790.0,17.76,22980.0,2,1894,1,1.8
TX008120,retrait,8350.0,12.9,78690.0,1,2949,0,1.1
TX008121,depot,6240.0,16.21,131620.0,5,114,0,21.0
TX008122,retrait,4100.0,16.13,80870.0,2,312,0,10.9
TX008123,paiement_marchand,3510.0,12.86,112920.0,6,1207,0,1.6
TX008124,transfert,13070.0,19.48,31660.0,3,1792,0,0.6
TX008125,paiement_marchand,3380.0,14.48,18370.0,8,1339,0,12.0
TX008126,transfert,50070.0,13.14,101320.0,5,897,0,1.2
TX008127,retrait,2470.0,11.28,702060.0,7,2906,1,6.8
TX008128,transfert,17220.0,16.67,65300.0,4,1260,0,3.9
TX008129,depot,23180.0,12.39,44010.0,5,568,0,6.8
